# Generated from STL by MakeMe
# Object: OpenSCAD_Model

v -30.000000 -15.965500 17.213800
v -30.000000 -17.176800 17.366900
v -29.788300 -15.840300 17.197200
v -30.855200 -33.592800 -39.230200
v -31.914000 -35.150800 -38.322300
v -31.707000 -33.512300 -39.230200
v -29.822700 -17.182300 17.366900
v -29.736400 -15.809600 17.193100
v 5.568810 20.350400 6.705870
v 1.717830 14.799400 8.062210
v 1.772600 14.795300 8.045350
v -21.696300 -18.951000 16.308800
v -10.852300 -3.678750 12.500000
v -10.882100 -3.362910 12.500000
v -21.646800 -19.474500 16.308800
v -4.982010 -35.876900 -7.806970
v -6.314000 -37.208900 -5.955700
v -6.028300 -37.416500 -7.806970
v -8.863440 33.966500 -1.258330
v -10.118600 33.927100 -2.319170
v -9.722910 33.382400 -1.258330
v 1.488360 27.802300 5.855090
v 1.269460 26.654800 6.317610
v 1.684810 26.561900 6.317610
v -55.217400 -36.003500 -15.323200
v -56.172500 -34.388500 -15.323200
v -55.018000 -35.876900 -17.193000
v -12.791100 -43.686000 -5.955700
v -14.312300 -44.719800 -5.955700
v -14.123100 -45.018000 -7.806970
v 19.636100 16.254200 -11.871800
v 19.832500 17.494600 -13.128200
v 19.832500 17.494600 -11.871800
v 19.636100 16.254200 -13.128200
v -38.353200 -20.525500 -41.308800
v -40.162100 -20.000000 -40.726400
v -38.369700 -20.000000 -41.308800
v -15.080200 7.893760 11.256100
v -0.350360 25.568800 6.705870
v -0.699337 25.535800 6.705870
v -15.102200 7.661580 11.320400
v -46.860700 -19.941500 12.312400
v -46.862500 -20.000000 12.312400
v -46.768500 -19.944400 12.370900
v -58.170700 -21.772400 -2.337860
v -58.752000 -21.808900 -4.130270
v -58.003800 -23.537700 -2.337860
v -3.342500 28.442200 -30.320100
v -3.747810 29.465900 -29.714800
v -2.805810 28.635400 -30.320100
v -24.265200 -23.152700 -41.777500
v -26.037500 -22.514700 -42.130600
v -25.887500 -22.260900 -42.130600
v -45.241100 -20.958900 -38.322300
v -46.862500 -20.000000 -37.312400
v -45.271200 -20.000000 -38.322300
v -28.321600 -46.677400 -26.119700
v -28.378600 -45.771300 -27.771200
v -26.649800 -46.519400 -26.119700
v 19.598000 17.524200 -9.371310
v 19.558600 16.269000 -10.617800
v 19.754200 17.504500 -10.617800
v -49.719800 -30.841100 7.339360
v -51.448600 -30.092900 5.887210
v -50.772500 -31.419800 5.887210
v -55.771300 -21.621400 2.771240
v -56.730200 -20.000000 1.119710
v -56.677400 -21.678400 1.119710
v 0.000000 26.774800 6.317610
v 0.000000 25.579800 6.705870
v 0.350360 25.568800 6.705870
v -31.932600 -22.058100 17.366900
v -32.991500 -23.616000 17.130600
v -31.799600 -22.175400 17.366900
v 19.754200 17.504500 -14.382200
v 19.871900 18.749800 -14.382200
v 11.472600 35.790700 -16.862900
v 10.291000 36.216100 -18.079800
v 10.458400 36.479900 -16.862900
v -58.405100 -29.229400 -9.676750
v -58.517600 -29.265900 -11.557700
v -57.879500 -31.038300 -11.557700
v -28.139500 -49.572200 -7.806970
v -30.000000 -49.866900 -9.676750
v -28.124600 -49.807900 -9.676750
v -58.170700 -21.772400 -22.662100
v -58.226400 -20.000000 -22.662100
v -57.532600 -20.000000 -24.414400
v 10.888500 17.204300 -29.041600
v 9.860980 17.468100 -29.714800
v 10.000500 18.092300 -29.714800
v 14.142800 31.700000 -4.557040
v 13.730600 31.359000 -3.420190
v 14.849600 30.788900 -4.557040
v 14.142100 20.000000 -26.642100
v 13.226200 20.000000 -27.502200
v 14.114200 20.888000 -26.642100
v -31.772400 -48.170700 -22.662100
v -33.537700 -48.003800 -22.662100
v -33.450800 -47.315500 -24.414400
v -51.401900 -26.953900 -32.339400
v -52.959900 -25.895100 -30.887200
v -51.796300 -25.596400 -32.339400
v -7.371780 -32.440000 -27.771200
v -9.050180 -33.295200 -29.362500
v -8.256710 -31.953500 -29.362500
v 13.149000 14.793900 -26.642100
v -10.276500 -27.809100 -33.713200
v 12.297400 15.131100 -27.502200
v -21.552800 -37.951200 10.003300
v -23.231200 -37.096000 11.204600
v -22.696600 -38.446200 10.003300
v -30.783000 -16.409300 17.259000
v -30.529000 -17.226800 17.366900
v -30.693700 -16.363700 17.255900
v -30.702100 -17.265400 17.366900
v -10.584600 36.678700 -15.628700
v -10.669000 36.811600 -14.382200
v -9.592310 37.448400 -14.382200
v -54.853100 -29.840000 -26.119700
v -55.421900 -28.260100 -26.119700
v -54.008900 -29.505800 -27.771200
v -55.421900 -28.260100 1.119710
v -55.599200 -30.135400 -0.585563
v -54.853100 -29.840000 1.119710
v -35.008700 -46.256700 1.119710
v -36.847100 -46.667600 -0.585563
v -35.159100 -47.045000 -0.585563
v -47.910900 -31.366600 -33.713200
v -48.589300 -30.219500 -33.713200
v -46.750900 -30.630500 -35.003300
v 2.961210 35.523200 -0.241858
v 2.811140 34.736500 0.726237
v 3.930070 35.306600 -0.241858
v 0.273946 24.354300 7.018330
v -25.753600 -18.001800 17.130600
v -27.375000 -18.960700 17.366900
v -25.636500 -18.272400 17.130600
v 19.403900 23.701500 -9.371310
v 19.172600 23.657400 -8.137130
v 19.598000 22.475800 -9.371310
v 16.124100 27.587400 -21.579800
v 15.085500 28.293300 -22.680800
v 15.615900 28.584900 -21.579800
v 3.930070 35.306600 -24.758100
v 2.961210 35.523200 -24.758100
v 4.113730 36.021900 -23.741700
v 0.000000 27.943000 5.855090
v -0.498742 27.927300 5.855090
v -57.024300 -32.716700 -15.323200
v -57.879500 -31.038300 -13.442300
v -57.769500 -30.994700 -15.323200
v -50.175000 -26.555200 -33.713200
v -50.546800 -25.275500 -33.713200
v -6.152910 38.936700 -14.382200
v -7.329820 38.513000 -14.382200
v -6.177290 39.011700 -13.128200
v 4.808740 -10.873700 -23.315600
v 16.124100 12.412600 -21.579800
v 4.989240 -10.755800 -23.067800
v 4.533370 -11.053700 -23.693600
v 4.272640 -11.246100 -24.032400
v -5.813800 -31.381200 -26.119700
v -5.213190 -30.832000 -25.431300
v -5.222930 -31.227700 -25.106600
v -5.185770 -30.171500 -25.951500
v -5.181800 -30.119500 -25.988900
v -5.203580 -30.441500 -25.751700
v -5.221120 -31.319500 -25.023400
v -5.217750 -31.491000 -24.867900
v -5.211950 -31.664400 -24.706200
v -35.294400 -16.153400 -41.777500
v -36.449000 -14.664900 -41.308800
v -35.042500 -15.828500 -41.777500
v -28.587000 -42.458900 -32.339400
v -30.000000 -41.213200 -33.713200
v -28.668000 -41.171300 -33.713200
v -7.959970 -28.726300 5.887210
v -0.587164 -15.097300 3.714800
v -0.752712 -15.074600 3.937220
v 0.053566 -15.144400 2.875460
v -6.930000 -29.134100 4.362500
v 12.335700 9.621820 0.345891
v 14.693400 14.182500 -0.241858
v 12.303900 9.656430 0.404642
v 12.385800 9.559930 0.249499
v -4.343930 -34.104500 -5.955700
v -4.200970 -34.203200 -6.864380
v -4.196800 -34.185400 -6.835830
v -4.266790 -34.555900 -7.508850
v -4.285300 -34.655100 -7.690140
v -4.292440 -34.710900 -7.806970
v -23.231200 -37.096000 -36.204700
v -24.789200 -36.037200 -37.312400
v -23.792500 -35.678400 -37.312400
v -19.005400 -43.364700 -27.771200
v -20.494200 -44.008900 -27.771200
v -19.435400 -42.450900 -29.362500
v -39.032100 -39.194300 8.713200
v -40.841100 -39.719800 7.339360
v -39.581500 -40.361600 7.339360
v -35.289100 -47.726500 -2.337860
v -35.398200 -48.298500 -4.130270
v -33.537700 -48.003800 -2.337860
v -15.895500 -45.656100 -5.955700
v -15.725300 -45.965500 -7.806970
v -35.525500 -23.506600 16.777500
v -37.066800 -24.484700 16.308800
v -36.771300 -24.919600 16.308800
v -53.517700 -22.971000 5.887210
v -54.616800 -23.109800 4.362500
v -54.372900 -24.649400 4.362500
v -38.681500 -30.494200 14.230200
v -39.734300 -31.766700 13.322300
v -38.976200 -32.354700 13.322300
v -10.276500 -27.809100 8.713200
v -10.805700 -29.032100 8.713200
v -9.076930 -28.284000 7.339360
v -55.245400 -33.878700 -4.130270
v -55.656100 -34.104500 -5.955700
v -54.719800 -35.687700 -5.955700
v -45.000000 -20.000000 13.471400
v -45.241100 -20.958900 13.322300
v -43.619700 -20.000000 14.230200
v -45.271200 -20.000000 13.322300
v -48.363400 -42.197600 -20.869700
v -49.721000 -41.000700 -20.869700
v -47.992200 -41.748800 -22.662100
v -11.472600 35.790700 -16.862900
v -11.611000 35.981100 -15.628700
v -58.808800 -20.000000 -4.130270
v -59.219700 -21.838300 -5.955700
v -46.332700 -24.193500 12.312400
v -47.809500 -24.572700 11.204600
v -46.037200 -25.210800 12.312400
v -53.070000 -29.134100 -29.362500
v -53.598000 -27.667500 -29.362500
v -52.040000 -28.726300 -30.887200
v -54.258500 -37.624900 -13.442300
v -55.317300 -36.066900 -11.557700
v -55.317300 -36.066900 -13.442300
v -54.258500 -37.624900 -11.557700
v -27.029000 -43.517700 -30.887200
v -27.179600 -42.325900 -32.339400
v -25.558200 -43.284800 -30.887200
v -15.333500 5.628160 11.853600
v 0.000000 24.362900 7.018330
v -15.451200 4.884790 12.044700
v -27.008500 -16.384000 17.130600
v -28.067400 -17.941900 17.366900
v -26.787400 -16.578900 17.130600
v -7.205150 29.917000 3.303100
v -16.683900 19.869400 5.637520
v -6.568240 30.349900 3.303100
v -16.726600 19.987900 5.542040
v -36.384100 -30.059700 15.032600
v -37.297800 -31.499500 14.230200
v -36.561300 -31.935000 14.230200
v -5.675920 -35.436500 -4.130270
v -5.280190 -35.687700 -5.955700
v -23.776000 -17.977700 16.777500
v -25.536700 -18.549800 17.130600
v -25.454400 -18.832900 17.130600
v 12.881500 33.717500 -19.274800
v 11.994800 34.499200 -19.274800
v 12.242300 34.798400 -18.079800
v -59.219700 -18.161600 -5.955700
v -59.277500 -20.000000 -5.955700
v -10.788900 34.849600 -4.557040
v -11.359000 33.730600 -3.420190
v -10.474400 34.416800 -3.420190
v -16.261400 18.558400 6.606610
v -5.455160 28.596000 4.714840
v -6.023590 29.491700 4.041610
v -16.033200 17.772800 7.108130
v 1.975330 27.693400 5.855090
v 2.454510 27.554200 5.855090
v 17.873700 28.410700 -15.628700
v 17.310400 29.516400 -15.628700
v 17.448400 29.592300 -14.382200
v -59.061600 -16.488400 -5.955700
v -58.686200 -16.679700 -4.429370
v -56.844900 -28.722400 -2.337860
v -57.398800 -28.902400 -4.130270
v -56.785800 -30.605200 -4.130270
v -55.771300 -18.378600 2.771240
v -55.822300 -20.000000 2.771240
v -54.812400 -20.000000 4.362500
v -31.512800 -22.383700 -42.366900
v -31.659500 -22.284100 -42.366900
v -30.553900 -20.762400 -42.485200
v -41.914400 -20.000000 -40.032600
v -43.592800 -19.144800 -39.230200
v -41.890900 -19.251900 -40.032600
v -58.752000 -21.808900 -20.869700
v -58.808800 -20.000000 -20.869700
v -30.176600 -19.074400 -42.485200
v -30.702100 -17.265400 -42.366900
v -30.529000 -17.226800 -42.366900
v 0.000000 39.753800 -9.371310
v -1.240350 39.714800 -9.371310
v -1.225570 39.479800 -8.137130
v -10.514500 -38.298100 -26.119700
v -11.152600 -40.070400 -24.414400
v -11.701900 -39.485500 -26.119700
v -9.929570 -38.847400 -24.414400
v -34.246400 -18.001800 -42.130600
v -36.084700 -17.590900 -41.777500
v -35.921500 -17.213600 -41.777500
v 4.374230 27.956700 -30.320100
v 3.865990 28.215700 -30.320100
v 4.334790 29.211900 -29.714800
v -10.103600 -36.459700 -27.771200
v -11.176400 -37.676600 -27.771200
v -10.881700 -35.816000 -29.362500
v -19.559300 -25.739800 -40.032600
v -21.094900 -24.895600 -40.726400
v -19.219500 -25.072900 -40.032600
v -26.286300 -49.397000 -17.193000
v -28.161600 -49.219700 -19.044300
v -26.330600 -49.046600 -19.044300
v 17.778400 15.435300 -20.443000
v 17.260300 15.568300 -21.579800
v 18.030000 16.560600 -20.443000
v -5.002660 -27.763900 -27.411100
v -5.991070 -29.505800 -27.771200
v -4.968490 -27.506100 -27.529900
v -5.005170 -27.790000 -27.397600
v -6.635320 -30.994600 -27.771200
v 2.857800 -12.332600 -25.595600
v 2.743120 -12.425800 -25.709800
v 15.576500 12.670300 -22.680800
v -28.442000 -44.763500 -29.362500
v -30.000000 -43.704700 -30.887200
v -28.511600 -43.657900 -30.887200
v -22.665500 -24.032200 -41.308800
v -24.474500 -23.506600 -41.777500
v -23.829400 -44.032900 4.362500
v -25.350600 -44.372900 4.362500
v -23.578300 -45.011000 2.771240
v 14.693400 14.182500 -24.758100
v -9.076930 -28.284000 -32.339400
v 13.948700 14.477300 -25.726200
v -15.124400 -30.807700 -36.204700
v -15.762500 -29.035400 -37.312400
v -14.475200 -29.852400 -36.204700
v -12.444700 -44.162800 -9.676750
v -13.933100 -45.317300 -11.557700
v -12.375100 -44.258500 -11.557700
v -9.985500 -32.701600 5.887210
v -10.999800 -32.057900 7.339360
v -10.822500 -33.933200 5.887210
v -26.763600 -45.618600 2.771240
v -25.161400 -45.364900 2.771240
v -19.192300 -34.875600 11.204600
v -19.369500 -36.750900 10.003300
v -18.338700 -36.050400 10.003300
v -23.152900 -46.667600 -0.585563
v -24.840900 -47.045000 -0.585563
v -22.980400 -47.339600 -2.337860
v -31.860500 -49.572200 -7.806970
v -31.875400 -49.807900 -9.676750
v -28.227600 -48.170700 -22.662100
v -30.000000 -47.532600 -24.414400
v -28.271200 -47.478300 -24.414400
v -38.722400 -46.844900 -2.337860
v -37.019600 -47.339600 -2.337860
v -21.778700 -25.973200 15.726400
v -22.169900 -26.477600 15.726400
v -20.819800 -27.594500 15.032600
v -23.130900 -10.536400 15.725900
v -26.153400 -14.705600 16.777500
v -22.395100 -9.701770 15.500300
v -24.463600 -11.869100 16.104100
v -24.579300 -11.971100 16.134700
v -26.493400 -14.474500 16.777500
v 2.564430 23.529600 7.018330
v -5.076180 13.536600 9.584460
v -4.870350 13.630900 9.544900
v -18.471300 -3.982510 14.083200
v -13.566200 2.053160 12.500000
v -13.757200 2.182960 12.500000
v -18.710800 -4.452610 14.190200
v -19.667200 -6.069860 14.573300
v -50.070400 -38.847400 -0.585563
v -48.298100 -39.485500 1.119710
v -49.485500 -38.298100 1.119710
v -48.847400 -40.070400 -0.585563
v -55.364900 -24.838600 2.771240
v -55.011000 -26.421700 2.771240
v -51.748800 -37.992200 -2.337860
v -52.197600 -38.363400 -4.130270
v -51.000700 -39.721000 -4.130270
v -40.564600 -42.450900 4.362500
v -42.440000 -42.628200 2.771240
v -40.994600 -43.364700 2.771240
v -39.180200 -27.594500 15.032600
v -39.928300 -29.323300 14.230200
v -38.685200 -28.156000 15.032600
v -48.205600 -33.227100 -32.339400
v -49.177500 -33.933200 -30.887200
v -49.000200 -32.057900 -32.339400
v -47.416500 -43.971700 -17.193000
v -48.887300 -42.830800 -17.193000
v -47.208900 -43.686000 -19.044300
v -57.045000 -25.159100 -0.585563
v -57.339600 -27.019600 -2.337860
v -56.667600 -26.847100 -0.585563
v -58.928500 -27.427600 -9.676750
v -59.043200 -27.457000 -11.557700
v -51.214300 -37.550000 -0.585563
v -55.018000 -35.876900 -7.806970
v -53.686000 -37.208900 -5.955700
v -24.710900 -47.726500 -22.662100
v -24.840900 -47.045000 -24.414400
v -22.980400 -47.339600 -22.662100
v -17.534200 -46.491100 -19.044300
v -19.394800 -46.785800 -20.869700
v -17.733800 -46.067000 -20.869700
v -53.012800 -39.037900 -9.676750
v -53.104000 -39.113300 -11.557700
v -35.398200 -48.298500 -20.869700
v -37.164500 -47.903700 -20.869700
v -37.019600 -47.339600 -22.662100
v -25.080400 -26.771300 16.308800
v -26.493400 -25.525500 16.777500
v -25.515300 -27.066800 16.308800
v -15.484800 4.672740 12.098400
v -0.830482 33.200100 2.502220
v -1.657690 33.121900 2.502220
v -1.536350 32.161500 3.303100
v 10.973200 33.264300 -2.319170
v 9.722910 33.382400 -1.258330
v 10.544000 32.745500 -1.258330
v 19.714800 21.240300 -9.371310
v 19.479800 21.225600 -8.137130
v 19.753800 20.000000 -9.371310
v -23.661300 -21.627500 16.777500
v -23.776000 -22.022300 16.777500
v -21.893200 -22.081500 16.308800
v 13.891600 17.350000 1.642140
v 13.697800 16.483000 1.642140
v 14.736500 17.188900 0.726237
v 10.888500 22.795700 -29.041600
v 10.691500 23.473900 -29.041600
v 11.873000 23.048500 -28.303100
v 18.780500 21.181600 -19.274800
v 18.669200 22.358500 -19.274800
v 19.168000 21.205900 -18.079800
v 0.699337 25.535800 6.705870
v 0.546811 24.328500 7.018330
v 0.817519 24.285600 7.018330
v 14.883900 18.119700 -25.726200
v 14.030600 18.227500 -26.642100
v 14.972600 19.058000 -25.726200
v 14.693400 25.817500 -24.758100
v 13.948700 25.522700 -25.726200
v 14.299100 26.728600 -24.758100
v 18.786900 26.104200 -9.371310
v 18.563000 26.031500 -8.137130
v 19.133200 24.912600 -9.371310
v 19.205900 20.000000 -18.079800
v 18.780500 18.818400 -19.274800
v 18.817600 20.000000 -19.274800
v 6.561920 21.684800 -31.317600
v 5.306730 21.724300 -31.705900
v 6.443180 22.093500 -31.317600
v 9.562780 31.559400 -25.726200
v 8.818080 32.137100 -25.726200
v 9.288830 32.785000 -24.758100
v -57.844600 -10.952800 -19.044300
v -57.374000 -9.479990 -18.750000
v -57.221500 -9.222230 -19.044300
v -57.898000 -10.935400 -18.750000
v -45.109900 -1.735250 -30.887200
v -45.816000 -0.881703 -29.362500
v -10.073300 32.176500 -24.758100
v -4.971340 39.362100 -13.128200
v -3.381950 27.187000 -30.855100
v -35.072900 -9.219490 -40.032600
v -3.865990 28.215700 -30.320100
v -59.397000 -23.713700 -17.193000
v -59.631300 -23.743300 -15.323200
v -59.572200 -21.860500 -17.193000
v -13.630200 34.514700 -10.617800
v -20.989800 27.969200 -10.429700
v -20.960800 27.931800 -10.055700
v 1.701390 28.919000 5.320130
v 1.138000 29.008200 5.320130
v -52.628200 -7.560030 -27.771200
v -53.423800 -7.122630 -26.119700
v -52.569000 -5.677240 -26.119700
v -11.700000 34.142800 -4.557040
v -19.749700 26.191900 -2.762990
v -19.982900 26.534900 -3.639460
v -49.322300 0.576177 -22.662100
v -49.721000 1.000720 -20.869700
v -47.992200 1.748830 -22.662100
v -12.591500 35.220500 -15.628700
v -13.522400 34.399900 -15.628700
v -12.691900 35.341900 -14.382200
v -58.357700 -27.281000 -19.044300
v -59.105800 -25.552200 -17.193000
v -58.758900 -25.486100 -19.044300
v -58.581600 -23.610700 -4.130270
v -58.298500 -25.398200 -4.130270
v -57.726500 -14.710900 -22.662100
v -58.298500 -14.601800 -20.869700
v -57.339600 -12.980400 -22.662100
v -57.532600 -20.000000 -0.585563
v -58.226400 -20.000000 -2.337860
v -52.458900 -21.413000 7.339360
v -53.657900 -21.488400 5.887210
v -49.000200 -32.057900 7.339360
v -49.177500 -33.933200 5.887210
v -48.205600 -33.227100 7.339360
v -56.677400 -18.321600 1.119710
v -56.043700 -17.893300 2.194530
v -56.613700 -17.646700 1.119710
v -55.969800 -17.919900 2.333050
v -57.478300 -18.271200 -0.585563
v -57.646900 -17.199600 -1.264500
v -58.170700 -18.227600 -2.337860
v -57.387600 -17.311700 -0.585563
v -54.186200 -31.381200 1.119710
v -54.912300 -31.722800 -0.585563
v -52.104700 -24.216700 -32.339400
v -50.837500 -23.975000 -33.713200
v -50.949800 -33.295200 -29.362500
v -52.628200 -32.440000 -27.771200
v -51.743300 -31.953500 -29.362500
v -44.776700 -28.123600 -37.312400
v -46.637200 -27.828900 -36.204700
v -45.257600 -27.179700 -37.312400
v -34.933800 -39.216100 -35.003300
v -35.682000 -37.487300 -36.204700
v -34.572700 -37.809500 -36.204700
v -38.221500 -21.568300 -41.308800
v -38.303700 -21.049000 -41.308800
v -36.428400 -21.226300 -41.777500
v -38.182700 -7.106060 -38.322300
v -39.911500 -6.357950 -37.312400
v -39.035400 -5.762520 -37.312400
v 1.118930 37.785000 -21.579800
v 0.000000 37.820100 -21.579800
v 0.000000 38.355100 -20.443000
v -36.449000 -25.335100 -41.308800
v -36.771300 -24.919600 -41.308800
v -35.294400 -23.846600 -41.777500
v 16.674000 15.718800 -22.680800
v 17.504500 16.660800 -21.579800
v 8.177460 37.378000 -18.079800
v 7.185180 38.147700 -16.862900
v 8.310500 37.660700 -16.862900
v -31.202100 -22.554600 -42.366900
v -32.260900 -24.112500 -42.130600
v -31.360100 -22.474000 -42.366900
v -24.705600 -16.153400 -41.777500
v -24.957500 -15.828500 -41.777500
v 3.529630 22.564400 -32.018300
v -40.059700 -26.384100 -40.032600
v -40.440700 -25.739800 -40.032600
v -38.905100 -24.895600 -40.726400
v -36.561300 -8.064950 -39.230200
v -37.357000 -6.617710 -38.322300
v -18.922200 -24.386000 -40.032600
v -20.551500 -23.740900 -40.726400
v -18.668700 -23.681800 -40.032600
v -26.554600 -38.061500 -36.204700
v -27.695500 -38.242200 -36.204700
v -26.840300 -36.563800 -37.312400
v -10.280200 -30.841100 -32.339400
v -11.410700 -30.219500 -33.713200
v -10.805700 -29.032100 -33.713200
v 16.608200 12.184800 -20.443000
v 16.568700 13.440000 -21.579800
v -9.473720 -41.858300 -11.557700
v -10.962100 -43.012800 -9.676750
v -10.886700 -43.104000 -11.557700
v -9.050180 -33.295200 4.362500
v -9.926330 -34.584400 4.362500
v -3.307140 -14.552000 6.795670
v -3.028110 -14.626800 6.525260
v 10.388300 11.499600 3.027500
v 13.149000 14.793900 1.642140
v 12.297400 15.131100 2.502220
v 11.017700 10.967700 2.301420
v 11.035700 10.950500 2.280060
v 16.006000 13.662800 -22.680800
v 15.380000 13.910600 -23.741700
v 15.732000 14.888400 -23.741700
v -39.035400 -34.237500 -37.312400
v -40.807700 -34.875600 -36.204700
v -39.911500 -33.642100 -37.312400
v -33.445400 -38.061500 -36.204700
v -34.193500 -36.332700 -37.312400
v -33.159700 -36.563800 -37.312400
v -35.210800 -36.037200 -37.312400
v -38.508100 -46.185100 -24.414400
v -40.135400 -45.599200 -24.414400
v -38.260100 -45.421900 -26.119700
v -37.667500 -43.598000 -29.362500
v -38.726300 -42.040000 -30.887200
v -37.325100 -42.544500 -30.887200
v -38.722400 -46.844900 -22.662100
v -11.636600 -42.197600 -4.130270
v -13.066600 -43.306800 -4.130270
v -13.933100 -45.317300 -13.442300
v -12.375100 -44.258500 -13.442300
v -20.843600 -48.180400 -17.193000
v -22.719000 -48.357700 -19.044300
v -20.952800 -47.844600 -19.044300
v -5.265000 -33.598200 -22.662100
v -6.167640 -35.124500 -22.662100
v -5.872960 -33.264000 -24.414400
v -14.875500 -43.832400 -22.662100
v -15.247300 -43.246600 -24.414400
v -13.408900 -42.835700 -22.662100
v -42.465800 -46.491100 -5.955700
v -42.616100 -46.810600 -7.806970
v -40.907800 -47.549900 -7.806970
v -19.005300 -47.769500 -15.323200
v -19.092200 -47.549900 -17.193000
v -13.540300 -39.896400 2.771240
v -15.415600 -40.073700 4.362500
v -14.822100 -40.890600 2.771240
v -16.121300 -45.245400 -4.130270
v -17.733800 -46.067000 -4.130270
v -17.534200 -46.491100 -5.955700
v -20.770600 -48.405100 -9.676750
v -22.572400 -48.928500 -9.676750
v -22.543000 -49.043200 -11.557700
v -23.571600 -21.226300 16.777500
v -21.778500 -21.568300 16.308800
v 11.658200 16.212000 3.303100
v 10.066400 11.747900 3.373620
v 12.578900 15.912900 2.502220
v 9.541460 12.137700 3.888090
v 9.371280 12.248300 4.050700
v -5.577540 -13.661600 8.937520
v -12.512700 -25.682000 11.204600
v -5.332920 -13.779900 8.714510
v -11.152600 -40.070400 -0.585563
v -12.961500 -40.596000 1.119710
v -12.450000 -41.214300 -0.585563
v -5.741470 -37.624900 -11.557700
v -6.987190 -39.037900 -9.676750
v -6.896010 -39.113300 -11.557700
v -44.274700 -45.965500 -7.806970
v -31.808900 -48.752000 -4.130270
v -31.838300 -49.219700 -5.955700
v -30.000000 -48.808800 -4.130270
v -35.895100 -42.959900 5.887210
v -36.170600 -44.032900 4.362500
v -34.441800 -43.284800 5.887210
v -36.207500 -35.678400 12.312400
v -36.768800 -37.096000 11.204600
v -35.210800 -36.037200 12.312400
v 2.989820 24.711200 6.705870
v 2.337740 23.683700 7.018330
v -34.479900 -24.770600 16.777500
v -35.729500 -26.101300 16.308800
v -35.335100 -26.449000 16.308800
v 15.306600 16.069900 -0.241858
v 15.029600 15.116600 -0.241858
v 15.732000 14.888400 -1.258330
v -23.571600 -18.773700 16.777500
v -25.344000 -19.411800 17.130600
v -23.507300 -19.179800 16.777500
v -51.858300 -40.526300 -11.557700
v -57.844600 -29.047200 -5.955700
v -57.221500 -30.777800 -5.955700
v -42.646100 -35.286500 10.003300
v -43.521800 -36.345100 8.713200
v -41.661300 -36.050400 10.003300
v -47.992200 -41.748800 -2.337860
v -48.363400 -42.197600 -4.130270
v -46.933400 -43.306800 -4.130270
v -35.682000 -37.487300 11.204600
v -36.130700 -38.868300 10.003300
v -40.748600 -32.992800 12.312400
v -41.720500 -34.167600 11.204600
v -40.807700 -34.875600 11.204600
v -52.450900 -30.564600 4.362500
v -54.008900 -29.505800 2.771240
v -53.364700 -30.994600 2.771240
v -40.630500 -36.750900 10.003300
v -48.868300 -26.130700 10.003300
v -50.175000 -26.555200 8.713200
v -49.723500 -27.809100 8.713200
v -52.503300 -20.000000 7.339360
v -52.460700 -19.057500 7.353220
v -52.473600 -19.053700 7.339360
v -51.941900 -19.173500 7.909560
v -51.213200 -20.000000 8.713200
v -54.032900 -26.170600 -29.362500
v -49.485500 -38.298100 -26.119700
v -49.896400 -36.459700 -27.771200
v -48.823600 -37.676600 -27.771200
v -45.687700 -44.719800 -19.044300
v -45.436500 -44.324100 -20.869700
v -52.830800 -38.887300 -17.193000
v -54.162800 -37.555300 -15.323200
v -53.971700 -37.416500 -17.193000
v -58.405100 -29.229400 -15.323200
v -59.043200 -27.457000 -13.442300
v -58.928500 -27.427600 -15.323200
v -57.903700 -27.164500 -20.869700
v -58.298500 -25.398200 -20.869700
v -52.835700 -36.591100 -22.662100
v -53.832400 -35.124500 -22.662100
v -53.246600 -34.752700 -24.414400
v -58.180400 -29.156400 -17.193000
v -58.699700 -27.368800 -17.193000
v -59.397000 -23.713700 -7.806970
v -59.631300 -23.743300 -9.676750
v -59.337800 -25.596500 -9.676750
v -59.926000 -21.882800 -13.442300
v -59.985200 -20.000000 -13.442300
v -59.807900 -21.875400 -15.323200
v -47.624900 -44.258500 -13.442300
v -49.113300 -43.104000 -13.442300
v -49.037900 -43.012800 -15.323200
v -52.558700 -38.662200 -5.955700
v -52.830800 -38.887300 -7.806970
v -51.599800 -40.283600 -7.806970
v -53.832400 -35.124500 -2.337860
v -54.324100 -35.436500 -4.130270
v -53.012800 -39.037900 -15.323200
v -42.018200 -45.540000 -22.662100
v -43.598200 -44.735000 -22.662100
v -41.722800 -44.912300 -24.414400
v -50.526300 -41.858300 -13.442300
v -51.858300 -40.526300 -13.442300
v -50.526300 -41.858300 -11.557700
v -42.018200 -45.540000 -2.337860
v -43.598200 -44.735000 -2.337860
v -42.266200 -46.067000 -4.130270
v -33.450800 -47.315500 -0.585563
v -31.772400 -48.170700 -2.337860
v -44.322800 -42.569000 1.119710
v -45.711600 -41.625200 1.119710
v -44.752700 -43.246600 -0.585563
v -43.836300 -41.802500 -27.771200
v -45.177900 -40.890600 -27.771200
v -43.295200 -40.949800 -29.362500
v -47.555300 -44.162800 -9.676750
v -47.624900 -44.258500 -11.557700
v -46.066900 -45.317300 -11.557700
v -46.003500 -45.217400 -15.323200
v -47.555300 -44.162800 -15.323200
v -45.876900 -45.018000 -17.193000
v -42.440000 -42.628200 -27.771200
v -53.686000 -37.208900 -19.044300
v -54.324100 -35.436500 -20.869700
v -53.306800 -36.933400 -20.869700
v 3.279740 24.514200 6.705870
v 2.780990 23.361600 7.018330
v -27.265400 -19.297900 17.366900
v 1.387640 25.404500 6.705870
v 1.085000 24.225800 7.018330
v -15.544600 4.319320 12.187800
v -15.638500 3.899500 12.290700
v -29.482300 -15.659300 17.171200
v 0.849102 26.721300 6.317610
v -0.425390 26.761400 6.317610
v -0.849102 26.721300 6.317610
v 11.397300 24.512500 3.303100
v 10.452200 24.138300 4.041610
v 10.691500 23.473900 4.041610
v -34.545600 -21.167100 17.130600
v -36.224000 -22.022300 16.777500
v -34.463300 -21.450200 17.130600
v 0.498742 27.927300 5.855090
v 11.219500 20.705900 4.041610
v 10.100500 21.276000 4.714840
v 10.160700 20.639300 4.714840
v 1.045550 25.481000 6.705870
v -1.408950 31.153000 4.041610
v -1.907700 30.000500 4.714840
v -1.276000 30.100500 4.714840
v 19.871900 21.250200 -14.382200
v 19.598000 22.475800 -15.628700
v 19.754200 22.495500 -14.382200
v 14.535000 29.224200 -2.319170
v 13.966500 28.863400 -1.258330
v 15.085500 28.293300 -2.319170
v -13.773000 -37.279900 5.887210
v -14.890100 -38.264700 5.887210
v -14.184000 -39.118300 4.362500
v -24.927100 -30.780500 15.032600
v -25.614000 -31.077800 15.032600
v -24.201000 -32.323500 14.230200
v 18.226400 24.679800 -5.725240
v 18.030000 23.439400 -4.557040
v 18.484300 23.526100 -5.725240
v 2.296950 32.041000 3.303100
v 2.106480 31.042500 4.041610
v 2.795690 30.888500 4.041610
v 19.950700 18.744800 -13.128200
v 19.911200 20.000000 -14.382200
v 16.021900 15.886300 -23.741700
v 15.523200 17.038800 -24.758100
v 16.248600 16.900400 -23.741700
v 17.026700 11.987800 -19.274800
v 17.496200 13.072800 -19.274800
v 12.796200 26.021400 -26.642100
v 12.392800 26.813000 -26.642100
v 13.146500 27.227400 -25.726200
v 16.909900 16.774300 -22.680800
v -30.000000 -11.630300 -41.308800
v -30.525500 -11.646800 -41.308800
v -0.350360 25.568800 -31.705900
v 9.851150 25.415700 -29.041600
v 9.491650 26.023600 -29.041600
v 10.349900 26.568200 -28.303100
v 17.026700 28.012100 -19.274800
v 16.084700 28.842600 -20.443000
v 16.490000 29.065500 -19.274800
v 17.214800 20.000000 -22.680800
v 16.509000 21.038700 -23.741700
v 17.180900 21.080900 -22.680800
v 0.570126 29.061900 -30.320100
v 0.000000 27.943000 -30.855100
v 0.000000 29.079800 -30.320100
v 15.790700 31.472600 -16.862900
v 14.798400 32.242300 -18.079800
v 15.039100 32.441500 -16.862900
v 10.191000 28.430700 -27.502200
v 9.641510 29.054000 -27.502200
v 10.896700 29.014500 -26.642100
v 16.172400 31.749900 -11.871800
v 15.402700 32.742200 -13.128200
v 15.402700 32.742200 -11.871800
v 16.172400 31.749900 -13.128200
v -47.951200 -28.447200 -35.003300
v -48.446200 -27.303400 -35.003300
v -47.096000 -26.768800 -36.204700
v -36.531400 -19.589100 -41.777500
v -38.303700 -18.951000 -41.308800
v -36.492700 -19.179800 -41.777500
v -2.478350 32.992000 -27.502200
v -3.517010 33.697800 -26.642100
v -2.649970 33.891600 -26.642100
v -4.087130 32.578900 -27.502200
v -4.370160 33.450000 -26.642100
v -59.926000 -18.117200 -11.557700
v -59.985200 -20.000000 -11.557700
v -59.807900 -18.124600 -9.676750
v -59.807900 -18.124600 -15.323200
v -59.926000 -18.117200 -13.442300
v -59.748800 -16.241900 -13.442300
v -48.205600 -6.772870 -32.339400
v -49.177500 -6.066760 -30.887200
v -47.339100 -5.655840 -32.339400
v -6.371790 31.590200 -27.502200
v -6.813030 32.392800 -26.642100
v -6.021430 32.796200 -26.642100
v -9.516450 37.310400 -15.628700
v 10.788900 34.849600 -4.557040
v 10.474400 34.416800 -3.420190
v 11.359000 33.730600 -3.420190
v 9.516450 37.310400 -15.628700
v 8.410740 37.873700 -15.628700
v 9.592310 37.448400 -14.382200
v 10.584600 36.678700 -15.628700
v 0.000000 39.205900 -6.920180
v -1.205950 39.168000 -6.920180
v -1.181570 38.780500 -5.725240
v -11.611000 35.981100 -9.371310
v -12.591500 35.220500 -9.371310
v -11.472600 35.790700 -8.137130
v 5.206070 33.149000 1.642140
v 4.868900 32.297400 2.502220
v 6.021430 32.796200 1.642140
v -4.904650 28.921500 4.714840
v -15.854500 17.067000 7.547030
v -15.829900 16.957000 7.612580
v 2.446300 39.364400 -8.137130
v 1.225570 39.479800 -8.137130
v 2.407130 39.054400 -6.920180
v 0.000000 39.518300 -8.137130
v -10.458400 36.479900 -16.862900
v -51.748800 -2.007800 -22.662100
v -52.197600 -1.636570 -20.869700
v -51.000700 -0.279012 -20.869700
v -57.315500 -23.450800 -0.585563
v -55.618600 -23.236400 2.771240
v -59.807900 -21.875400 -9.676750
v -59.926000 -21.882800 -11.557700
v -59.748800 -23.758100 -11.557700
v -54.763500 -18.442000 4.362500
v -58.204200 -16.925300 -2.817900
v -58.752000 -18.191100 -4.130270
v -58.054800 -17.001400 -2.337860
v -45.000700 -22.861500 13.322300
v -46.729500 -22.113400 12.312400
v -46.563800 -23.159700 12.312400
v -50.923100 -28.284000 7.339360
v -49.194300 -29.032100 8.713200
v -47.951200 -28.447200 10.003300
v -48.589300 -30.219500 8.713200
v -54.763500 -21.558000 4.362500
v -56.977100 -17.489400 0.319023
v -55.735900 -18.004100 2.771240
v -49.194300 -29.032100 -33.713200
v -50.923100 -28.284000 -32.339400
v -49.723500 -27.809100 -33.713200
v -54.735000 -6.401820 -22.662100
v -55.245400 -6.121250 -20.869700
v -53.832400 -4.875530 -22.662100
v -42.354700 -28.976200 -38.322300
v -42.893900 -28.182700 -38.322300
v -41.018600 -28.005500 -39.230200
v -43.382300 -27.357000 -38.322300
v -36.953900 -41.401900 -32.339400
v -38.284000 -40.923100 -32.339400
v -37.809100 -39.723500 -33.713200
v -38.106800 -17.918500 -41.308800
v -39.982100 -18.095800 -40.726400
v -39.842900 -17.472800 -40.726400
v -32.625000 -18.960700 -42.366900
v -34.363500 -18.272400 -42.130600
v -31.659500 -17.715900 -42.366900
v -32.758500 -16.203300 -42.130600
v -32.514700 -16.037500 -42.130600
v -38.353200 -19.474500 -41.308800
v -40.082000 -18.726300 -40.726400
v 2.337740 23.683700 -32.018300
v -26.493400 -14.474500 -41.777500
v 2.101830 23.823200 -32.018300
v -28.272400 -24.363500 -42.130600
v -28.960700 -22.625000 -42.366900
v -28.001800 -24.246400 -42.130600
v 6.560030 36.568700 -21.579800
v 5.672040 37.456700 -20.443000
v 6.756960 37.066100 -20.443000
v -30.346900 -20.876100 -42.485200
v -30.401200 -20.852600 -42.485200
v -34.326800 -10.805000 -40.726400
v -34.386000 -8.922240 -40.032600
v -28.200400 -17.824600 -42.366900
v -28.340500 -17.715900 -42.366900
v -27.008500 -16.384000 -42.130600
v -27.977700 -13.776000 -41.777500
v -28.832900 -15.454400 -42.130600
v -28.372500 -13.661300 -41.777500
v -38.905100 -15.104400 -40.726400
v -40.440700 -14.260200 -40.032600
v -40.059700 -13.615900 -40.032600
v -6.387630 33.574400 -25.726200
v -5.522690 33.948700 -25.726200
v -2.795690 30.888500 -29.041600
v -3.473870 30.691500 -29.041600
v -3.048480 31.873000 -28.303100
v -29.589100 -13.468600 -41.777500
v -30.000000 -13.455700 -41.777500
v 0.273946 24.354300 -32.018300
v -27.824600 -18.200400 -42.366900
v -27.941900 -18.067400 -42.366900
v -26.384000 -17.008500 -42.130600
v 10.160700 19.360700 -29.714800
v 9.061890 19.429900 -30.320100
v 10.180800 20.000000 -29.714800
v -19.837900 -20.000000 -40.726400
v -21.646800 -19.474500 -41.308800
v -19.857900 -19.361900 -40.726400
v -21.273700 -42.040000 -30.887200
v -21.716000 -40.923100 -32.339400
v -19.907100 -41.448600 -30.887200
v -24.318000 -37.487300 -36.204700
v -25.427300 -37.809500 -36.204700
v -7.959970 -28.726300 -30.887200
v -22.190900 -39.723500 -33.713200
v -22.696600 -38.446200 -35.003300
v -21.552800 -37.951200 -35.003300
v 17.857200 12.929800 -18.079800
v 18.265900 14.065100 -18.079800
v -14.288400 -41.625200 1.119710
v 18.016200 11.522200 -14.382200
v 8.017350 -9.366680 -15.448400
v 7.981410 -9.364710 -15.712300
v 8.073970 -9.372770 -15.022400
v 8.080780 -9.373510 -14.971200
v 8.096040 -9.383880 -14.826900
v -9.109350 -35.177900 2.771240
v -8.197540 -33.836300 2.771240
v 19.133200 15.087400 -9.371310
v 18.786900 13.895800 -9.371310
v 18.936700 13.847100 -10.617800
v 18.513000 12.670200 -14.382200
v 18.366600 12.728200 -15.628700
v 18.936700 13.847100 -14.382200
v 10.181700 11.662200 3.260590
v 10.284500 11.586000 3.146700
v -4.391970 -14.179900 7.871150
v -11.131700 -26.130700 10.003300
v -4.354480 -14.195200 7.833540
v -10.103600 -36.459700 2.771240
v -34.609900 -20.879400 -42.130600
v -34.656000 -20.588200 -42.130600
v -36.338700 -21.627500 -41.777500
v -32.486500 -39.682900 -35.003300
v -33.975000 -40.837500 -33.713200
v -33.717500 -39.487900 -35.003300
v -30.000000 -44.812400 -29.362500
v -33.740900 -29.448500 -40.726400
v -34.386000 -31.077800 -40.032600
v -34.326800 -29.195000 -40.726400
v -29.144800 -33.592800 -39.230200
v -30.000000 -33.619700 -39.230200
v -30.000000 -31.914400 -40.032600
v -26.890200 -44.616800 -29.362500
v -20.418500 -40.361600 -32.339400
v -19.158900 -39.719800 -32.339400
v -32.658700 -41.045900 -33.713200
v -48.847400 -40.070400 -24.414400
v -50.070400 -38.847400 -24.414400
v -48.298100 -39.485500 -26.119700
v -50.283600 -41.599800 -17.193000
v -48.662200 -42.558700 -19.044300
v -47.550000 -41.214300 -24.414400
v -12.007800 -41.748800 -2.337860
v -13.816700 -42.274400 -0.585563
v -13.408900 -42.835700 -2.337860
v -14.563500 -44.324100 -4.130270
v -17.283300 -47.024300 -15.323200
v -17.383900 -46.810600 -17.193000
v -15.611500 -46.172500 -15.323200
v -7.164340 -36.591100 -22.662100
v -7.725630 -36.183300 -24.414400
v -6.753420 -34.752700 -24.414400
v -10.822500 -33.933200 -30.887200
v -12.660900 -34.344200 -32.339400
v -11.794400 -33.227100 -32.339400
v -12.791100 -43.686000 -19.044300
v -14.563500 -44.324100 -20.869700
v -13.066600 -43.306800 -20.869700
v -15.554500 -46.276200 -11.557700
v -17.283300 -47.024300 -9.676750
v -17.232900 -47.131400 -11.557700
v -15.725300 -45.965500 -17.193000
v -15.895500 -45.656100 -19.044300
v -7.802430 -38.363400 -20.869700
v -8.999280 -39.721000 -20.869700
v -8.251170 -37.992200 -22.662100
v -23.578300 -45.011000 -27.771200
v -23.829400 -44.032900 -29.362500
v -22.332500 -43.598000 -29.362500
v -19.864600 -45.599200 -24.414400
v -21.739900 -45.421900 -26.119700
v -20.160000 -44.853100 -26.119700
v -33.758100 -49.748800 -13.442300
v -31.882800 -49.926000 -11.557700
v -33.758100 -49.748800 -11.557700
v -31.882800 -49.926000 -13.442300
v -26.241900 -49.748800 -13.442300
v -24.381300 -49.454100 -11.557700
v -26.241900 -49.748800 -11.557700
v -24.381300 -49.454100 -13.442300
v -21.097600 -47.398800 -4.130270
v -22.835500 -47.903700 -4.130270
v -20.952800 -47.844600 -5.955700
v -34.649400 -44.372900 4.362500
v -34.838600 -45.364900 2.771240
v -33.236400 -45.618600 2.771240
v -22.719000 -48.357700 -5.955700
v -20.843600 -48.180400 -7.806970
v -18.961700 -47.879500 -11.557700
v -28.797900 -17.445400 17.366900
v -29.546000 -19.174200 17.485200
v -28.639900 -17.526000 17.366900
v -23.497800 -33.817800 13.322300
v -24.378300 -34.198800 13.322300
v -23.792500 -35.678400 12.312400
v -29.420600 -15.622800 17.165600
v -29.471000 -17.226800 17.366900
v -29.132500 -15.452400 17.138700
v -43.382300 -27.357000 13.322300
v -44.776700 -28.123600 12.312400
v -42.893900 -28.182700 13.322300
v -48.242200 -22.304500 11.204600
v -24.991300 -46.256700 1.119710
v -26.649800 -46.519400 1.119710
v -15.762500 -29.035400 12.312400
v -17.106100 -28.182700 13.322300
v -16.357900 -29.911500 12.312400
v -44.104500 -45.656100 -5.955700
v -49.037900 -43.012800 -9.676750
v -49.113300 -43.104000 -11.557700
v -36.555200 -40.175000 8.713200
v -37.809100 -39.723500 8.713200
v -36.953900 -41.401900 7.339360
v -33.350200 -46.519400 1.119710
v -31.678400 -46.677400 1.119710
v -38.284000 -40.923100 7.339360
v -37.325100 -42.544500 5.887210
v -31.728800 -47.478300 -0.585563
v -34.933800 -39.216100 10.003300
v -38.447200 -37.951200 10.003300
v -40.219500 -38.589300 8.713200
v -39.134100 -43.070000 4.362500
v -39.505800 -44.008900 2.771240
v -42.468800 -37.161800 8.713200
v -43.227100 -38.205600 7.339360
v -42.057900 -39.000200 7.339360
v 5.720120 23.630100 6.317610
v 4.514170 23.279700 6.705870
v 4.711200 22.989800 6.705870
v -27.226800 -19.471000 17.366900
v -27.199000 -19.646200 17.366900
v -25.636500 -21.727600 17.130600
v -25.753600 -21.998200 17.130600
v -23.915300 -22.409100 16.777500
v -29.361900 -30.142100 15.726400
v -30.000000 -31.914400 15.032600
v -29.251900 -31.890900 15.032600
v -27.241500 -16.203300 17.130600
v -28.340500 -17.715900 17.366900
v -23.468600 -19.589100 16.777500
v -23.455700 -20.000000 16.777500
v -55.540000 -32.018200 -2.337860
v -56.067000 -32.266200 -4.130270
v -54.735000 -33.598200 -2.337860
v -57.903700 -27.164500 -4.130270
v -37.667500 -43.598000 4.362500
v -49.721000 -41.000700 -4.130270
v -47.339100 -34.344200 7.339360
v -48.264700 -35.109900 5.887210
v -47.279900 -36.227000 5.887210
v -51.743300 -31.953500 4.362500
v -50.949800 -33.295200 4.362500
v -18.981400 -28.005500 14.230200
v -19.505800 -28.681500 14.230200
v -32.971000 -43.517700 5.887210
v -45.816000 -39.118300 4.362500
v -47.676600 -38.823600 2.771240
v -46.459700 -39.896400 2.771240
v -49.322300 -40.576200 -2.337860
v -50.576200 -39.322300 -2.337860
v -49.118300 -35.816000 4.362500
v -42.586900 -33.403700 11.204600
v -43.581000 -34.462300 10.003300
v -50.546800 -25.275500 8.713200
v -51.796300 -25.596400 7.339360
v -51.401900 -26.953900 7.339360
v -45.150800 -21.914000 13.322300
v -40.453900 -31.132300 13.322300
v -41.543200 -32.292200 12.312400
v -42.992800 -30.748600 12.312400
v -43.403700 -32.586900 11.204600
v -42.292200 -31.543200 12.312400
v -43.817800 -26.502200 13.322300
v -45.678400 -26.207500 12.312400
v -45.257600 -27.179700 12.312400
v -49.826600 -19.594500 10.003300
v -49.839400 -20.000000 10.003300
v -49.403100 -19.661600 10.355500
v -55.890400 -26.647500 -26.119700
v -56.256700 -25.008700 -26.119700
v -55.011000 -26.421700 -27.771200
v -44.462300 -33.581000 -35.003300
v -46.345100 -33.521800 -33.713200
v -45.286500 -32.646100 -35.003300
v -46.985300 -38.087500 -29.362500
v -47.279900 -36.227000 -30.887200
v -46.227000 -37.279900 -30.887200
v -48.087500 -36.985300 -29.362500
v -53.104000 -39.113300 -13.442300
v -57.045000 -25.159100 -24.414400
v -56.519400 -23.350200 -26.119700
v -49.322300 -40.576200 -22.662100
v -51.000700 -39.721000 -20.869700
v -50.576200 -39.322300 -22.662100
v -57.221500 -30.777800 -19.044300
v -57.844600 -29.047200 -19.044300
v -56.785800 -30.605200 -20.869700
v -58.699700 -27.368800 -7.806970
v -58.180400 -29.156400 -7.806970
v -55.965500 -34.274700 -17.193000
v -56.491100 -32.465800 -19.044300
v -55.656100 -34.104500 -19.044300
v -56.810600 -32.616100 -17.193000
v -57.549900 -30.907800 -17.193000
v -59.393900 -16.319100 -17.225400
v -59.572200 -18.139500 -17.193000
v -59.399800 -16.316100 -17.193000
v -59.219700 -18.161600 -19.044300
v -52.628200 -32.440000 2.771240
v -54.162800 -37.555300 -9.676750
v -56.491100 -32.465800 -5.955700
v -55.965500 -34.274700 -7.806970
v -56.276200 -34.445500 -13.442300
v -57.131400 -32.767100 -11.557700
v -57.131400 -32.767100 -13.442300
v -56.276200 -34.445500 -11.557700
v -52.558700 -38.662200 -19.044300
v -52.197600 -38.363400 -20.869700
v -43.264000 -44.127000 -24.414400
v -44.322800 -42.569000 -26.119700
v -42.877400 -43.423800 -26.119700
v -37.457000 -49.043200 -13.442300
v -39.229400 -48.405100 -15.323200
v -37.427600 -48.928500 -15.323200
v -46.183300 -42.274400 -0.585563
v -46.591100 -42.835700 -2.337860
v -47.038500 -40.596000 1.119710
v -43.878700 -45.245400 -4.130270
v -40.994700 -47.769500 -9.676750
v -42.716700 -47.024300 -9.676750
v -41.038300 -47.879500 -11.557700
v -42.616100 -46.810600 -17.193000
v -44.274700 -45.965500 -17.193000
v -42.465800 -46.491100 -19.044300
v -44.388500 -46.172500 -15.323200
v -24.447800 -49.105800 -17.193000
v -24.513900 -48.758900 -19.044300
v -40.092900 -41.448600 -30.887200
v -39.581500 -40.361600 -32.339400
v -41.038300 -47.879500 -13.442300
v -42.716700 -47.024300 -15.323200
v -40.994700 -47.769500 -15.323200
v -36.847100 -46.667600 -24.414400
v -39.156400 -48.180400 -17.193000
v -40.777800 -47.221500 -19.044300
v -39.047200 -47.844600 -19.044300
v -21.778500 -18.431700 16.308800
v -23.661300 -18.372500 16.777500
v -32.685100 -19.127600 17.366900
v -34.463300 -18.549800 17.130600
v -32.734600 -19.297900 17.366900
v 7.554200 22.454500 5.855090
v 6.443180 22.093500 6.317610
v 6.561920 21.684800 6.317610
v -15.692100 3.659770 12.349500
v 1.857620 23.947600 7.018330
v -6.095330 13.038200 9.781720
v 2.101830 23.823200 7.018330
v -6.500650 12.820900 9.860000
v -26.131900 -13.312900 16.534300
v -26.847300 -14.265200 16.777500
v -26.111400 -13.297000 16.529400
v -17.366500 -1.644130 13.554200
v -13.622900 3.245770 12.298800
v -13.583900 3.391420 12.268200
v -13.653600 3.093790 12.329700
v -17.514500 -1.985990 13.631300
v 1.724260 25.306700 6.705870
v 1.606080 24.056500 7.018330
v 2.054070 25.188000 6.705870
v -15.942500 2.539300 12.612600
v -15.847200 2.965810 12.514300
v -15.962000 2.472340 12.628300
v -28.549800 -15.536700 17.130600
v -29.127600 -17.314900 17.366900
v -28.960700 -17.375000 17.366900
v -38.330500 -19.234400 16.308800
v -38.711400 -19.319500 16.188200
v -38.353200 -19.474500 16.308800
v -31.727600 -24.363500 17.130600
v -32.409100 -26.084700 16.777500
v -32.022300 -26.224000 16.777500
v -1.269460 26.654800 6.317610
v -1.045550 25.481000 6.705870
v -7.185180 38.147700 -8.137130
v -8.410740 37.873700 -9.371310
v -8.310500 37.660700 -8.137130
v -3.048480 31.873000 3.303100
v -4.087130 32.578900 2.502220
v -3.787970 31.658200 3.303100
v -2.493950 26.299000 6.317610
v -15.047000 11.494900 10.097500
v -15.040900 11.300600 10.169700
v 5.480890 23.982100 6.317610
v 2.805810 28.635400 5.320130
v 2.924000 27.385200 5.855090
v -0.769694 32.234000 3.303100
v -0.705870 31.219500 4.041610
v 19.714800 18.759700 -15.628700
v 18.087600 28.511400 -11.871800
v 18.016200 28.477800 -10.617800
v 18.586400 27.358900 -11.871800
v 17.310400 29.516400 -9.371310
v 17.104000 29.403000 -8.137130
v 17.873700 28.410700 -9.371310
v 19.011700 26.177300 -11.871800
v 18.586400 27.358900 -13.128200
v 19.011700 26.177300 -13.128200
v 2.258060 28.794600 5.320130
v 17.214800 20.000000 -2.319170
v 16.509000 21.038700 -1.258330
v 16.541600 20.000000 -1.258330
v 19.871900 21.250200 -10.617800
v 19.911200 20.000000 -10.617800
v 16.878200 30.711200 -11.871800
v 16.811600 30.669000 -10.617800
v 17.448400 29.592300 -10.617800
v 16.909900 23.225700 -2.319170
v 16.411200 22.073200 -1.258330
v 17.079100 22.157600 -2.319170
v 18.210400 22.300500 -4.557040
v -30.410900 -26.531400 16.777500
v -31.049000 -28.303700 16.308800
v -30.525500 -28.353200 16.308800
v -15.247300 -43.246600 -0.585563
v 0.425390 26.761400 6.317610
v 0.000000 30.180800 4.714840
v -0.639259 30.160700 4.714840
v 19.753800 20.000000 -15.628700
v 19.950700 21.255200 -11.871800
v 19.832500 22.505400 -13.128200
v 19.832500 22.505400 -11.871800
v 19.950700 21.255200 -13.128200
v 18.786900 13.895800 -15.628700
v 19.133200 15.087400 -15.628700
v 18.366600 12.728200 -9.371310
v 18.016200 11.522200 -10.617800
v 18.513000 12.670200 -10.617800
v 17.378000 11.822500 -18.079800
v 18.226400 15.320200 -19.274800
v 5.751240 -10.298900 -21.895300
v 5.611670 -10.375900 -22.135600
v 5.407900 -10.507600 -22.466500
v 5.388990 -10.520300 -22.496700
v 12.992000 22.478300 -27.502200
v 12.041000 22.296900 -28.303100
v 12.810700 23.289200 -27.502200
v -8.551390 -30.092900 -30.887200
v -17.942100 -39.000200 -32.339400
v -19.780500 -38.589300 -33.713200
v -18.633400 -37.910900 -33.713200
v -7.549050 -30.564600 -29.362500
v 9.094700 26.607700 -29.041600
v 7.844460 26.489500 -29.714800
v 8.661850 27.165700 -29.041600
v 2.054070 25.188000 -31.705900
v 1.724260 25.306700 -31.705900
v 2.093520 26.443200 -31.317600
v 15.771900 19.007700 -24.758100
v 17.785000 18.881100 -21.579800
v 17.079100 17.842400 -22.680800
v 17.180900 18.919100 -22.680800
v 7.927280 19.501300 -30.855100
v -18.109100 -20.748100 -40.032600
v 6.761390 19.574600 -31.317600
v 8.194820 27.695400 -29.041600
v 8.391270 28.935800 -28.303100
v 8.935800 28.391300 -28.303100
v 7.695450 28.194800 -29.041600
v 9.403030 37.104000 -16.862900
v 6.996110 25.787700 -30.320100
v 7.421500 26.969300 -29.714800
v 19.518300 20.000000 -16.862900
v 19.479800 21.225600 -16.862900
v 18.513000 27.329800 -10.617800
v 13.966500 28.863400 -23.741700
v 12.785000 29.288800 -24.758100
v 13.382400 29.722900 -23.741700
v 7.587440 36.124100 -21.579800
v 7.815220 36.608200 -20.443000
v -51.045900 -22.658700 -33.713200
v -45.524800 -29.852400 -36.204700
v -46.112800 -28.858100 -36.204700
v 4.971340 39.362100 -13.128200
v 3.730990 39.558600 -14.382200
v 3.745780 39.636100 -13.128200
v -5.455160 28.596000 -29.714800
v -6.023590 29.491700 -29.041600
v -5.415710 29.851100 -29.041600
v -45.404600 -3.595780 -32.339400
v -46.227000 -2.720050 -30.887200
v -44.344200 -2.660880 -32.339400
v -1.152520 38.318900 -20.443000
v -1.181570 38.780500 -19.274800
v 0.000000 39.753800 -15.628700
v -1.240350 39.714800 -15.628700
v 0.000000 39.911200 -14.382200
v -4.635940 34.268000 -25.726200
v -55.540000 -32.018200 -22.662100
v -56.244300 -30.390800 -22.662100
v -54.912300 -31.722800 -24.414400
v -54.719800 -4.312330 -19.044300
v -53.897700 -3.002860 -18.750000
v -53.686000 -2.791110 -19.044300
v -54.767200 -4.282250 -18.750000
v -59.730200 -16.125000 -11.557700
v -59.730200 -16.125000 -13.442300
v -59.748800 -16.241900 -11.557700
v -58.357700 -12.719000 -19.044300
v -58.412100 -12.705000 -18.750000
v -58.329500 -12.420900 -18.750000
v -6.560030 36.568700 -21.579800
v -7.815220 36.608200 -20.443000
v -6.756960 37.066100 -20.443000
v -54.008900 -10.494200 -27.771200
v -55.421900 -11.739900 -26.119700
v -54.853100 -10.160000 -26.119700
v 5.522690 33.948700 0.726237
v 4.370160 33.450000 1.642140
v 3.598820 38.865700 -6.920180
v 3.526070 38.484300 -5.725240
v 3.526070 38.484300 -19.274800
v 2.300500 38.210400 -20.443000
v 2.358470 38.669200 -19.274800
v 8.293310 35.085500 -2.319170
v 7.043080 34.967300 -1.258330
v 7.968980 34.495500 -1.258330
v -49.118300 -4.183970 -29.362500
v -49.896400 -3.540270 -27.771200
v -48.823600 -2.323450 -27.771200
v -5.672040 37.456700 -20.443000
v -6.927230 37.496200 -19.274800
v -5.814960 37.896600 -19.274800
v 7.358860 38.586400 -11.871800
v 6.177290 39.011700 -11.871800
v 7.329820 38.513000 -10.617800
v -2.475800 39.598000 -15.628700
v -1.250240 39.871900 -14.382200
v 2.358470 38.669200 -5.725240
v -8.177460 37.378000 -18.079800
v -9.403030 37.104000 -16.862900
v -8.310500 37.660700 -16.862900
v -2.446300 39.364400 -8.137130
v -3.657370 39.172600 -8.137130
v -3.598820 38.865700 -6.920180
v -16.485700 19.318900 6.055110
v -16.468300 19.270500 6.091460
v 2.300500 38.210400 -4.557040
v -5.206070 33.149000 1.642140
v -6.021430 32.796200 1.642140
v -4.868900 32.297400 2.502220
v -5.631460 31.967500 2.502220
v -7.587440 36.124100 -3.420190
v -8.584910 35.615900 -3.420190
v -8.293310 35.085500 -2.319170
v 3.730900 34.530900 0.726237
v -10.973200 33.264300 -2.319170
v -8.467720 33.343000 -0.241858
v -8.818080 32.137100 0.726237
v -8.038590 32.666800 0.726237
v -13.522400 34.399900 -9.371310
v -20.878400 27.825500 -9.014150
v -20.882000 27.830200 -9.045760
v -10.669000 36.811600 -10.617800
v -11.703500 36.108500 -10.617800
v -9.592310 37.448400 -10.617800
v -10.711200 36.878200 -11.871800
v -12.691900 35.341900 -10.617800
v -12.441500 35.039100 -8.137130
v -20.581700 27.416100 -6.699330
v -12.242300 34.798400 -6.920180
v -20.718300 27.617000 -7.638660
v -52.835700 -3.408920 -22.662100
v -53.306800 -3.066610 -20.869700
v -21.004300 27.987900 -10.805700
v -10.711200 36.878200 -13.128200
v -44.462300 -6.419030 -35.003300
v -44.521400 -4.536240 -33.713200
v -43.581000 -5.537730 -35.003300
v -45.463800 -5.478560 -33.713200
v -54.127000 -6.736050 -24.414400
v -54.912300 -8.277170 -24.414400
v -56.519400 -23.350200 1.119710
v -56.256700 -25.008700 1.119710
v -55.890400 -26.647500 1.119710
v -57.478300 -21.728800 -0.585563
v -56.810600 -32.616100 -7.806970
v -57.769500 -30.994700 -9.676750
v -57.024300 -32.716700 -9.676750
v -58.612600 -16.717200 -4.130270
v -59.572200 -18.139500 -7.806970
v -59.474000 -16.276600 -8.421010
v -59.631300 -16.256700 -9.676750
v -59.452600 -16.289200 -8.243240
v -59.399800 -16.316100 -7.806970
v -57.773400 -17.144800 -1.595750
v -51.045900 -22.658700 8.713200
v -52.104700 -24.216700 7.339360
v -50.837500 -23.975000 8.713200
v -56.244300 -30.390800 -2.337860
v -53.070000 -29.134100 4.362500
v -54.818200 -18.334500 4.260570
v -54.755400 -18.357100 4.362500
v -53.284800 -24.441800 -30.887200
v -53.517700 -22.971000 -30.887200
v -52.325900 -22.820400 -32.339400
v -57.398800 -28.902400 -20.869700
v -55.618600 -23.236400 -27.771200
v -47.096000 -13.231200 -36.204700
v -48.446200 -12.696600 -35.003300
v -47.951200 -11.552800 -35.003300
v -56.730200 -20.000000 -26.119700
v -56.677400 -18.321600 -26.119700
v -32.963000 -31.540100 -40.032600
v -33.681800 -31.331300 -40.032600
v -32.527200 -29.842900 -40.726400
v -43.378500 -22.552100 -39.230200
v -45.150800 -21.914000 -38.322300
v -43.512300 -21.707000 -39.230200
v -47.385400 -29.557700 -35.003300
v -45.109900 -38.264700 -30.887200
v -44.344200 -37.339100 -32.339400
v -51.171300 -21.332000 -33.713200
v -49.682900 -22.486500 -35.003300
v -44.875600 -30.807700 -36.204700
v -30.876100 -19.653100 -42.485200
v -32.554600 -18.797900 -42.366900
v -31.493300 -31.820500 -40.032600
v -30.748100 -31.890900 -40.032600
v -45.678400 -26.207500 -37.312400
v -46.037200 -25.210800 -37.312400
v -44.523800 -24.719100 -38.322300
v -38.580200 -25.445100 -40.726400
v 0.000000 25.579800 -31.705900
v 0.350360 25.568800 -31.705900
v 7.227380 33.146500 -25.726200
v 6.387630 33.574400 -25.726200
v 6.728630 34.299100 -24.758100
v -46.829200 -21.058800 -37.312400
v -48.350900 -21.154500 -36.204700
v -32.527200 -10.157100 -40.726400
v -33.140300 -10.335200 -40.726400
v -1.684810 26.561900 -31.317600
v -29.297900 -22.734600 -42.366900
v -29.708800 -20.896200 -42.485200
v -29.127600 -22.685100 -42.366900
v -33.962500 -22.514700 -42.130600
v -35.734800 -23.152700 -41.777500
v -34.112500 -22.260900 -42.130600
v -25.280900 -34.523800 -38.322300
v -29.041100 -35.241100 -38.322300
v -34.032200 -12.665500 -41.308800
v -34.895600 -11.094900 -40.726400
v -32.058100 -21.932600 -42.366900
v -33.616000 -22.991500 -42.130600
v -32.175400 -21.799600 -42.366900
v -5.905400 30.741900 -28.303100
v -5.219260 31.091500 -28.303100
v 2.296950 32.041000 -28.303100
v 1.657690 33.121900 -27.502200
v 2.478350 32.992000 -27.502200
v 5.404520 21.387600 -31.705900
v -21.778500 -18.431700 -41.308800
v -21.893200 -17.918500 -41.308800
v 5.480990 21.045600 -31.705900
v -2.493950 26.299000 -31.317600
v -2.924000 27.385200 -30.855100
v -31.727600 -15.636500 -42.130600
v -32.409100 -13.915300 -41.777500
v -32.022300 -13.776000 -41.777500
v -33.740900 -10.551500 -40.726400
v -1.045550 25.481000 -31.705900
v -32.081500 -11.893200 -41.308800
v -1.387640 25.404500 -31.705900
v 1.536350 32.161500 -28.303100
v 0.830482 33.200100 -27.502200
v -23.661300 -21.627500 -41.777500
v -25.454400 -21.167100 -42.130600
v -25.390100 -20.879400 -42.130600
v -33.212600 -16.578900 -42.130600
v -34.479900 -15.229400 -41.777500
v -34.171500 -14.957500 -41.777500
v 3.361640 22.781000 -32.018300
v -21.696300 -18.951000 -41.308800
v 5.568810 20.350400 -31.705900
v -16.808200 -23.387100 -39.230200
v -18.459900 -22.963000 -40.032600
v -16.621500 -22.552100 -39.230200
v -17.106100 -28.182700 -38.322300
v -15.223300 -28.123600 -37.312400
v 7.880320 19.004500 -30.855100
v -18.179500 -21.493300 -40.032600
v -19.918000 -21.273700 -40.726400
v -21.696300 -21.049000 -41.308800
v -21.646800 -20.525500 -41.308800
v -29.174200 -19.546000 -42.485200
v -29.204400 -19.495100 -42.485200
v -27.616300 -18.487200 -42.366900
v -15.801200 -25.621700 -38.322300
v -17.676500 -25.799000 -39.230200
v -17.336700 -25.013800 -39.230200
v -16.357900 -29.911500 -37.312400
v -16.704800 -40.949800 -29.362500
v -17.298400 -40.014500 -30.887200
v -16.066800 -39.177500 -30.887200
v -14.184000 -39.118300 -29.362500
v -14.890100 -38.264700 -30.887200
v -18.338700 -36.050400 -35.003300
v -19.192300 -34.875600 -36.204700
v -17.353900 -35.286500 -35.003300
v -24.378300 -34.198800 -38.322300
v -9.985500 -32.701600 -30.887200
v -6.930000 -29.134100 -29.362500
v -4.967220 -27.496500 -27.534300
v 2.701030 -12.460000 -25.751700
v 2.689610 -12.470200 -25.762400
v 6.707530 -9.799050 -20.061100
v 6.708030 -9.798830 -20.060000
v 6.527120 -9.883060 -20.457200
v 6.444470 -9.930590 -20.627000
v 6.277890 -10.026400 -20.969300
v -5.189150 -33.522300 -22.560100
v -5.190180 -33.451300 -22.662100
v -4.782580 -36.003500 -9.676750
v -4.537700 -35.668300 -10.315100
v -4.468710 -35.472800 -9.676750
v -4.597790 -35.871900 -11.141000
v -4.682660 -36.066900 -11.557700
v -4.604110 -35.893300 -11.227900
v -4.610730 -35.925700 -11.399500
v -12.048800 -28.447200 10.003300
v -12.614600 -29.557700 10.003300
v -11.410700 -30.219500 8.713200
v -21.023800 -32.354700 13.322300
v -21.817300 -32.893900 13.322300
v -20.088500 -33.642100 12.312400
v -8.374820 -35.711600 1.119710
v 18.586400 12.641100 -11.871800
v -13.014700 -38.087500 4.362500
v -6.314000 -37.208900 -19.044300
v -6.616380 -36.989200 -20.500000
v -5.805160 -35.795500 -20.500000
v -10.279000 -41.000700 -4.130270
v -11.337800 -42.558700 -5.955700
v -7.549050 -30.564600 4.362500
v -9.227460 -31.419800 5.887210
v -8.256710 -31.953500 4.362500
v -1.520770 -14.969400 4.846350
v -1.613710 -14.950700 4.959060
v 12.214400 9.753730 0.548774
v 18.905100 15.146000 -8.137130
v 18.563000 13.968500 -8.137130
v -8.551390 -30.092900 5.887210
v -3.933010 -32.266200 -4.130270
v -5.265000 -33.598200 -2.337860
v -4.754650 -33.878700 -4.130270
v -29.940800 -19.059500 -42.485200
v -30.000000 -19.057700 -42.485200
v -29.822700 -17.182300 -42.366900
v -31.273700 -30.082000 -40.726400
v -32.232500 -31.703400 -40.032600
v -31.904200 -29.982100 -40.726400
v -25.791300 -32.953100 -39.230200
v -24.986200 -32.663300 -39.230200
v -26.282500 -39.487900 -35.003300
v -27.513500 -39.682900 -35.003300
v -26.763600 -45.618600 -27.771200
v -35.072900 -30.780500 -40.032600
v -30.000000 -36.862500 -37.312400
v -30.000000 -35.271200 -38.322300
v -18.867700 -30.453900 -38.322300
v -19.505800 -28.681500 -39.230200
v -18.233300 -29.734300 -38.322300
v -24.724500 -40.546800 -33.713200
v -25.066200 -39.216100 -35.003300
v -30.000000 -39.839400 -35.003300
v -31.154500 -38.350900 -36.204700
v -30.000000 -38.387200 -36.204700
v -33.797800 -34.791500 -38.322300
v -34.208700 -32.953100 -39.230200
v -33.387100 -33.191800 -39.230200
v -23.046100 -41.401900 -32.339400
v -27.341300 -41.045900 -33.713200
v -25.783300 -42.104700 -32.339400
v -35.621700 -34.198800 -38.322300
v -36.502200 -33.817800 -38.322300
v -35.799000 -32.323500 -39.230200
v -42.992800 -30.748600 -37.312400
v -43.642100 -29.911500 -37.312400
v -46.459700 -39.896400 -27.771200
v -47.676600 -38.823600 -27.771200
v -45.816000 -39.118300 -29.362500
v -41.419800 -40.772500 -30.887200
v -42.701600 -40.014500 -30.887200
v -40.841100 -39.719800 -32.339400
v -33.236400 -45.618600 -27.771200
v -34.838600 -45.364900 -27.771200
v -34.649400 -44.372900 -29.362500
v -40.390800 -46.244300 -22.662100
v -43.878700 -45.245400 -20.869700
v -46.183300 -42.274400 -24.414400
v -45.711600 -41.625200 -26.119700
v -41.381200 -44.186200 -26.119700
v -51.748800 -37.992200 -22.662100
v -9.716420 -41.599800 -7.806970
v -8.657620 -40.041800 -5.955700
v -9.958170 -41.342400 -5.955700
v -8.400180 -40.283600 -7.806970
v -10.886700 -43.104000 -13.442300
v -9.473720 -41.858300 -13.442300
v -24.601800 -48.298500 -4.130270
v -24.513900 -48.758900 -5.955700
v -19.158900 -39.719800 7.339360
v -20.418500 -40.361600 7.339360
v -19.907100 -41.448600 5.887210
v -6.123160 -35.152700 -22.500000
v -6.215180 -35.288100 -22.500000
v -4.682660 -36.066900 -12.259800
v -5.741470 -37.624900 -13.442300
v -4.743370 -36.156200 -13.088400
v -4.756290 -36.175200 -13.442300
v 8.138070 -9.412440 -14.028800
v 8.140390 -9.420940 -13.937700
v -12.444700 -44.162800 -15.323200
v -10.962100 -43.012800 -15.323200
v -22.835500 -47.903700 -20.869700
v -21.097600 -47.398800 -20.869700
v -20.734100 -48.517600 -13.442300
v -20.770600 -48.405100 -15.323200
v -18.961700 -47.879500 -13.442300
v -22.674900 -42.544500 -30.887200
v -20.865900 -43.070000 -29.362500
v -9.716420 -41.599800 -17.193000
v -11.337800 -42.558700 -19.044300
v -9.958170 -41.342400 -19.044300
v -17.981800 -45.540000 -22.662100
v -18.277200 -44.912300 -24.414400
v -16.401800 -44.735000 -22.662100
v -12.583500 -43.971700 -17.193000
v -11.112700 -42.830800 -17.193000
v -6.995980 -37.139200 -21.218100
v -6.915350 -37.219800 -20.869700
v -16.736000 -44.127000 -24.414400
v -9.423820 -39.322300 -22.662100
v -24.601800 -48.298500 -20.869700
v -26.462300 -48.003800 -22.662100
v -22.631200 -48.699700 -17.193000
v -24.104900 -42.959900 -30.887200
v -28.117200 -49.926000 -11.557700
v -24.403500 -49.337800 -9.676750
v -17.232900 -47.131400 -13.442300
v -19.222200 -47.221500 -19.044300
v -22.543000 -49.043200 -13.442300
v -22.572400 -48.928500 -15.323200
v -20.734100 -48.517600 -11.557700
v -28.161600 -49.219700 -5.955700
v -30.000000 -49.630600 -7.806970
v -16.401800 -44.735000 -2.337860
v -17.981800 -45.540000 -2.337860
v -19.394800 -46.785800 -4.130270
v -19.222200 -47.221500 -5.955700
v -9.554730 -41.772000 -9.676750
v -7.169190 -38.887300 -7.806970
v -16.163700 -41.802500 2.771240
v -15.677200 -42.569000 1.119710
v -14.875500 -43.832400 -2.337860
v -11.112700 -42.830800 -7.806970
v -12.583500 -43.971700 -7.806970
v -2.454510 27.554200 5.855090
v -2.093520 26.443200 6.317610
v -3.865990 28.215700 5.320130
v -15.461800 15.182200 8.555640
v -15.345100 14.445500 8.892780
v -32.773200 -20.529000 17.366900
v -34.609900 -20.879400 17.130600
v -32.734600 -20.702100 17.366900
v -32.284100 -18.340500 17.366900
v -32.383700 -18.487200 17.366900
v -30.762400 -19.446100 17.485200
v -30.177300 -22.817700 17.366900
v -30.294700 -24.683800 17.130600
v -30.000000 -22.823200 17.366900
v -48.446200 -27.303400 10.003300
v -33.681800 -31.331300 15.032600
v -35.013800 -32.663300 14.230200
v -34.208700 -32.953100 14.230200
v -28.271200 -47.478300 -0.585563
v -30.000000 -47.532600 -0.585563
v -28.227600 -48.170700 -2.337860
v -31.488400 -43.657900 5.887210
v -31.558000 -44.763500 4.362500
v -43.836300 -41.802500 2.771240
v -41.722800 -44.912300 -0.585563
v -35.486100 -48.758900 -5.955700
v -35.552200 -49.105800 -7.806970
v -33.669400 -49.046600 -5.955700
v -37.368800 -48.699700 -17.193000
v -37.281000 -48.357700 -19.044300
v -36.421700 -45.011000 2.771240
v -36.647500 -45.890400 1.119710
v -30.000000 -46.730200 1.119710
v -28.321600 -46.677400 1.119710
v -43.933200 -39.177500 5.887210
v -44.584400 -40.073700 4.362500
v -33.109800 -44.616800 4.362500
v -45.404600 -36.404200 7.339360
v -46.227000 -37.279900 5.887210
v -44.344200 -37.339100 7.339360
v -41.366600 -37.910900 8.713200
v -37.303400 -38.446200 10.003300
v -25.828500 -25.042500 16.777500
v -26.153400 -25.294400 16.777500
v -24.664900 -26.449000 16.308800
v -27.485300 -23.962500 17.130600
v -28.487200 -22.383700 17.366900
v -27.739100 -24.112500 17.130600
v -18.109100 -20.748100 15.032600
v -19.918000 -21.273700 15.726400
v -18.179500 -21.493300 15.032600
v -30.726100 -19.399300 17.485200
v -32.175400 -18.200400 17.366900
v -53.423800 -32.877400 1.119710
v -51.802500 -33.836300 2.771240
v -52.569000 -34.322800 1.119710
v -51.625200 -35.711600 1.119710
v -54.127000 -33.264000 -0.585563
v -52.274400 -36.183300 -0.585563
v -37.979500 -44.558400 2.771240
v -38.260100 -45.421900 1.119710
v -47.910900 -31.366600 8.713200
v -35.275500 -40.546800 8.713200
v -35.596400 -41.796300 7.339360
v -45.109900 -38.264700 5.887210
v -47.550000 -41.214300 -0.585563
v -49.896400 -36.459700 2.771240
v -48.823600 -37.676600 2.771240
v -45.177900 -40.890600 2.771240
v -44.791500 -23.797800 13.322300
v -53.598000 -27.667500 4.362500
v -54.558400 -27.979500 2.771240
v -52.959900 -25.895100 5.887210
v -52.544500 -27.325100 5.887210
v -38.123600 -34.776700 12.312400
v -38.858100 -36.112800 11.204600
v -37.828900 -36.637200 11.204600
v -31.226300 -26.428400 16.777500
v -31.568300 -28.221500 16.308800
v -40.780500 -25.072900 15.032600
v -41.935000 -26.561300 14.230200
v -40.440700 -25.739800 15.032600
v -34.683800 -20.294700 17.130600
v -36.531400 -20.410900 16.777500
v -34.656000 -20.588200 17.130600
v -52.274400 -36.183300 -24.414400
v -51.214300 -37.550000 -24.414400
v -56.844900 -28.722400 -22.662100
v -55.599200 -30.135400 -24.414400
v -47.339100 -34.344200 -32.339400
v -50.014500 -32.701600 -30.887200
v -50.772500 -31.419800 -30.887200
v -54.719800 -35.687700 -19.044300
v -50.041800 -41.342400 -19.044300
v -55.245400 -33.878700 -20.869700
v -51.448600 -30.092900 -30.887200
v -59.337800 -25.596500 -15.323200
v -59.046600 -23.669400 -19.044300
v -58.581600 -23.610700 -20.869700
v -58.517600 -29.265900 -13.442300
v -58.758900 -14.513900 -19.044300
v -59.046600 -23.669400 -5.955700
v -53.246600 -34.752700 -0.585563
v -50.445300 -41.772000 -15.323200
v -51.772000 -40.445300 -15.323200
v -55.217400 -36.003500 -9.676750
v -51.599800 -40.283600 -17.193000
v -45.436500 -44.324100 -4.130270
v -45.687700 -44.719800 -5.955700
v -50.283600 -41.599800 -7.806970
v -50.445300 -41.772000 -9.676750
v -47.416500 -43.971700 -7.806970
v -48.887300 -42.830800 -7.806970
v -40.907800 -47.549900 -17.193000
v -46.933400 -43.306800 -20.869700
v -44.104500 -45.656100 -19.044300
v -46.066900 -45.317300 -13.442300
v -44.445500 -46.276200 -11.557700
v -44.445500 -46.276200 -13.442300
v -42.767100 -47.131400 -11.557700
v -42.767100 -47.131400 -13.442300
v -30.000000 -46.730200 -26.119700
v -38.902400 -47.398800 -20.869700
v -26.256700 -49.631300 -15.323200
v -28.139500 -49.572200 -17.193000
v -40.605200 -46.785800 -20.869700
v -35.289100 -47.726500 -22.662100
v -35.159100 -47.045000 -24.414400
v -33.713700 -49.397000 -7.806970
v -50.596000 -37.038500 -26.119700
v -23.915300 -17.590900 16.777500
v -11.576900 -0.627892 12.500000
v -11.655100 -0.410619 12.500000
v 4.056490 21.606100 7.018330
v -0.872781 14.698700 8.738130
v -0.793892 14.707800 8.719070
v -27.865900 -14.610000 16.920000
v -28.001800 -15.753600 17.130600
v -27.724700 -14.514000 16.892500
v -28.272400 -15.636500 17.130600
v -13.383700 1.911620 12.500000
v -19.670200 -6.074800 14.574500
v -20.729500 -7.633560 14.958400
v -25.828500 -14.957500 16.777500
v -21.884600 -9.122720 15.343100
v -4.831970 13.648500 9.537260
v -4.682970 13.705700 9.509390
v -15.531400 4.378560 12.172800
v -25.229400 -15.520100 16.777500
v -12.545100 1.094270 12.500000
v -12.697800 1.267490 12.500000
v -24.957500 -15.828500 16.777500
v 3.361640 22.781000 7.018330
v -2.979750 14.285900 9.182880
v -2.845000 14.319000 9.157230
v 1.348200 24.149300 7.018330
v -32.685100 -20.872400 17.366900
v -32.625000 -21.039300 17.366900
v -36.084700 -22.409100 16.777500
v -37.782000 -23.081100 16.308800
v -35.921500 -22.786400 16.777500
v -28.774600 -15.227500 17.086000
v -28.832900 -15.454400 17.130600
v -28.686900 -15.167900 17.070400
v -28.139200 -14.795700 16.971000
v -38.303700 -21.049000 16.308800
v -36.492700 -20.820200 16.777500
v -7.613200 33.848400 -0.241858
v -15.059200 8.116710 11.191100
v -15.059200 8.116280 11.191200
v 2.093520 26.443200 6.317610
v 0.000000 32.258100 3.303100
v 0.000000 31.241700 4.041610
v 0.705870 31.219500 4.041610
v -0.570126 29.061900 5.320130
v -2.531870 29.861000 4.714840
v -3.146050 29.682500 4.714840
v -2.258060 28.794600 5.320130
v -1.488360 27.802300 5.855090
v -1.684810 26.561900 6.317610
v -4.374230 27.956700 5.320130
v -15.647200 16.139700 8.055130
v 0.995516 27.880300 5.855090
v 9.548500 35.046000 -3.420190
v 9.224170 34.535000 -2.319170
v 18.355100 20.000000 -20.443000
v 16.479900 30.458400 -16.862900
v 16.678700 30.584600 -15.628700
v 18.147700 12.814800 -8.137130
v 18.210400 17.699500 -4.557040
v 17.679600 17.766500 -3.420190
v 18.030000 16.560600 -4.557040
v 14.142100 20.000000 1.642140
v 13.226200 20.000000 2.502220
v 14.114200 19.112000 1.642140
v 13.927100 30.118600 -2.319170
v 11.060700 35.223800 -19.274800
v 10.083000 35.888200 -19.274800
v 11.288900 35.537900 -18.079800
v 4.889640 22.688100 6.705870
v 3.683690 22.337700 7.018330
v 3.823210 22.101800 7.018330
v 11.153000 21.409000 4.041610
v 12.810700 16.710800 2.502220
v 14.530900 16.269100 0.726237
v 12.441500 35.039100 -8.137130
v 12.242300 34.798400 -6.920180
v 13.361200 34.228300 -8.137130
v 17.660700 28.310500 -8.137130
v 17.378000 28.177500 -6.920180
v 19.754200 22.495500 -10.617800
v 18.905100 24.854000 -8.137130
v 18.602500 24.776300 -6.920180
v -13.654900 -33.521800 8.713200
v -14.536200 -34.521400 8.713200
v -12.660900 -34.344200 7.339360
v -10.280200 -30.841100 7.339360
v -3.354710 -14.539300 6.841760
v -4.216480 -14.249300 7.695770
v -11.553800 -27.303400 10.003300
v 10.298800 11.575200 3.130790
v 9.061890 20.570100 5.320130
v 10.180800 20.000000 4.714840
v 7.942960 20.000000 5.855090
v 6.774760 20.000000 6.317610
v 7.927280 19.501300 5.855090
v 17.820100 20.000000 -3.420190
v 17.785000 18.881100 -3.420190
v 18.355100 20.000000 -4.557040
v 17.066100 13.243000 -20.443000
v 17.456700 14.328000 -20.443000
v 18.563000 13.968500 -16.862900
v 18.147700 12.814800 -16.862900
v 19.598000 17.524200 -15.628700
v 19.479800 18.774400 -16.862900
v 19.285700 15.048300 -10.617800
v 19.362100 15.028700 -11.871800
v 14.910000 5.369290 -9.151200
v 17.873700 11.589300 -9.371310
v 14.976700 5.195600 -10.214900
v 18.865700 16.401200 -18.079800
v 18.484300 16.473900 -19.274800
v 5.088720 -10.690800 -22.931300
v 16.948000 14.493300 -21.579800
v 16.372300 14.680300 -22.680800
v 17.896600 14.185000 -19.274800
v 18.210400 17.699500 -20.443000
v 13.450000 15.629800 -26.642100
v 12.578900 15.912900 -27.502200
v 13.697800 16.483000 -26.642100
v -19.251400 -32.992800 -37.312400
v -18.279500 -34.167600 -36.204700
v -11.553800 -27.303400 -35.003300
v 10.309200 29.681000 -26.642100
v 14.967300 27.043100 -23.741700
v 7.693410 21.975300 -30.855100
v 7.554200 22.454500 -30.855100
v 19.172600 23.657400 -16.862900
v 18.865700 23.598800 -18.079800
v 18.905100 24.854000 -16.862900
v 18.318900 21.152500 -20.443000
v 17.785000 21.118900 -21.579800
v 18.210400 22.300500 -20.443000
v 15.002200 20.000000 -25.726200
v 14.114200 19.112000 -26.642100
v 16.509000 18.961300 -23.741700
v 17.378000 28.177500 -18.079800
v 17.104000 29.403000 -16.862900
v 17.660700 28.310500 -16.862900
v 8.236460 25.984100 -29.714800
v 17.679600 22.233500 -21.579800
v 18.030000 23.439400 -20.443000
v -1.225570 39.479800 -16.862900
v 15.380000 26.089400 -23.741700
v 16.006000 26.337200 -22.680800
v 14.268000 24.635900 -25.726200
v 15.029600 24.883400 -24.758100
v 15.341900 32.691900 -10.617800
v 16.108500 31.703500 -10.617800
v -41.540100 -22.963000 -40.032600
v -41.703400 -22.232500 -40.032600
v -2.296950 32.041000 -28.303100
v -3.146050 29.682500 -29.714800
v -4.138330 30.452200 -29.041600
v -38.681500 -9.505830 -39.230200
v -40.453900 -8.867740 -38.322300
v -39.734300 -8.233300 -38.322300
v -8.467720 33.343000 -24.758100
v -8.863440 33.966500 -23.741700
v -7.613200 33.848400 -24.758100
v -6.568240 30.349900 -28.303100
v 10.544000 32.745500 -23.741700
v 9.722910 33.382400 -23.741700
v 10.973200 33.264300 -22.680800
v -4.334790 29.211900 -29.714800
v -3.439400 38.030000 -20.443000
v -4.679750 38.226400 -19.274800
v -3.526070 38.484300 -19.274800
v -3.730900 34.530900 -25.726200
v -3.930070 35.306600 -24.758100
v -59.866900 -20.000000 -15.323200
v -56.067000 -7.733800 -20.869700
v -56.785800 -9.394770 -20.869700
v -56.491100 -7.534250 -19.044300
v -54.763500 -21.558000 -29.362500
v -54.812400 -20.000000 -29.362500
v -53.704700 -20.000000 -30.887200
v -57.315500 -23.450800 -24.414400
v -57.478300 -21.728800 -24.414400
v -56.677400 -21.678400 -26.119700
v -59.748800 -23.758100 -13.442300
v -59.277500 -20.000000 -19.044300
v -59.630600 -20.000000 -17.193000
v -39.448500 -16.259100 -40.726400
v -41.077800 -15.614000 -40.032600
v -39.195000 -15.673200 -40.726400
v -51.796300 -14.403600 -32.339400
v -52.959900 -14.104900 -30.887200
v -51.401900 -13.046100 -32.339400
v -13.288800 1.837990 12.500000
v -4.325950 13.842700 9.442630
v 4.786470 30.171800 4.041610
v 4.138330 30.452200 4.041610
v 4.334790 29.211900 4.714840
v 15.615900 28.584900 -3.420190
v 13.848400 27.613200 -0.241858
v 14.495500 27.969000 -1.258330
v 9.835150 35.497700 -20.443000
v 8.842630 36.084700 -20.443000
v 13.522400 34.399900 -15.628700
v 12.441500 35.039100 -16.862900
v 12.591500 35.220500 -15.628700
v -2.446300 39.364400 -16.862900
v -2.407130 39.054400 -18.079800
v 6.607690 29.094700 4.041610
v 5.984140 28.236500 4.714840
v 6.489500 27.844500 4.714840
v 15.039100 32.441500 -8.137130
v 14.228300 33.361200 -8.137130
v 14.798400 32.242300 -6.920180
v 11.472600 35.790700 -8.137130
v 1.181570 38.780500 -19.274800
v 0.000000 38.817600 -19.274800
v 1.225570 39.479800 -16.862900
v 0.000000 39.518300 -16.862900
v -10.291000 36.216100 -18.079800
v 9.065450 36.490000 -5.725240
v 8.842630 36.084700 -4.557040
v 10.083000 35.888200 -5.725240
v 0.639259 30.160700 4.714840
v -2.073210 36.411200 -1.258330
v -2.961210 35.523200 -0.241858
v -1.980650 35.678500 -0.241858
v -6.560030 36.568700 -3.420190
v -6.337200 36.006000 -2.319170
v 0.000000 37.820100 -3.420190
v -1.118930 37.785000 -3.420190
v 0.000000 37.214800 -2.319170
v -10.083000 35.888200 -5.725240
v -11.060700 35.223800 -5.725240
v -3.745780 39.636100 -13.128200
v -4.971340 39.362100 -11.871800
v -3.745780 39.636100 -11.871800
v 0.000000 35.803100 -0.241858
v 0.000000 35.002200 0.726237
v 0.992285 35.771900 -0.241858
v 0.830482 33.200100 2.502220
v 0.769694 32.234000 3.303100
v 1.536350 32.161500 3.303100
v -10.544000 32.745500 -1.258330
v -18.619100 24.272600 0.859004
v -10.073300 32.176500 -0.241858
v -18.710800 24.452600 0.586758
v -18.902500 24.776800 0.073652
v -7.227380 33.146500 0.726237
v -6.813030 32.392800 1.642140
v -5.522690 33.948700 0.726237
v -19.670200 26.074800 -2.463950
v -19.646300 26.034400 -2.365700
v -20.883400 27.832000 -15.941900
v -13.630200 34.514700 -14.382200
v -20.960800 27.931800 -14.944300
v -7.358860 38.586400 -13.128200
v -8.511380 38.087600 -11.871800
v -7.358860 38.586400 -11.871800
v -8.511380 38.087600 -13.128200
v -10.584600 36.678700 -9.371310
v -11.703500 36.108500 -14.382200
v -11.749900 36.172400 -13.128200
v -11.288900 35.537900 -6.920180
v -11.994800 34.499200 -5.725240
v -4.776310 38.602500 -6.920180
v -6.031500 38.563000 -8.137130
v -5.934940 38.265900 -6.920180
v -51.342400 0.041829 -19.044300
v -52.406300 -1.080060 -18.750000
v -51.383300 0.080260 -18.750000
v -52.558700 -1.337820 -19.044300
v -54.324100 -4.563470 -20.869700
v -48.264700 -4.890090 -30.887200
v -47.279900 -3.773050 -30.887200
v -51.802500 -6.163740 -27.771200
v -58.357700 -27.281000 -5.955700
v -59.105800 -25.552200 -7.806970
v -59.572200 -21.860500 -7.806970
v -53.704700 -20.000000 5.887210
v -53.284800 -24.441800 5.887210
v -54.032900 -26.170600 4.362500
v -53.306800 -36.933400 -4.130270
v -52.325900 -22.820400 7.339360
v -51.192500 -19.341000 8.713200
v -53.664000 -18.707900 5.887210
v -52.789500 -18.962000 6.954000
v -48.868300 -26.130700 -35.003300
v -49.216100 -24.933800 -35.003300
v -47.487300 -25.682000 -36.204700
v -54.558400 -27.979500 -27.771200
v -44.791500 -16.202200 -38.322300
v -46.037200 -14.789200 -37.312400
v -44.523800 -15.280900 -38.322300
v -46.345100 -6.478200 -33.713200
v -54.186200 -8.618840 -26.119700
v -55.599200 -9.864560 -24.414400
v -51.213200 -20.000000 -33.713200
v -52.458900 -18.587000 -32.339400
v -51.171300 -18.668000 -33.713200
v -42.893900 -11.817300 -38.322300
v -44.237500 -10.964600 -37.312400
v -43.642100 -10.088500 -37.312400
v -54.763500 -18.442000 -29.362500
v -55.771300 -18.378600 -27.771200
v -55.618600 -16.763600 -27.771200
v -35.973200 -28.221300 -40.726400
v -36.477600 -27.830100 -40.726400
v -35.335100 -26.449000 -41.308800
v -46.332700 -24.193500 -37.312400
v -48.061500 -23.445400 -36.204700
v -46.563800 -23.159700 -37.312400
v -41.935000 -13.438700 -39.230200
v -43.382300 -12.643000 -38.322300
v -41.935000 -26.561300 -39.230200
v -40.780500 -25.072900 -40.032600
v -29.708800 -19.103800 -42.485200
v -29.765700 -19.087300 -42.485200
v -29.297900 -17.265400 -42.366900
v -40.494200 -28.681500 -39.230200
v -24.474500 -16.493400 -41.777500
v -29.471000 -17.226800 -42.366900
v -29.646200 -17.199000 -42.366900
v -29.411800 -15.344000 -42.130600
v -35.525500 -23.506600 -41.777500
v -36.492700 -20.820200 -41.777500
v -30.454000 -20.825800 -42.485200
v -34.545600 -21.167100 -42.130600
v -28.067400 -17.941900 -42.366900
v -29.399300 -19.273900 -42.485200
v -33.081100 -12.218000 -41.308800
v -36.338700 -18.372500 -41.777500
v -38.221500 -18.431700 -41.308800
v -33.152700 -14.265200 -41.777500
v -33.563700 -12.426800 -41.308800
v -32.786400 -14.078500 -41.777500
v -38.221300 -14.026800 -40.726400
v -37.830100 -13.522400 -40.726400
v -39.180200 -12.405500 -40.032600
v -41.018600 -11.994500 -39.230200
v -40.494200 -11.318500 -39.230200
v -44.198800 -25.621700 -38.322300
v -42.953100 -24.208700 -39.230200
v -41.499500 -12.702200 -39.230200
v -37.066800 -15.515300 -41.308800
v -38.580200 -14.554900 -40.726400
v -36.771300 -15.080400 -41.308800
v -40.748600 -7.007220 -37.312400
v -42.586900 -6.596300 -36.204700
v -41.720500 -5.832410 -36.204700
v -30.504900 -19.204400 -42.485200
v -31.512800 -17.616300 -42.366900
v -30.454000 -19.174200 -42.485200
v -31.932600 -17.941900 -42.366900
v -32.991500 -16.384000 -42.130600
v -27.445400 -18.797900 -42.366900
v -27.526000 -18.639900 -42.366900
v -25.887500 -17.739100 -42.130600
v -0.699337 25.535800 -31.705900
v -31.049000 -11.696300 -41.308800
v -29.120600 -15.390100 -42.130600
v -28.773700 -13.571600 -41.777500
v 5.048770 22.375800 -31.705900
v 3.823210 22.101800 -32.018300
v 4.889640 22.688100 -31.705900
v 1.085000 24.225800 -32.018300
v -28.549800 -15.536700 -42.130600
v 0.000000 34.142100 -26.642100
v -0.887992 34.114200 -26.642100
v 0.000000 35.002200 -25.726200
v 7.813630 29.445100 -28.303100
v 1.269460 26.654800 -31.317600
v 0.849102 26.721300 -31.317600
v 1.488360 27.802300 -30.855100
v 1.684810 26.561900 -31.317600
v -2.258060 28.794600 -30.320100
v -2.531870 29.861000 -29.714800
v -1.907700 30.000500 -29.714800
v -0.425390 26.761400 -31.317600
v -0.849102 26.721300 -31.317600
v -0.498742 27.927300 -30.855100
v -22.039900 -17.413600 -41.308800
v -26.787400 -16.578900 -42.130600
v -25.828500 -14.957500 -41.777500
v 3.683690 22.337700 -32.018300
v -4.374230 27.956700 -30.320100
v 0.425390 26.761400 -31.317600
v 0.000000 26.774800 -31.317600
v 0.498742 27.927300 -30.855100
v -29.705300 -15.316200 -42.130600
v -2.093520 26.443200 -31.317600
v -2.454510 27.554200 -30.855100
v 9.053980 29.641500 -27.502200
v -1.975330 27.693400 -30.855100
v -23.507300 -19.179800 -41.777500
v -25.344000 -19.411800 -42.130600
v -23.571600 -18.773700 -41.777500
v -24.957500 -24.171500 -41.777500
v -26.384000 -22.991500 -42.130600
v -24.705600 -23.846600 -41.777500
v -13.962800 -25.210800 -37.312400
v -15.208500 -23.797800 -38.322300
v -13.667300 -24.193500 -37.312400
v -16.617700 -27.357000 -38.322300
v -26.918900 -27.782000 -41.308800
v -27.590900 -26.084700 -41.777500
v -27.213600 -25.921500 -41.777500
v 8.918980 21.701400 -30.320100
v 8.794550 22.258100 -30.320100
v 10.000500 21.907700 -29.714800
v 11.658200 16.212000 -28.303100
v 10.691500 16.526100 -29.041600
v -19.857900 -20.638100 -40.726400
v 6.774760 20.000000 -31.317600
v -27.886600 -36.729500 -37.312400
v -27.138500 -35.000700 -38.322300
v -31.413000 -42.458900 -32.339400
v -31.332000 -41.171300 -33.713200
v -22.171100 -36.637200 -36.204700
v -22.820300 -35.257600 -37.312400
v -16.772900 -38.205600 -32.339400
v -15.655800 -37.339100 -32.339400
v -9.404030 -37.038500 -26.119700
v -13.014700 -38.087500 -29.362500
v -13.773000 -37.279900 -30.887200
v -14.999300 -22.861500 -38.322300
v -5.222380 -32.317800 -24.035100
v -5.230160 -32.630700 -23.693600
v -5.226780 -32.752900 -23.545800
v -5.217490 -33.087700 -23.140800
v -5.213740 -31.970100 -24.414400
v -5.217260 -33.093200 -23.134000
v -5.121500 -35.148700 -19.581100
v -5.280190 -35.687700 -19.044300
v -5.122020 -35.143200 -19.593700
v -5.079900 -35.349000 -19.044300
v -5.154130 -34.762200 -20.457200
v -5.595760 -35.487400 -20.500000
v -5.153960 -34.740400 -20.500000
v -5.137650 -34.976200 -19.977400
v -6.039830 -35.011800 -22.500000
v -5.218830 -33.623600 -22.500000
v 14.993500 5.151940 -10.482300
v 15.001900 5.129920 -10.753500
v -11.735300 -35.109900 5.887210
v -12.323400 -38.823600 2.771240
v -10.514500 -38.298100 1.119710
v -11.176400 -37.676600 2.771240
v -11.701900 -39.485500 1.119710
v -7.371780 -32.440000 2.771240
v -9.638380 -29.581500 7.339360
v 15.380000 13.910600 -1.258330
v 16.006000 13.662800 -2.319170
v 14.268000 15.364100 0.726237
v 13.450000 15.629800 1.642140
v 13.948700 14.477300 0.726237
v -5.991070 -29.505800 2.771240
v 16.372300 14.680300 -2.319170
v 16.568700 13.440000 -3.420190
v -5.813800 -31.381200 1.119710
v -6.576150 -32.877400 1.119710
v 17.778400 15.435300 -4.557040
v 17.456700 14.328000 -4.557040
v 18.226400 15.320200 -5.725240
v -4.296710 -34.726700 -7.841690
v -4.382790 -35.046200 -8.542780
v -4.400170 -35.126800 -8.749270
v -7.430950 -34.322800 1.119710
v -2.444500 -14.783200 5.885290
v -2.142610 -14.844000 5.561870
v 11.122900 10.866900 2.161510
v 12.836500 9.003310 -0.617528
v 12.928700 8.889490 -0.821703
v 13.224600 8.473070 -1.508920
v 0.352627 -15.166300 2.476020
v 0.554538 -15.168400 2.182120
v 0.311038 -15.163300 2.538180
v -28.773700 -26.428400 -41.777500
v -29.411800 -24.656000 -42.130600
v -29.120600 -24.609900 -42.130600
v -36.207500 -35.678400 -37.312400
v -37.179700 -35.257600 -37.312400
v -32.586400 -27.960100 -41.308800
v -33.140300 -29.664800 -40.726400
v -33.081100 -27.782000 -41.308800
v -42.057900 -39.000200 -32.339400
v -43.933200 -39.177500 -30.887200
v -43.227100 -38.205600 -32.339400
v -36.956500 -27.407900 -40.726400
v -35.729500 -26.101300 -41.308800
v -32.861500 -35.000700 -38.322300
v -32.552100 -33.378500 -39.230200
v -32.113400 -36.729500 -37.312400
v -30.525500 -28.353200 -41.308800
v -31.049000 -28.303700 -41.308800
v -31.808900 -48.752000 -20.869700
v -30.000000 -45.822300 -27.771200
v -41.720500 -34.167600 -36.204700
v -40.748600 -32.992800 -37.312400
v -40.219500 -38.589300 -33.713200
v -41.366600 -37.910900 -33.713200
v -40.630500 -36.750900 -35.003300
v -26.025000 -40.837500 -33.713200
v -20.442300 -37.385400 -35.003300
v -35.596400 -41.796300 -32.339400
v -35.275500 -40.546800 -33.713200
v -36.130700 -38.868300 -35.003300
v -23.352500 -45.890400 -26.119700
v -26.549200 -47.315500 -24.414400
v -15.677200 -42.569000 -26.119700
v -16.163700 -41.802500 -27.771200
v -14.288400 -41.625200 -26.119700
v -20.147600 -35.524800 -36.204700
v -21.141900 -36.112800 -36.204700
v -20.964600 -34.237500 -37.312400
v -47.161800 -32.468800 -33.713200
v -44.237500 -29.035400 -37.312400
v -45.404600 -36.404200 -32.339400
v -45.463800 -34.521400 -33.713200
v -44.521400 -35.463800 -33.713200
v -46.404200 -35.404600 -32.339400
v -47.038500 -40.596000 -26.119700
v -44.584400 -40.073700 -29.362500
v -33.109800 -44.616800 -29.362500
v -32.971000 -43.517700 -30.887200
v -34.441800 -43.284800 -30.887200
v -35.895100 -42.959900 -30.887200
v -45.124500 -43.832400 -22.662100
v -6.987190 -39.037900 -15.323200
v -5.837200 -37.555300 -15.323200
v -9.554730 -41.772000 -15.323200
v 14.636500 6.009450 -6.793580
v 17.660700 11.689500 -8.137130
v 17.378000 11.822500 -6.920180
v 14.783500 5.688280 -7.840650
v -16.736000 -44.127000 -0.585563
v -8.374820 -35.711600 -26.119700
v -7.292530 -36.842200 -22.500000
v -7.121720 -36.622000 -22.500000
v -7.289690 -36.845500 -22.487000
v -7.430950 -34.322800 -26.119700
v -8.197540 -33.836300 -27.771200
v -7.169190 -38.887300 -17.193000
v -8.400180 -40.283600 -17.193000
v -7.441300 -38.662200 -19.044300
v -5.837200 -37.555300 -9.676750
v -4.982010 -35.876900 -17.193000
v -13.996500 -45.217400 -9.676750
v -15.611500 -46.172500 -9.676750
v -23.152900 -46.667600 -24.414400
v -21.277600 -46.844900 -22.662100
v -18.618800 -44.186200 -26.119700
v -17.122600 -43.423800 -26.119700
v -14.312300 -44.719800 -19.044300
v -19.609200 -46.244300 -22.662100
v -14.123100 -45.018000 -17.193000
v -16.121300 -45.245400 -20.869700
v -13.540300 -39.896400 -27.771200
v -12.323400 -38.823600 -27.771200
v -13.654900 -33.521800 -33.713200
v -12.007800 -41.748800 -22.662100
v -13.816700 -42.274400 -24.414400
v -12.450000 -41.214300 -24.414400
v -12.961500 -40.596000 -26.119700
v -11.636600 -42.197600 -20.869700
v -24.403500 -49.337800 -15.323200
v -30.000000 -48.226400 -22.662100
v -28.117200 -49.926000 -13.442300
v -35.596500 -49.337800 -15.323200
v -35.552200 -49.105800 -17.193000
v -30.000000 -49.985200 -13.442300
v -30.000000 -49.985200 -11.557700
v -26.330600 -49.046600 -5.955700
v -24.447800 -49.105800 -7.806970
v -13.996500 -45.217400 -15.323200
v -17.383900 -46.810600 -7.806970
v -19.005300 -47.769500 -9.676750
v -19.092200 -47.549900 -7.806970
v -21.277600 -46.844900 -2.337860
v -18.618800 -44.186200 1.119710
v -19.864600 -45.599200 -0.585563
v -18.277200 -44.912300 -0.585563
v -7.802430 -38.363400 -4.130270
v -8.999280 -39.721000 -4.130270
v -7.441300 -38.662200 -5.955700
v -15.166600 6.980030 11.504600
v -15.189300 6.739990 11.567900
v -30.547400 -16.289200 17.249500
v -30.353800 -17.199000 17.366900
v -30.474200 -16.245900 17.245500
v -30.558300 -16.294800 17.249900
v -32.625000 -18.960700 17.366900
v -15.028600 10.909700 10.308900
v -15.021500 10.684100 10.386100
v -3.381950 27.187000 5.855090
v -15.202900 13.404400 9.360360
v -2.924000 27.385200 5.855090
v -15.220200 13.587200 9.283400
v -43.378500 -22.552100 14.230200
v -43.191800 -23.387100 14.230200
v -31.512800 -22.383700 17.366900
v -32.514700 -23.962500 17.130600
v -32.260900 -24.112500 17.130600
v -27.265400 -20.702100 17.366900
v -27.314900 -20.872400 17.366900
v -25.536700 -21.450200 17.130600
v -34.251300 -17.999500 17.129600
v -34.253300 -18.000200 17.129300
v -34.246400 -18.001800 17.130600
v -29.120600 -24.609900 17.130600
v -29.471000 -22.773200 17.366900
v -29.411800 -24.656000 17.130600
v -27.739100 -15.887500 17.130600
v -38.221300 -25.973200 15.726400
v -36.449000 -25.335100 16.308800
v -47.096000 -26.768800 11.204600
v -40.494200 -28.681500 14.230200
v -43.592800 -20.855200 14.230200
v -41.499500 -27.297800 14.230200
v -41.766700 -29.734300 13.322300
v -43.642100 -29.911500 12.312400
v -46.637200 -27.828900 11.204600
v -39.911500 -33.642100 12.312400
v -38.182700 -32.893900 13.322300
v -37.357000 -33.382300 13.322300
v -36.502200 -33.817800 13.322300
v -30.000000 -48.226400 -2.337860
v -28.191100 -48.752000 -4.130270
v -35.596500 -49.337800 -9.676750
v -33.743300 -49.631300 -9.676750
v -39.156400 -48.180400 -7.806970
v -40.390800 -46.244300 -2.337860
v -40.605200 -46.785800 -4.130270
v -40.777800 -47.221500 -5.955700
v -39.047200 -47.844600 -5.955700
v -38.902400 -47.398800 -4.130270
v -37.164500 -47.903700 -4.130270
v -38.508100 -46.185100 -0.585563
v -40.135400 -45.599200 -0.585563
v -39.840000 -44.853100 1.119710
v -31.621400 -45.771300 2.771240
v -28.378600 -45.771300 2.771240
v -30.000000 -45.822300 2.771240
v -28.511600 -43.657900 5.887210
v -30.000000 -43.704700 5.887210
v -28.442000 -44.763500 4.362500
v -42.877400 -43.423800 1.119710
v -10.881700 -35.816000 4.362500
v -12.720100 -36.227000 5.887210
v -11.912500 -36.985300 4.362500
v -30.000000 -39.839400 10.003300
v -31.245700 -39.800200 10.003300
v -30.000000 -41.213200 8.713200
v -42.701600 -40.014500 5.887210
v -43.295200 -40.949800 4.362500
v -44.875600 -30.807700 11.204600
v -45.286500 -32.646100 10.003300
v -44.167600 -31.720400 11.204600
v -21.094900 -24.895600 15.726400
v -22.665500 -24.032200 16.308800
v -21.419800 -25.445100 15.726400
v -23.551000 -25.335100 16.308800
v -25.229400 -24.479900 16.777500
v -23.898700 -25.729500 16.308800
v -28.925200 -15.329800 17.111300
v -29.052700 -15.405300 17.130600
v -25.307000 -20.000000 17.130600
v -27.176800 -20.000000 17.366900
v -25.316200 -20.294700 17.130600
v -31.202100 -22.554600 17.366900
v -31.998200 -24.246400 17.130600
v -31.039300 -22.625000 17.366900
v -21.696300 -21.049000 16.308800
v -20.017900 -21.904200 15.726400
v -24.554900 -28.580200 15.726400
v -25.967800 -27.334500 16.308800
v -25.104400 -28.905100 15.726400
v -22.426800 -23.563700 16.308800
v -24.265200 -23.152700 16.777500
v 4.149330 21.348200 7.018330
v 0.230389 14.794400 8.463860
v 5.306730 21.724300 6.705870
v -0.274405 14.767900 8.590040
v -0.545626 14.736500 8.659100
v -11.536200 -0.740921 12.500000
v -11.424300 -1.115960 12.500000
v -21.893200 -17.918500 16.308800
v -10.966600 -2.773830 12.500000
v -11.035800 -2.464220 12.500000
v 5.480990 21.045600 6.705870
v 1.102070 14.812700 8.242010
v 1.176560 14.811900 8.222230
v -50.073700 -34.584400 4.362500
v -50.890600 -35.177900 2.771240
v -52.835700 -36.591100 -2.337860
v -41.381200 -44.186200 1.119710
v -40.092900 -41.448600 5.887210
v -44.521400 -35.463800 8.713200
v -50.014500 -32.701600 5.887210
v -50.596000 -37.038500 1.119710
v -46.985300 -38.087500 4.362500
v -48.087500 -36.985300 4.362500
v -41.953500 -41.743300 4.362500
v -48.387200 -20.000000 11.204600
v -46.946500 -19.934900 12.249900
v -48.380900 -19.799300 11.204600
v -50.612100 -19.470100 9.262000
v -48.061500 -23.445400 11.204600
v -47.487300 -25.682000 11.204600
v -46.112800 -28.858100 11.204600
v -52.040000 -28.726300 5.887210
v -36.956500 -27.407900 15.726400
v -39.035400 -34.237500 12.312400
v -43.512300 -21.707000 14.230200
v -37.960100 -22.586400 16.308800
v -42.953100 -24.208700 14.230200
v -44.198800 -25.621700 13.322300
v -42.663300 -25.013800 14.230200
v -41.909000 -19.826700 15.032600
v -42.200500 -19.854200 14.895900
v -41.914400 -20.000000 15.032600
v -45.271000 -19.991500 13.322300
v -7.774190 30.700300 2.502220
v -17.106700 21.043700 4.645380
v -16.986400 20.709600 4.929110
v -17.140900 21.122700 4.575590
v -55.771300 -21.621400 -27.771200
v -58.003800 -23.537700 -22.662100
v -48.350900 -18.845500 -36.204700
v -49.839400 -20.000000 -35.003300
v -49.800200 -18.754300 -35.003300
v -55.364900 -24.838600 -27.771200
v -54.372900 -24.649400 -29.362500
v -49.719800 -30.841100 -32.339400
v -50.361600 -29.581500 -32.339400
v -52.544500 -27.325100 -30.887200
v -51.342400 -40.041800 -19.044300
v -57.339600 -27.019600 -22.662100
v -54.127000 -33.264000 -24.414400
v -59.454100 -25.618700 -13.442300
v -58.758900 -25.486100 -5.955700
v -50.041800 -41.342400 -5.955700
v -51.342400 -40.041800 -5.955700
v -45.876900 -45.018000 -7.806970
v -46.003500 -45.217400 -9.676750
v -53.971700 -37.416500 -7.806970
v -56.172500 -34.388500 -9.676750
v -51.772000 -40.445300 -9.676750
v -46.591100 -42.835700 -22.662100
v -39.229400 -48.405100 -9.676750
v -42.266200 -46.067000 -20.869700
v -44.388500 -46.172500 -9.676750
v -44.752700 -43.246600 -24.414400
v -52.450900 -30.564600 -29.362500
v -10.729800 -5.718250 12.500000
v -19.857900 -19.361900 15.726400
v -10.725200 -5.864120 12.500000
v 2.922280 14.687200 7.674580
v 6.761390 20.425400 6.317610
v 3.158170 14.654800 7.595280
v 2.375770 25.048800 6.705870
v -9.514190 10.537600 10.541600
v -9.073290 10.943000 10.429500
v -9.744010 10.297900 10.605900
v -16.041600 2.198230 12.692300
v -12.312300 6.769950 11.504000
v -11.852200 7.586440 11.304400
v -12.394000 6.600930 11.544500
v -16.213500 1.606690 12.827100
v 5.048770 22.375800 6.705870
v -26.384000 -17.008500 17.130600
v -24.705600 -16.153400 16.777500
v -15.746300 3.417280 12.407100
v -28.357100 -14.943800 17.011700
v -32.953000 -17.459100 17.231200
v -32.058100 -18.067400 17.366900
v -33.030700 -17.492800 17.226600
v -8.455050 11.471400 10.280700
v -8.820550 11.175400 10.365200
v -12.682300 6.004610 11.687400
v -16.292000 1.336400 12.888700
v -10.166400 9.857470 10.723300
v -10.774600 9.137720 10.911100
v -11.336500 8.381210 11.104700
v -11.849700 7.590910 11.303300
v -35.725000 -18.530100 16.898400
v -34.609900 -19.120600 17.130600
v -34.545600 -18.832900 17.130600
v -35.729500 -18.531700 16.897600
v -35.873900 -18.573600 16.872500
v -25.390100 -19.120600 17.130600
v 0.000000 29.079800 5.320130
v 0.570126 29.061900 5.320130
v 3.473870 30.691500 4.041610
v 3.146050 29.682500 4.714840
v -0.995516 27.880300 5.855090
v -15.484200 15.323500 8.486290
v -15.511100 15.493100 8.403040
v -1.138000 29.008200 5.320130
v -4.512520 31.397300 3.303100
v -5.219260 31.091500 3.303100
v -4.138330 30.452200 4.041610
v -15.942500 17.460700 7.307370
v -15.887700 17.215300 7.458610
v 7.774190 30.700300 2.502220
v 6.568240 30.349900 3.303100
v 7.205150 29.917000 3.303100
v 2.073210 36.411200 -1.258330
v 1.980650 35.678500 -0.241858
v 18.318900 18.847500 -20.443000
v 17.504500 23.339200 -21.579800
v 17.260300 24.431700 -21.579800
v 15.523200 22.961200 -24.758100
v 15.306600 23.930100 -24.758100
v 16.021900 24.113700 -23.741700
v 18.016200 28.477800 -14.382200
v 18.087600 28.511400 -13.128200
v 17.079100 22.157600 -22.680800
v 16.608200 27.815200 -4.557040
v 16.124100 27.587400 -3.420190
v 16.568700 26.560000 -3.420190
v 19.364400 22.446300 -8.137130
v 18.865700 23.598800 -6.920180
v 19.054400 22.407100 -6.920180
v 11.700000 34.142800 -4.557040
v 12.564900 33.380300 -4.557040
v 11.288900 35.537900 -6.920180
v 9.630320 37.517500 -11.871800
v 8.511380 38.087600 -11.871800
v 9.592310 37.448400 -10.617800
v 11.611000 35.981100 -9.371310
v 12.591500 35.220500 -9.371310
v 10.000500 18.092300 4.714840
v 9.860980 17.468100 4.714840
v 10.888500 17.204300 4.041610
v -25.520100 -15.229400 16.777500
v -12.471400 0.999348 12.500000
v -2.531160 14.396100 9.094650
v 3.529630 22.564400 7.018330
v 17.785000 21.118900 -3.420190
v 15.771900 19.007700 -0.241858
v 14.883900 18.119700 0.726237
v 15.678500 18.019300 -0.241858
v 13.147300 34.000500 -6.920180
v 16.084700 28.842600 -4.557040
v 19.558600 23.731000 -10.617800
v 15.981100 31.611000 -9.371310
v 16.678700 30.584600 -9.371310
v 17.026700 28.012100 -5.725240
v 17.496200 26.927200 -5.725240
v 18.147700 27.185200 -8.137130
v 18.265900 25.934900 -6.920180
v 18.780500 18.818400 -5.725240
v 18.318900 18.847500 -4.557040
v 18.669200 17.641500 -5.725240
v 19.172600 16.342600 -8.137130
v 18.865700 16.401200 -6.920180
v 19.403900 16.298500 -9.371310
v -17.122600 -43.423800 1.119710
v -28.726300 -30.082000 15.726400
v -29.474500 -28.353200 16.308800
v -31.904200 -29.982100 15.726400
v -16.066800 -39.177500 5.887210
v 9.253720 12.324600 4.148600
v -5.968680 -13.472500 9.249480
v -6.512790 -13.166000 9.692710
v -13.962800 -25.210800 12.312400
v -19.559300 -25.739800 15.032600
v -19.940300 -26.384100 15.032600
v -18.065000 -26.561300 14.230200
v 11.219500 19.294100 4.041610
v 10.100500 18.724000 4.714840
v 11.153000 18.591000 4.041610
v -13.667300 -24.193500 12.312400
v -15.208500 -23.797800 13.322300
v -12.904000 -26.768800 11.204600
v 19.990100 20.000000 -11.871800
v 19.950700 18.744800 -11.871800
v 7.673870 -9.425680 -17.258000
v 17.660700 11.689500 -16.862900
v 17.873700 11.589300 -15.628700
v 7.547240 -9.464690 -17.772100
v 7.509720 -9.483260 -17.908900
v 19.285700 15.048300 -14.382200
v 19.403900 16.298500 -15.628700
v 19.172600 16.342600 -16.862900
v 18.905100 15.146000 -16.862900
v 19.558600 16.269000 -14.382200
v 19.362100 15.028700 -13.128200
v 19.479800 18.774400 -8.137130
v 19.714800 18.759700 -9.371310
v -5.872960 -33.264000 -0.585563
v -6.753420 -34.752700 -0.585563
v -3.072150 -27.643800 -0.954518
v -5.087720 -31.722800 -0.585563
v -3.118870 -27.831200 -1.043150
v 14.092600 7.093900 -4.096570
v 17.026700 11.987800 -5.725240
v 16.608200 12.184800 -4.557040
v 14.328300 6.654360 -5.098110
v 19.011700 13.822700 -11.871800
v 19.011700 13.822700 -13.128200
v 18.087600 11.488600 -13.128200
v 18.586400 12.641100 -13.128200
v 18.602500 15.223700 -18.079800
v 19.168000 18.794100 -18.079800
v 7.410150 -9.514100 -18.209800
v 7.299160 -9.548460 -18.545200
v 15.306600 16.069900 -24.758100
v 14.530900 16.269100 -25.726200
v 14.736500 17.188900 -25.726200
v -9.638380 -29.581500 -32.339400
v -17.413100 -33.403700 -36.204700
v -17.707800 -31.543200 -37.312400
v -16.596300 -32.586900 -36.204700
v -18.456800 -32.292200 -37.312400
v -10.999800 -32.057900 -32.339400
v -12.089100 -31.366600 -33.713200
v -12.904000 -26.768800 -36.204700
v -11.131700 -26.130700 -35.003300
v 11.219500 19.294100 -29.041600
v 2.564430 23.529600 -32.018300
v 2.989820 24.711200 -31.705900
v -29.446100 -19.237600 -42.485200
v 11.397300 24.512500 -28.303100
v 11.091500 25.219300 -28.303100
v 12.297400 24.868900 -27.502200
v 6.761390 20.425400 -31.317600
v 7.942960 20.000000 -30.855100
v 7.927280 20.498700 -30.855100
v 9.061890 20.570100 -30.320100
v 18.669200 17.641500 -19.274800
v 16.909900 23.225700 -22.680800
v 19.054400 17.592900 -18.079800
v 12.810700 16.710800 -27.502200
v 15.678500 21.980700 -24.758100
v 14.883900 21.880300 -25.726200
v 11.873000 16.951500 -28.303100
v 13.891600 17.350000 -26.642100
v 15.576500 27.329700 -22.680800
v 8.863440 33.966500 -23.741700
v 8.293310 35.085500 -22.680800
v 9.224170 34.535000 -22.680800
v 9.682540 23.146000 -29.714800
v 10.452200 24.138300 -29.041600
v 8.584910 35.615900 -21.579800
v 15.537900 31.288900 -18.079800
v -1.276000 30.100500 -29.714800
v -1.408950 31.153000 -29.041600
v 11.359000 33.730600 -21.579800
v 10.474400 34.416800 -21.579800
v 10.788900 34.849600 -20.443000
v 9.548500 35.046000 -21.579800
v 14.399900 33.522400 -15.628700
v 13.630200 34.514700 -14.382200
v 14.514700 33.630200 -14.382200
v 15.888200 30.083000 -19.274800
v 15.223800 31.060700 -19.274800
v 16.216100 30.291000 -18.079800
v 15.981100 31.611000 -15.628700
v 15.341900 32.691900 -14.382200
v 16.108500 31.703500 -14.382200
v -46.729500 -22.113400 -37.312400
v -7.774190 30.700300 -27.502200
v -42.468800 -2.838160 -33.713200
v -8.312540 31.441200 -26.642100
v -3.289230 32.810700 -27.502200
v -39.852400 -4.475160 -36.204700
v -4.868900 32.297400 -27.502200
v -48.847400 0.070430 -24.414400
v -50.070400 -1.152610 -24.414400
v -4.281160 36.674000 -22.680800
v -4.431690 37.260300 -21.579800
v -3.339160 37.504500 -21.579800
v -11.359000 33.730600 -21.579800
v -11.700000 34.142800 -20.443000
v -10.788900 34.849600 -20.443000
v 2.811140 34.736500 -25.726200
v 1.975330 27.693400 -30.855100
v 2.233450 37.679600 -21.579800
v -4.883430 35.029600 -24.758100
v -1.772480 34.030600 -26.642100
v -1.880280 34.883900 -25.726200
v -0.941997 34.972600 -25.726200
v -2.300500 38.210400 -20.443000
v -2.358470 38.669200 -19.274800
v -0.992285 35.771900 -24.758100
v -2.073210 36.411200 -23.741700
v -1.038660 36.509000 -23.741700
v -1.205950 39.168000 -18.079800
v -11.060700 35.223800 -19.274800
v -11.994800 34.499200 -19.274800
v -11.288900 35.537900 -18.079800
v -10.118600 33.927100 -22.680800
v -10.973200 33.264300 -22.680800
v -10.474400 34.416800 -21.579800
v -59.620800 -16.189800 -9.676750
v -48.242200 -22.304500 -36.204700
v -52.274400 -3.816720 -24.414400
v -53.246600 -5.247270 -24.414400
v -57.398800 -11.097600 -20.869700
v -56.844900 -11.277600 -22.662100
v -59.046600 -16.330600 -19.044300
v -59.115300 -16.461000 -18.750000
v -59.102300 -16.323500 -18.750000
v -57.903700 -12.835500 -20.869700
v -59.474000 -16.276600 -16.579000
v -59.452600 -16.289200 -16.756800
v -59.631300 -16.256700 -15.323200
v -57.726500 -25.289100 -22.662100
v -59.454100 -25.618700 -11.557700
v -44.875600 -9.192270 -36.204700
v -45.286500 -7.353920 -35.003300
v -44.167600 -8.279550 -36.204700
v -49.000200 -7.942110 -32.339400
v -52.544500 -12.674900 -30.887200
v 2.884550 26.130000 6.317610
v 10.073300 32.176500 -0.241858
v 9.288830 32.785000 -0.241858
v 9.562780 31.559400 0.726237
v 15.497700 29.835100 -4.557040
v 14.416800 30.474400 -3.420190
v 15.046000 29.548500 -3.420190
v 3.556710 24.299300 6.705870
v 7.187000 23.381900 5.855090
v 5.936770 23.263800 6.317610
v 6.129980 22.884600 6.317610
v 16.006000 26.337200 -2.319170
v 10.669000 36.811600 -14.382200
v 10.711200 36.878200 -13.128200
v 4.912560 39.133200 -9.371310
v 3.701490 39.403900 -9.371310
v 4.854010 38.905100 -8.137130
v 8.477790 38.016200 -14.382200
v 7.271850 38.366600 -15.628700
v 7.329820 38.513000 -14.382200
v -9.065450 36.490000 -19.274800
v -9.252500 36.830200 -18.079800
v 5.934940 38.265900 -6.920180
v 4.679750 38.226400 -5.725240
v 5.814960 37.896600 -5.725240
v 6.152910 38.936700 -14.382200
v 6.104250 38.786900 -15.628700
v 13.717500 32.881500 -5.725240
v 14.499200 31.994800 -5.725240
v 2.505430 39.832500 -13.128200
v 1.250240 39.871900 -14.382200
v 1.255190 39.950700 -13.128200
v 6.813030 32.392800 1.642140
v 6.371790 31.590200 2.502220
v 7.086970 31.167300 2.502220
v 14.967300 27.043100 -1.258330
v 15.576500 27.329700 -2.319170
v 4.281160 36.674000 -2.319170
v 4.113730 36.021900 -1.258330
v 5.111640 35.732000 -1.258330
v 6.031500 38.563000 -8.137130
v 5.817510 34.693400 -0.241858
v 6.728630 34.299100 -0.241858
v 2.495540 39.754200 -10.617800
v 1.250240 39.871900 -10.617800
v 2.475800 39.598000 -9.371310
v 2.505430 39.832500 -11.871800
v 3.439400 38.030000 -4.557040
v -2.407130 39.054400 -6.920180
v -3.526070 38.484300 -5.725240
v 1.240350 39.714800 -9.371310
v -9.288830 32.785000 -0.241858
v -1.038660 36.509000 -1.258330
v -2.157590 37.079100 -2.319170
v -8.012150 37.026700 -5.725240
v -9.065450 36.490000 -5.725240
v -8.842630 36.084700 -4.557040
v -7.815220 36.608200 -4.557040
v -8.477790 38.016200 -10.617800
v 3.657370 39.172600 -8.137130
v -3.730990 39.558600 -10.617800
v -4.951720 39.285700 -10.617800
v -1.250240 39.871900 -10.617800
v -2.495540 39.754200 -10.617800
v -2.475800 39.598000 -9.371310
v -2.811140 34.736500 0.726237
v -3.730900 34.530900 0.726237
v -3.517010 33.697800 1.642140
v -0.887992 34.114200 1.642140
v -1.772480 34.030600 1.642140
v -5.905400 30.741900 3.303100
v -5.415710 29.851100 4.041610
v -2.795690 30.888500 4.041610
v -19.294600 25.439700 -1.125500
v -19.536300 25.848400 -1.977790
v -7.043080 34.967300 -1.258330
v -6.728630 34.299100 -0.241858
v -4.951720 39.285700 -14.382200
v -8.477790 38.016200 -14.382200
v -11.749900 36.172400 -11.871800
v -13.684200 34.572200 -13.128200
v -21.043100 28.037800 -11.809000
v -13.684200 34.572200 -11.871800
v -21.043100 28.037800 -13.191000
v -7.271850 38.366600 -15.628700
v -8.410740 37.873700 -15.628700
v -7.185180 38.147700 -16.862900
v -4.564730 37.778400 -20.443000
v -50.041800 1.342380 -19.044300
v -50.080300 1.383310 -18.750000
v -12.742200 35.402700 -13.128200
v -12.742200 35.402700 -11.871800
v -7.329820 38.513000 -10.617800
v -20.520900 27.326600 -6.280760
v -20.883400 27.832000 -9.058070
v -52.602000 -1.302030 -18.750000
v -57.273700 -9.201570 -18.750000
v -56.541900 -7.510340 -18.750000
v -56.407500 -7.246680 -18.750000
v -21.004300 27.987900 -14.194300
v -51.625200 -4.288380 -26.119700
v -47.676600 -1.176380 -27.771200
v -48.298100 -0.514525 -26.119700
v -46.459700 -0.103605 -27.771200
v -50.576200 -0.677683 -22.662100
v -47.038500 0.595969 -26.119700
v -18.493700 24.026500 1.231150
v -54.468000 -18.460600 4.770000
v -54.270500 -18.531700 5.044860
v -52.458900 -21.413000 -32.339400
v -50.890600 -4.822060 -27.771200
v -47.385400 -10.442300 -35.003300
v -48.589300 -9.780460 -33.713200
v -46.750900 -9.369540 -35.003300
v -49.682900 -17.513500 -35.003300
v -41.820500 -18.506700 -40.032600
v -41.703400 -17.767500 -40.032600
v -39.639000 -27.003100 -40.032600
v -37.830100 -26.477600 -40.726400
v -39.180200 -27.594500 -40.032600
v -38.221300 -25.973200 -40.726400
v -43.817800 -26.502200 -38.322300
v -33.846600 -25.294400 -41.777500
v -34.171500 -25.042500 -41.777500
v -32.991500 -23.616000 -42.130600
v -44.791500 -23.797800 -38.322300
v -39.195000 -24.326800 -40.726400
v -39.448500 -23.740900 -40.726400
v -37.782000 -23.081100 -41.308800
v -41.077800 -24.386000 -40.032600
v -41.331300 -23.681800 -40.032600
v -34.770600 -24.479900 -41.777500
v -35.042500 -24.171500 -41.777500
v -33.421100 -23.212600 -42.130600
v -30.294700 -24.683800 -42.130600
v -30.588200 -24.656000 -42.130600
v -30.177300 -22.817700 -42.366900
v -28.272400 -15.636500 -42.130600
v -28.960700 -17.375000 -42.366900
v -29.471000 -22.773200 -42.366900
v -32.284100 -18.340500 -42.366900
v -33.962500 -17.485300 -42.130600
v -33.796700 -17.241500 -42.130600
v -36.224000 -17.977700 -41.777500
v -37.782000 -16.918900 -41.308800
v -32.260900 -15.887500 -42.130600
v -31.360100 -17.526000 -42.366900
v -30.000000 -15.307000 -42.130600
v -30.294700 -15.316200 -42.130600
v -32.514700 -23.962500 -42.130600
v -32.758500 -23.796700 -42.130600
v -30.234300 -20.912700 -42.485200
v -30.702100 -22.734600 -42.366900
v -30.291200 -20.896200 -42.485200
v -1.269460 26.654800 -31.317600
v -39.639000 -12.996900 -40.032600
v -45.257600 -12.820300 -37.312400
v -46.637200 -12.171100 -36.204700
v -44.776700 -11.876400 -37.312400
v -42.646100 -4.713510 -35.003300
v -40.807700 -5.124430 -36.204700
v -41.766700 -10.265700 -38.322300
v -42.992800 -9.251440 -37.312400
v -34.770600 -15.520100 -41.777500
v -36.101300 -14.270500 -41.308800
v -30.600700 -19.273900 -42.485200
v -31.799600 -17.824600 -42.366900
v -30.553900 -19.237600 -42.485200
v -33.506600 -14.474500 -41.777500
v -21.314700 -28.156000 -40.032600
v -22.592100 -26.956500 -40.726400
v -20.819800 -27.594500 -40.032600
v -20.805000 -24.326800 -40.726400
v -1.701390 28.919000 -30.320100
v -27.590900 -13.915300 -41.777500
v -27.485300 -16.037500 -42.130600
v -26.847300 -14.265200 -41.777500
v 1.857620 23.947600 -32.018300
v -27.213600 -14.078500 -41.777500
v 1.606080 24.056500 -32.018300
v 0.699337 25.535800 -31.705900
v 0.000000 24.362900 -32.018300
v 1.045550 25.481000 -31.705900
v 3.982100 25.480900 -31.317600
v 3.630100 25.720100 -31.317600
v 4.256050 26.706500 -30.855100
v 2.258060 28.794600 -30.320100
v 1.701390 28.919000 -30.320100
v 1.907700 30.000500 -29.714800
v -3.787970 31.658200 -28.303100
v -1.138000 29.008200 -30.320100
v -28.487200 -17.616300 -42.366900
v 2.375770 25.048800 -31.705900
v 5.187990 22.054100 -31.705900
v 6.129980 22.884600 -31.317600
v 3.947640 21.857600 -32.018300
v -18.296600 -22.232500 -40.032600
v -26.578900 -16.787400 -42.130600
v -25.520100 -15.229400 -41.777500
v -25.229400 -15.520100 -41.777500
v 4.149330 21.348200 -32.018300
v -23.776000 -17.977700 -41.777500
v 4.056490 21.606100 -32.018300
v -35.799000 -7.676510 -39.230200
v -7.205150 29.917000 -28.303100
v -37.297800 -8.500490 -39.230200
v -0.995516 27.880300 -30.855100
v -0.570126 29.061900 -30.320100
v -23.455700 -20.000000 -41.777500
v -25.316200 -19.705300 -42.130600
v -23.468600 -19.589100 -41.777500
v 8.918980 18.298600 -30.320100
v -16.487700 -21.707000 -39.230200
v -29.074400 -19.823400 -42.485200
v -29.087300 -19.765700 -42.485200
v -27.265400 -19.297900 -42.366900
v -27.977700 -26.224000 -41.777500
v -12.512700 -25.682000 -36.204700
v -20.017900 -21.904200 -40.726400
v -21.778500 -21.568300 -41.308800
v -20.335200 -23.140300 -40.726400
v -22.039900 -22.586400 -41.308800
v -20.157100 -22.527200 -40.726400
v 12.041000 17.703100 -28.303100
v -18.500500 -27.297800 -39.230200
v -18.065000 -26.561300 -39.230200
v -27.767500 -31.703400 -40.032600
v -28.726300 -30.082000 -40.726400
v -28.095800 -29.982100 -40.726400
v -24.270500 -26.101300 -41.308800
v -25.229400 -24.479900 -41.777500
v -23.898700 -25.729500 -41.308800
v -25.520100 -24.770600 -41.777500
v -31.058800 -36.829200 -37.312400
v -17.531200 -37.161800 -33.713200
v -16.478200 -36.345100 -33.713200
v -14.822100 -40.890600 -27.771200
v -15.415600 -40.073700 -29.362500
v -14.595400 -36.404200 -32.339400
v -17.046900 -24.208700 -39.230200
v -6.576150 -32.877400 -26.119700
v -9.227460 -31.419800 -30.887200
v -4.260690 -23.866500 -28.752000
v -4.300680 -24.023700 -28.719800
v -4.219390 -23.704100 -28.785300
v -4.317890 -24.094300 -28.704400
v 0.674084 -14.462800 -27.446700
v 0.458851 -14.706800 -27.591400
v 0.042146 -15.191500 -27.865100
v 0.009657 -15.232300 -27.884800
v 1.306440 -13.765500 -26.963100
v 0.998125 -14.099000 -27.202900
v 0.724423 -14.402600 -27.411100
v -4.399650 -24.394900 -28.636400
v -4.407270 -24.422900 -28.630000
v -4.409290 -24.430600 -28.628200
v 3.668110 -11.674200 -24.726800
v 3.805730 -11.570500 -24.573200
v 3.327680 -11.930500 -25.106600
v 3.250960 -11.994600 -25.187600
v 2.919490 -12.279600 -25.531600
v -5.022070 -27.928400 -27.324600
v -5.042450 -28.095300 -27.236600
v -5.110080 -28.701300 -26.906200
v -5.122560 -28.869500 -26.804100
v -5.137520 -29.071200 -26.681500
v -5.154850 -29.348100 -26.508000
v -5.170390 -29.596500 -26.352300
v -5.180890 -30.077700 -26.018000
v 4.252700 -11.258900 -24.056200
v 4.055210 -11.391700 -24.288200
v 3.943320 -11.466900 -24.419700
v -4.665810 -36.038400 -12.053400
v -4.616830 -35.955600 -11.557700
v -4.675700 -36.055100 -12.153500
v -4.682650 -36.066900 -12.259700
v -5.077810 -35.399900 -18.898900
v -5.074740 -35.474900 -18.684900
v -5.060670 -35.557300 -18.401400
v -5.029440 -35.740200 -17.772100
v -4.991400 -35.845800 -17.318300
v -4.981110 -35.874400 -17.195600
v -9.423820 -39.322300 -2.337860
v -9.929570 -38.847400 -0.585563
v -10.677700 -40.576200 -2.337860
v -9.404030 -37.038500 1.119710
v -8.785740 -37.550000 -0.585563
v 16.509000 18.961300 -1.258330
v 16.411200 17.926800 -1.258330
v 17.079100 17.842400 -2.319170
v 17.260300 15.568300 -3.420190
v 16.909900 16.774300 -2.319170
v 17.504500 16.660800 -3.420190
v 19.054400 17.592900 -6.920180
v 19.364400 17.553700 -8.137130
v -6.635320 -30.994600 2.771240
v 1.294900 -15.176200 1.104450
v 1.311170 -15.175300 1.081400
v 13.304300 8.360940 -1.693980
v -16.617700 -27.357000 13.322300
v -30.638100 -30.142100 -40.726400
v -30.000000 -30.162100 -40.726400
v -24.664900 -26.449000 -41.308800
v -30.872400 -22.685100 -42.366900
v -31.039300 -22.625000 -42.366900
v -33.152700 -25.734800 -41.777500
v -33.506600 -25.525500 -41.777500
v -36.384100 -30.059700 -40.032600
v -38.005500 -31.018600 -39.230200
v -37.003100 -29.639000 -40.032600
v -30.410900 -26.531400 -41.777500
v -30.820200 -26.492700 -41.777500
v -31.226300 -26.428400 -41.777500
v -30.879400 -24.609900 -42.130600
v -44.167600 -31.720400 -36.204700
v -30.000000 -28.369700 -41.308800
v -32.304500 -38.242200 -36.204700
v -30.958900 -35.241100 -38.322300
v -31.678400 -46.677400 -26.119700
v -31.621400 -45.771300 -27.771200
v -26.389300 -48.581600 -20.869700
v -31.558000 -44.763500 -29.362500
v -35.008700 -46.256700 -26.119700
v -31.728800 -47.478300 -24.414400
v -36.647500 -45.890400 -26.119700
v -36.421700 -45.011000 -27.771200
v -36.170600 -44.032900 -29.362500
v -38.123600 -34.776700 -37.312400
v -36.555200 -40.175000 -33.713200
v -30.000000 -42.503300 -32.339400
v -34.719100 -34.523800 -38.322300
v -39.840000 -44.853100 -26.119700
v -39.032100 -39.194300 -33.713200
v -31.245700 -39.800200 -35.003300
v -18.580200 -40.772500 -30.887200
v -20.967900 -39.194300 -33.713200
v -21.491900 -46.185100 -24.414400
v -28.845500 -38.350900 -36.204700
v -24.403600 -41.796300 -32.339400
v -25.350600 -44.372900 -29.362500
v -17.560000 -42.628200 -27.771200
v -18.046500 -41.743300 -29.362500
v -41.661300 -36.050400 -35.003300
v -42.646100 -35.286500 -35.003300
v -46.050400 -31.661300 -35.003300
v -49.118300 -35.816000 -29.362500
v -48.264700 -35.109900 -30.887200
v -51.625200 -35.711600 -26.119700
v -51.802500 -33.836300 -27.771200
v -50.890600 -35.177900 -27.771200
v -40.994600 -43.364700 -27.771200
v -39.505800 -44.008900 -27.771200
v -39.134100 -43.070000 -29.362500
v -10.279000 -41.000700 -20.869700
v -8.228000 -40.445300 -9.676750
v -8.141730 -40.526300 -11.557700
v -20.494200 -44.008900 2.771240
v -21.739900 -45.421900 1.119710
v -20.160000 -44.853100 1.119710
v -8.785740 -37.550000 -24.414400
v -5.210460 -33.256600 -22.931300
v 6.091270 -10.111100 -21.309900
v 5.900820 -10.216200 -21.637800
v -22.631200 -48.699700 -7.806970
v -15.554500 -46.276200 -13.442300
v -24.991300 -46.256700 -26.119700
v -9.109350 -35.177900 -27.771200
v -9.926330 -34.584400 -29.362500
v -10.677700 -40.576200 -22.662100
v -31.875400 -49.807900 -15.323200
v -33.743300 -49.631300 -15.323200
v -31.860500 -49.572200 -17.193000
v -33.713700 -49.397000 -17.193000
v -31.838300 -49.219700 -19.044300
v -28.124600 -49.807900 -15.323200
v -26.286300 -49.397000 -7.806970
v -26.256700 -49.631300 -9.676750
v -26.549200 -47.315500 -0.585563
v -33.610700 -48.581600 -4.130270
v -19.609200 -46.244300 -2.337860
v -32.081500 -28.106800 16.308800
v -32.586400 -27.960100 16.308800
v -32.527200 -29.842900 15.726400
v -8.141730 -40.526300 -13.442300
v -30.175400 -16.069200 17.226200
v -30.244700 -16.110200 17.231200
v -30.177300 -17.182300 17.366900
v -29.297900 -17.265400 17.366900
v -1.387640 25.404500 6.705870
v -15.000000 10.000000 10.604500
v -15.004600 9.853860 10.650400
v -3.747810 29.465900 4.714840
v -2.805810 28.635400 5.320130
v -32.418100 -17.227700 17.258600
v -32.549900 -17.284700 17.253000
v -31.932600 -17.941900 17.366900
v -31.617400 -16.834400 17.274200
v -31.360100 -17.526000 17.366900
v -31.202100 -17.445400 17.366900
v -31.713400 -16.883300 17.274200
v -26.578900 -16.787400 17.130600
v -27.941900 -18.067400 17.366900
v -33.956300 -17.893300 17.157100
v -32.554600 -18.797900 17.366900
v -33.913100 -17.874600 17.160900
v -34.243900 -17.996800 17.130600
v -27.375000 -21.039300 17.366900
v -25.316200 -19.705300 17.130600
v -39.982100 -21.904200 15.726400
v -38.221500 -21.568300 16.308800
v -32.474000 -18.639900 17.366900
v -30.825800 -19.546000 17.485200
v -28.431700 -28.221500 16.308800
v -28.951000 -28.303700 16.308800
v -28.095800 -29.982100 15.726400
v -34.326800 -29.195000 15.726400
v -35.072900 -30.780500 15.032600
v -34.386000 -31.077800 15.032600
v -31.627500 -26.338700 16.777500
v -31.273700 -30.082000 15.726400
v -37.830100 -26.477600 15.726400
v -33.152700 -25.734800 16.777500
v -45.524800 -29.852400 11.204600
v -46.750900 -30.630500 10.003300
v -42.354700 -28.976200 13.322300
v -41.132300 -30.453900 13.322300
v -40.059700 -26.384100 15.032600
v -41.018600 -28.005500 14.230200
v -34.919600 -26.771300 16.308800
v -35.445100 -28.580200 15.726400
v -34.484700 -27.066800 16.308800
v -35.734800 -23.152700 16.777500
v -37.573200 -23.563700 16.308800
v -37.334500 -24.032200 16.308800
v -39.842900 -22.527200 15.726400
v -39.664800 -23.140300 15.726400
v -37.594500 -29.180200 15.032600
v -38.005500 -31.018600 14.230200
v -37.179700 -35.257600 12.312400
v -33.387100 -33.191800 14.230200
v -34.719100 -34.523800 13.322300
v -37.281000 -48.357700 -5.955700
v -39.265900 -48.517600 -11.557700
v -39.265900 -48.517600 -13.442300
v -37.368800 -48.699700 -7.806970
v -37.427600 -48.928500 -9.676750
v -37.457000 -49.043200 -11.557700
v -30.000000 -42.503300 7.339360
v -28.587000 -42.458900 7.339360
v -26.462300 -48.003800 -2.337860
v -28.941200 -36.829200 12.312400
v -30.000000 -36.862500 12.312400
v -28.845500 -38.350900 11.204600
v -39.557700 -37.385400 10.003300
v -46.404200 -35.404600 7.339360
v -25.887500 -22.260900 17.130600
v -27.445400 -21.202100 17.366900
v -20.335200 -23.140300 15.726400
v -22.218000 -23.081100 16.308800
v -20.551500 -23.740900 15.726400
v -27.008500 -23.616000 17.130600
v -30.000000 -28.369700 16.308800
v -30.000000 -30.162100 15.726400
v -27.314900 -19.127600 17.366900
v 6.721340 20.849100 6.317610
v 5.535820 20.699300 6.705870
v -27.182300 -20.177300 17.366900
v -25.344000 -20.588200 17.130600
v -10.763400 -5.157840 12.500000
v 2.001320 14.778500 7.971500
v -22.039900 -17.413600 16.308800
v -11.193400 -1.890370 12.500000
v 0.473527 14.807100 8.403080
v -45.463800 -34.521400 8.713200
v -41.419800 -40.772500 5.887210
v -43.264000 -44.127000 -0.585563
v -45.124500 -43.832400 -2.337860
v -51.171300 -21.332000 8.713200
v -49.216100 -24.933800 10.003300
v -41.331300 -23.681800 15.032600
v -46.829200 -21.058800 12.312400
v -41.077800 -24.386000 15.032600
v -42.323500 -25.799000 14.230200
v -44.523800 -24.719100 13.322300
v -50.361600 -29.581500 7.339360
v -35.621700 -34.198800 13.322300
v -40.162100 -20.000000 15.726400
v -39.173700 -19.422800 16.041700
v -39.378600 -19.468600 15.975600
v -40.149300 -19.590700 15.726400
v -40.082000 -21.273700 15.726400
v -41.820500 -21.493300 15.032600
v -41.703400 -22.232500 15.032600
v -41.540100 -22.963000 15.032600
v -55.364900 -15.161400 -27.771200
v -56.256700 -14.991300 -26.119700
v -55.011000 -13.578300 -27.771200
v -56.667600 -26.847100 -24.414400
v -53.657900 -21.488400 -30.887200
v -56.185100 -28.508100 -24.414400
v -54.735000 -33.598200 -22.662100
v -52.569000 -34.322800 -26.119700
v -59.630600 -20.000000 -7.806970
v -57.549900 -30.907800 -7.806970
v -57.726500 -25.289100 -2.337860
v -56.185100 -28.508100 -0.585563
v -48.662200 -42.558700 -5.955700
v -47.208900 -43.686000 -5.955700
v -35.486100 -48.758900 -19.044300
v -50.073700 -34.584400 -29.362500
v 3.947640 21.857600 7.018330
v -1.312540 14.641200 8.837900
v -1.593510 14.590700 8.900340
v -11.953900 0.224359 12.500000
v -24.265200 -16.847300 16.777500
v -11.899300 0.117321 12.500000
v -7.320110 12.314300 10.027600
v -7.221650 12.375400 10.007700
v -7.546120 12.153700 10.077500
v -16.589800 0.392095 13.100300
v -13.335500 4.285350 12.078000
v -13.132600 4.888310 11.944800
v -16.873700 -0.396481 13.276100
v -6.519240 12.810900 9.863590
v -6.780160 12.649100 9.918030
v -27.156500 -14.107600 16.777500
v -16.980600 -0.693414 13.342300
v -13.436100 3.942840 12.152400
v -17.106700 -1.043740 13.418900
v -31.450200 -24.463300 17.130600
v -30.872400 -22.685100 17.366900
v -27.485300 -16.037500 17.130600
v -1.985150 14.520200 8.983060
v -2.137910 14.492700 9.013740
v -2.283310 14.457000 9.044090
v -12.200100 0.625887 12.500000
v -24.474500 -16.493400 16.777500
v -12.132600 0.526528 12.500000
v -12.329900 0.816881 12.500000
v -2.404450 14.427300 9.069380
v 2.493950 26.299000 6.317610
v -35.382100 -18.406600 16.954600
v -31.314500 -16.680000 17.272400
v -31.418900 -16.733200 17.273400
v -31.039300 -17.375000 17.366900
v -32.817700 -19.822700 17.366900
v -34.683800 -19.705300 17.130600
v -32.823200 -20.000000 17.366900
v -36.428400 -18.773700 16.777500
v -36.492700 -19.179800 16.777500
v -34.656000 -19.411800 17.130600
v -43.618400 -19.956600 14.230200
v -43.689400 -19.958800 14.191200
v -38.369700 -20.000000 16.308800
v -36.544300 -20.000000 16.777500
v -15.132800 7.337320 11.410200
v -1.701390 28.919000 5.320130
v 7.165710 28.661900 4.041610
v 1.907700 30.000500 4.714840
v 6.120150 25.063000 5.855090
v 4.938590 24.637600 6.317610
v 5.220040 24.318400 6.317610
v 3.747810 29.465900 4.714840
v 3.342500 28.442200 5.320130
v 8.863440 33.966500 -1.258330
v 7.613200 33.848400 -0.241858
v 8.467720 33.343000 -0.241858
v 2.531870 29.861000 4.714840
v 1.408950 31.153000 4.041610
v 2.649970 33.891600 1.642140
v 2.478350 32.992000 2.502220
v 3.517010 33.697800 1.642140
v 0.941997 34.972600 0.726237
v 0.887992 34.114200 1.642140
v 1.772480 34.030600 1.642140
v 18.265900 25.934900 -18.079800
v 17.857200 27.070200 -18.079800
v 18.147700 27.185200 -16.862900
v 19.636100 23.745800 -13.128200
v 19.636100 23.745800 -11.871800
v 19.054400 22.407100 -18.079800
v 18.602500 24.776300 -18.079800
v 18.563000 26.031500 -16.862900
v 18.226400 24.679800 -19.274800
v 17.820100 20.000000 -21.579800
v 15.803100 20.000000 -24.758100
v 15.380000 26.089400 -1.258330
v 14.693400 25.817500 -0.241858
v 15.732000 25.111600 -1.258330
v 17.456700 25.672000 -4.557040
v 16.948000 25.506700 -3.420190
v 17.260300 24.431700 -3.420190
v 10.458400 36.479900 -8.137130
v 10.291000 36.216100 -6.920180
v 14.572200 33.684200 -11.871800
v 14.514700 33.630200 -10.617800
v 14.399900 33.522400 -9.371310
v 8.794550 22.258100 5.320130
v 7.693410 21.975300 5.855090
v 7.802270 21.488400 5.855090
v 14.030600 18.227500 1.642140
v 7.880320 20.995500 5.855090
v 7.927280 20.498700 5.855090
v -26.037500 -17.485300 17.130600
v 3.819650 24.067500 6.705870
v -13.115600 1.685280 12.500000
v -4.150390 13.910100 9.408510
v 12.258100 20.000000 3.303100
v 13.200100 19.169500 2.502220
v 17.066100 26.757000 -4.557040
v 8.918980 18.298600 5.320130
v 15.523200 17.038800 -0.241858
v -1.869570 -14.899100 5.269350
v 11.704100 10.308700 1.370920
v 15.220500 32.591500 -9.371310
v 16.490000 29.065500 -5.725240
v 15.888200 30.083000 -5.725240
v 5.631460 31.967500 2.502220
v 19.362100 24.971300 -13.128200
v 18.936700 26.152900 -14.382200
v 16.216100 30.291000 -6.920180
v 16.830200 29.252500 -6.920180
v 17.857200 27.070200 -6.920180
v 17.896600 25.815000 -5.725240
v 18.780500 21.181600 -5.725240
v 18.318900 21.152500 -4.557040
v 18.817600 20.000000 -5.725240
v 18.936700 26.152900 -10.617800
v 19.362100 24.971300 -11.871800
v -18.500500 -27.297800 14.230200
v -11.794400 -33.227100 7.339360
v -30.638100 -30.142100 15.726400
v -30.748100 -31.890900 15.032600
v -25.791300 -32.953100 14.230200
v -26.612900 -33.191800 14.230200
v -26.202200 -34.791500 13.322300
v -23.438700 -31.935000 14.230200
v -28.754300 -39.800200 10.003300
v -28.668000 -41.171300 8.713200
v -27.767500 -31.703400 15.032600
v -28.506700 -31.820500 15.032600
v -27.447900 -33.378500 14.230200
v -25.066200 -39.216100 10.003300
v -26.282500 -39.487900 10.003300
v -24.724500 -40.546800 8.713200
v -24.026800 -28.221300 15.726400
v -15.478600 -35.463800 8.713200
v -16.478200 -36.345100 8.713200
v -15.655800 -37.339100 7.339360
v -15.537700 -33.581000 10.003300
v -17.560000 -42.628200 2.771240
v -19.005400 -43.364700 2.771240
v -13.362800 -27.828900 11.204600
v -7.579940 -12.496700 10.497200
v -7.200650 -12.743000 10.224300
v -8.105770 -12.106200 10.883600
v 7.377770 13.380600 5.567430
v 7.515080 13.314200 5.472360
v -16.419000 -34.462300 10.003300
v -18.279500 -34.167600 11.204600
v -17.353900 -35.286500 10.003300
v 10.160700 19.360700 4.714840
v 7.252950 -9.562770 -18.684900
v 7.145990 -9.611680 -18.982200
v 6.980930 -9.687170 -19.440900
v 6.922390 -9.705420 -19.581100
v 19.871900 18.749800 -10.617800
v 18.602500 15.223700 -6.920180
v 18.265900 14.065100 -6.920180
v -1.957530 -23.752400 0.261527
v -1.890400 -23.563900 0.294931
v -2.265050 -24.643100 0.084812
v -2.195150 -24.424800 0.138751
v -2.492870 -25.360000 -0.095594
v -2.526390 -25.477300 -0.132402
v -2.509930 -25.419700 -0.114334
v -1.871570 -23.511500 0.303899
v -2.003490 -23.881400 0.238663
v -2.146320 -24.285600 0.164841
v -2.314600 -24.797900 0.046568
v -2.750510 -26.271100 -0.386788
v -2.761940 -26.316800 -0.404320
v -2.776490 -26.375000 -0.426628
v -2.877650 -26.786000 -0.587139
v -2.970010 -27.161200 -0.733680
v -3.029130 -27.439500 -0.860660
v 16.124100 12.412600 -3.420190
v 13.751100 7.675390 -2.929110
v 13.805400 7.587890 -3.110320
v 2.334290 -15.115500 -0.566476
v 2.647980 -15.312000 -1.345630
v 2.852460 -15.055500 -1.519730
v 2.483420 -15.520200 -1.207180
v 2.397500 -15.629000 -1.134900
v 1.982030 -16.193200 -0.818712
v 1.870300 -16.344900 -0.733680
v 1.807970 -16.435600 -0.691510
v 1.351740 -17.104200 -0.386788
v 1.288320 -17.203500 -0.350019
v 17.896600 14.185000 -5.725240
v 17.496200 13.072800 -5.725240
v 18.087600 11.488600 -11.871800
v 19.364400 22.446300 -16.862900
v 19.990100 20.000000 -13.128200
v 16.411200 17.926800 -23.741700
v 15.678500 18.019300 -24.758100
v 15.029600 15.116600 -24.758100
v -11.735300 -35.109900 -30.887200
v -12.720100 -36.227000 -30.887200
v -14.536200 -34.521400 -33.713200
v -15.537700 -33.581000 -35.003300
v -12.838200 -32.468800 -33.713200
v -12.614600 -29.557700 -35.003300
v -12.048800 -28.447200 -35.003300
v -14.321600 -26.207500 -37.312400
v -15.476200 -24.719100 -38.322300
v 7.187000 23.381900 -30.855100
v 6.960470 23.826500 -30.855100
v 8.215660 23.866000 -30.320100
v 6.299010 22.494000 -31.317600
v 2.924000 27.385200 -30.855100
v 2.454510 27.554200 -30.855100
v 2.805810 28.635400 -30.320100
v 6.425990 24.668800 -30.855100
v 5.480890 23.982100 -31.317600
v 6.120150 25.063000 -30.855100
v 9.465890 23.747800 -29.714800
v 9.211890 24.334800 -29.714800
v 11.590200 26.371800 -27.502200
v 11.167300 27.087000 -27.502200
v -1.657690 33.121900 -27.502200
v 9.917040 27.205200 -28.303100
v 10.700300 27.774200 -27.502200
v 6.654760 21.269500 -31.317600
v 7.880320 20.995500 -30.855100
v 6.721340 20.849100 -31.317600
v 7.802270 21.488400 -30.855100
v 17.679600 17.766500 -21.579800
v 15.732000 25.111600 -23.741700
v 13.891600 22.650000 -26.642100
v 13.697800 23.517000 -26.642100
v 12.992000 17.521600 -27.502200
v 16.948000 25.506700 -21.579800
v 16.568700 26.560000 -21.579800
v 17.456700 25.672000 -20.443000
v 13.149000 25.206100 -26.642100
v 15.497700 29.835100 -20.443000
v 14.416800 30.474400 -21.579800
v 14.849600 30.788900 -20.443000
v 10.100500 18.724000 -29.714800
v 9.008210 18.862000 -30.320100
v 13.121900 21.657700 -27.502200
v 10.118600 33.927100 -22.680800
v 13.361200 34.228300 -16.862900
v 13.730600 31.359000 -21.579800
v 13.380300 32.564900 -20.443000
v 14.142800 31.700000 -20.443000
v 5.522690 33.948700 -25.726200
v 4.635940 34.268000 -25.726200
v 4.883430 35.029600 -24.758100
v 8.012150 37.026700 -19.274800
v 13.684200 34.572200 -13.128200
v 12.691900 35.341900 -14.382200
v 12.742200 35.402700 -13.128200
v 9.252500 36.830200 -18.079800
v 11.749900 36.172400 -11.871800
v 12.742200 35.402700 -11.871800
v 11.749900 36.172400 -13.128200
v 9.065450 36.490000 -19.274800
v 15.046000 29.548500 -21.579800
v 14.499200 31.994800 -19.274800
v 11.700000 34.142800 -20.443000
v -47.809500 -24.572700 -36.204700
v -52.503300 -20.000000 -32.339400
v -4.786470 30.171800 -29.041600
v -4.512520 31.397300 -28.303100
v -46.985300 -1.912530 -29.362500
v -48.087500 -3.014730 -29.362500
v -50.073700 -5.415630 -29.362500
v -2.811140 34.736500 -25.726200
v -1.980650 35.678500 -24.758100
v -2.961210 35.523200 -24.758100
v 0.995516 27.880300 -30.855100
v 1.138000 29.008200 -30.320100
v 4.679750 38.226400 -19.274800
v 3.598820 38.865700 -18.079800
v 4.776310 38.602500 -18.079800
v 2.157590 37.079100 -22.680800
v 1.038660 36.509000 -23.741700
v 1.080930 37.180900 -22.680800
v 0.000000 37.214800 -22.680800
v -5.934940 38.265900 -18.079800
v -6.728630 34.299100 -24.758100
v -59.723500 -16.129000 -13.557800
v -59.620800 -16.189800 -15.323200
v -58.752000 -18.191100 -20.869700
v -58.581600 -16.389300 -20.869700
v -59.723500 -16.129000 -11.442200
v -58.170700 -18.227600 -22.662100
v -58.003800 -16.462300 -22.662100
v -43.227100 -1.794420 -32.339400
v -9.562780 31.559400 -25.726200
v -41.661300 -3.949620 -35.003300
v -49.723500 -12.190900 -33.713200
v -49.194300 -10.967900 -33.713200
v -47.487300 -14.318000 -36.204700
v -48.868300 -13.869300 -35.003300
v -42.354700 -11.023800 -38.322300
v -43.378500 -17.447900 -39.230200
v -41.540100 -17.037000 -40.032600
v 3.263760 25.936800 6.317610
v 2.688100 24.889600 6.705870
v -25.877300 -13.115400 16.472900
v -24.710700 -12.086900 16.169100
v -5.854440 13.167300 9.733700
v -13.756300 2.584390 12.430500
v -17.855200 -2.773380 13.806100
v -18.066800 -3.188740 13.901600
v 9.682540 23.146000 4.714840
v 8.635410 22.805800 5.320130
v 5.187990 22.054100 6.705870
v 6.706460 24.256100 5.855090
v 8.310500 37.660700 -8.137130
v 7.185180 38.147700 -8.137130
v 8.177460 37.378000 -6.920180
v 12.198700 32.990300 -3.420190
v 12.549100 31.784400 -2.319170
v 12.990300 32.198700 -3.420190
v 11.784400 32.549100 -2.319170
v 12.392800 26.813000 1.642140
v 11.167300 27.087000 2.502220
v 11.590200 26.371800 2.502220
v 8.818080 32.137100 0.726237
v 7.577730 31.940600 1.642140
v 8.312540 31.441200 1.642140
v 9.491650 26.023600 4.041610
v 8.595960 25.455200 4.714840
v 9.851150 25.415700 4.041610
v 11.241700 20.000000 4.041610
v 8.236460 25.984100 4.714840
v 7.666340 24.865200 5.320130
v 15.771900 20.992300 -0.241858
v 14.883900 21.880300 0.726237
v 14.972600 20.942000 0.726237
v 15.790700 31.472600 -8.137130
v 15.537900 31.288900 -6.920180
v 11.611000 35.981100 -15.628700
v 8.477790 38.016200 -10.617800
v -3.598820 38.865700 -18.079800
v -1.118930 37.785000 -21.579800
v 4.776310 38.602500 -6.920180
v 3.745780 39.636100 -11.871800
v 3.730990 39.558600 -10.617800
v 4.971340 39.362100 -11.871800
v 6.152910 38.936700 -10.617800
v 7.271850 38.366600 -9.371310
v -2.495540 39.754200 -14.382200
v -2.505430 39.832500 -13.128200
v 0.000000 39.205900 -18.079800
v -20.989800 27.969200 -14.570300
v -48.662200 2.558700 -19.044300
v 3.787970 31.658200 3.303100
v 4.512520 31.397300 3.303100
v 7.587440 36.124100 -3.420190
v 6.337200 36.006000 -2.319170
v 7.329720 35.576500 -2.319170
v 6.089370 35.380000 -1.258330
v 5.319680 36.372300 -2.319170
v 13.264300 30.973200 -2.319170
v 8.038590 32.666800 0.726237
v 1.880280 34.883900 0.726237
v 1.657690 33.121900 2.502220
v -2.649970 33.891600 1.642140
v -2.478350 32.992000 2.502220
v 4.087130 32.578900 2.502220
v 10.711200 36.878200 -11.871800
v 9.630320 37.517500 -13.128200
v 5.506720 36.948000 -3.420190
v 6.560030 36.568700 -3.420190
v 5.672040 37.456700 -4.557040
v 4.431690 37.260300 -3.420190
v 3.339160 37.504500 -3.420190
v 3.225740 36.909900 -2.319170
v 2.233450 37.679600 -3.420190
v 1.118930 37.785000 -3.420190
v 2.157590 37.079100 -2.319170
v -6.177290 39.011700 -11.871800
v -6.152910 38.936700 -10.617800
v -7.329720 35.576500 -2.319170
v 0.000000 36.541600 -1.258330
v -2.233450 37.679600 -3.420190
v -6.089370 35.380000 -1.258330
v -5.817510 34.693400 -0.241858
v -3.339160 37.504500 -3.420190
v -4.281160 36.674000 -2.319170
v -3.225740 36.909900 -2.319170
v -9.252500 36.830200 -6.920180
v -10.291000 36.216100 -6.920180
v -2.300500 38.210400 -4.557040
v -3.439400 38.030000 -4.557040
v -1.255190 39.950700 -13.128200
v 0.000000 39.990100 -13.128200
v -4.912560 39.133200 -15.628700
v -5.111640 35.732000 -1.258330
v -3.289230 32.810700 2.502220
v -19.170900 25.230500 -0.747132
v -6.371790 31.590200 2.502220
v -7.086970 31.167300 2.502220
v -20.073700 26.668600 -4.045010
v -18.356200 23.756700 1.590440
v -9.562780 31.559400 0.726237
v -18.068100 23.191300 2.343390
v -7.968980 34.495500 -1.258330
v -7.577730 31.940600 1.642140
v -3.730990 39.558600 -14.382200
v -6.104250 38.786900 -15.628700
v -7.070150 37.857200 -18.079800
v -6.031500 38.563000 -16.862900
v -4.912560 39.133200 -9.371310
v -6.104250 38.786900 -9.371310
v -9.630320 37.517500 -11.871800
v -9.630320 37.517500 -13.128200
v -12.242300 34.798400 -18.079800
v -37.549100 12.396200 -18.750000
v -43.775600 6.940640 -18.750000
v -20.581700 27.416100 -18.300700
v -12.441500 35.039100 -16.862900
v -20.718300 27.617000 -17.361300
v -10.458400 36.479900 -8.137130
v -57.045000 -14.840900 -24.414400
v -56.667600 -13.152900 -24.414400
v -56.659400 -7.781920 -18.750000
v -53.550000 -2.524300 -18.750000
v -51.214300 -2.450040 -24.414400
v -47.910900 -8.633400 -33.713200
v -52.104700 -15.783300 -32.339400
v -53.284800 -15.558200 -30.887200
v -46.404200 -4.595410 -32.339400
v -47.161800 -7.531190 -33.713200
v -54.704700 -18.375400 4.434410
v -53.598000 -12.332500 -29.362500
v -52.040000 -11.273700 -30.887200
v -53.657900 -18.511600 -30.887200
v -53.517700 -17.029000 -30.887200
v -56.519400 -16.649800 -26.119700
v -57.315500 -16.549200 -24.414400
v -57.478300 -18.271200 -24.414400
v -54.616800 -23.109800 -29.362500
v -55.822300 -20.000000 -27.771200
v -45.678400 -13.792500 -37.312400
v -54.616800 -16.890200 -29.362500
v -54.372900 -15.350600 -29.362500
v -46.563800 -16.840300 -37.312400
v -48.061500 -16.554600 -36.204700
v -46.332700 -15.806500 -37.312400
v -45.241100 -19.041100 -38.322300
v -45.150800 -18.086000 -38.322300
v -43.619700 -20.000000 -39.230200
v -42.323500 -25.799000 -39.230200
v -42.663300 -25.013800 -39.230200
v -40.142100 -20.638100 -40.726400
v -38.106800 -22.081500 -41.308800
v -37.960100 -22.586400 -41.308800
v -36.224000 -22.022300 -41.777500
v -37.066800 -24.484700 -41.308800
v -37.334500 -24.032200 -41.308800
v -33.796700 -22.758500 -42.130600
v -30.353800 -22.801000 -42.366900
v -30.529000 -22.773200 -42.366900
v -30.000000 -24.693000 -42.130600
v -30.000000 -22.823200 -42.366900
v -28.549800 -24.463300 -42.130600
v -29.705300 -24.683800 -42.130600
v -29.822700 -22.817700 -42.366900
v -40.780500 -14.927100 -40.032600
v -37.960100 -17.413600 -41.308800
v -35.734800 -16.847300 -41.777500
v -37.573200 -16.436300 -41.308800
v -37.334500 -15.967800 -41.308800
v -36.531400 -20.410900 -41.777500
v -36.544300 -20.000000 -41.777500
v -34.683800 -20.294700 -42.130600
v -34.656000 -19.411800 -42.130600
v -36.428400 -18.773700 -41.777500
v -34.609900 -19.120600 -42.130600
v -32.773200 -19.471000 -42.366900
v -30.000000 -17.176800 -42.366900
v -34.246400 -21.998200 -42.130600
v -32.554600 -21.202100 -42.366900
v -29.179800 -13.507300 -41.777500
v -31.202100 -17.445400 -42.366900
v -31.998200 -15.753600 -42.130600
v -29.881900 -19.065100 -42.485200
v -30.410900 -13.468600 -41.777500
v -30.872400 -17.314900 -42.366900
v -31.450200 -15.536700 -42.130600
v -35.335100 -13.551000 -41.308800
v -36.956500 -12.592100 -40.726400
v -36.477600 -12.169900 -40.726400
v -42.292200 -8.456820 -37.312400
v -41.543200 -7.707760 -37.312400
v -41.132300 -9.546110 -38.322300
v -43.521800 -3.654950 -33.713200
v -34.112500 -17.739100 -42.130600
v -32.383700 -18.487200 -42.366900
v -30.401200 -19.147400 -42.485200
v -30.059200 -19.059500 -42.485200
v -30.177300 -17.182300 -42.366900
v -17.007200 -30.748600 -37.312400
v -20.361000 -27.003100 -40.032600
v -21.419800 -25.445100 -40.726400
v -19.940300 -26.384100 -40.032600
v -26.612900 -33.191800 -39.230200
v -27.037000 -31.540100 -40.032600
v -26.318200 -31.331300 -40.032600
v -29.251900 -31.890900 -40.032600
v -27.472800 -29.842900 -40.726400
v -27.918500 -28.106800 -41.308800
v -27.413600 -27.960100 -41.308800
v -26.578900 -23.212600 -42.130600
v -1.488360 27.802300 -30.855100
v -32.586400 -12.039900 -41.308800
v -26.153400 -14.705600 -41.777500
v -30.504900 -20.795600 -42.485200
v 0.817519 24.285600 -32.018300
v 0.546811 24.328500 -32.018300
v 1.387640 25.404500 -31.705900
v 2.493950 26.299000 -31.317600
v 3.826550 26.960500 -30.855100
v 3.381950 27.187000 -30.855100
v 4.711200 22.989800 -31.705900
v 4.299330 23.556700 -31.705900
v 4.067510 23.819700 -31.705900
v 4.938590 24.637600 -31.317600
v 2.780990 23.361600 -32.018300
v 3.279740 24.514200 -31.705900
v 5.437330 25.790200 -30.855100
v 4.637640 24.938600 -31.317600
v 5.063030 26.120200 -30.855100
v -25.753600 -18.001800 -42.130600
v -23.661300 -18.372500 -41.777500
v -25.454400 -18.832900 -42.130600
v 4.514170 23.279700 -31.705900
v -4.904650 28.921500 -29.714800
v -2.106480 31.042500 -29.041600
v -22.218000 -23.081100 -41.308800
v -22.426800 -23.563700 -41.308800
v -23.551000 -25.335100 -41.308800
v -25.536700 -18.549800 -42.130600
v -23.915300 -17.590900 -41.777500
v -23.228700 -24.919600 -41.308800
v -22.933200 -24.484700 -41.308800
v -27.241500 -23.796700 -42.130600
v -28.340500 -22.284100 -42.366900
v -27.008500 -23.616000 -42.130600
v -21.893200 -22.081500 -41.308800
v 9.079810 20.000000 -30.320100
v 12.258100 20.000000 -28.303100
v 13.200100 20.830500 -27.502200
v 10.160700 20.639300 -29.714800
v -21.817300 -32.893900 -38.322300
v -20.088500 -33.642100 -37.312400
v -26.202200 -34.791500 -38.322300
v -27.447900 -33.378500 -39.230200
v -28.754300 -39.800200 -35.003300
v -28.941200 -36.829200 -37.312400
v -14.713500 -32.646100 -35.003300
v -13.949600 -31.661300 -35.003300
v -18.981400 -28.005500 -39.230200
v -13.887200 -28.858100 -36.204700
v -13.362800 -27.828900 -36.204700
v -4.411400 -24.438600 -28.626300
v -4.425760 -24.493200 -28.613200
v -4.512450 -24.863700 -28.508900
v -4.574590 -25.141200 -28.426800
v -4.623380 -25.359100 -28.362300
v -4.689760 -25.668800 -28.266300
v -4.718410 -25.826000 -28.210300
v -4.735030 -25.917200 -28.177800
v -4.796120 -26.273300 -28.045300
v -4.843260 -26.548100 -27.943100
v -4.875840 -26.750000 -27.865100
v -4.940180 -27.260800 -27.641400
v 2.552020 -12.588600 -25.888300
v 2.377970 -12.738400 -26.047600
v 2.038600 -13.039800 -26.352300
v 1.837650 -13.234900 -26.522500
v 1.634420 -13.432100 -26.694700
v 1.501630 -13.564600 -26.804900
v 1.379550 -13.686400 -26.906200
v 0.000000 -15.244500 -27.890700
v -0.245625 -15.560700 -28.035800
v -0.393174 -15.750700 -28.123100
v -0.642707 -16.079900 -28.266300
v -0.705946 -16.169600 -28.299300
v -0.731899 -16.206400 -28.312900
v -0.792285 -16.294000 -28.343400
v -1.024310 -16.630400 -28.460600
v -1.116450 -16.767100 -28.505500
v -1.280920 -17.011200 -28.585700
v -1.296960 -17.035600 -28.593200
v -1.339800 -17.100700 -28.613200
v -1.504930 -17.368300 -28.681800
v -1.560920 -17.461000 -28.704000
v -1.703580 -17.697200 -28.760500
v -1.783790 -17.833100 -28.790700
v -1.882280 -18.000000 -28.827700
v -1.923610 -18.071600 -28.842400
v -2.044420 -18.281200 -28.885300
v -2.102010 -18.383600 -28.904400
v -2.179810 -18.529100 -28.926400
v -2.190260 -18.548700 -28.929400
v -2.298870 -18.756300 -28.957800
v -2.323090 -18.802500 -28.964100
v -2.446200 -19.043100 -28.993600
v -2.353050 -18.861100 -28.971300
v -2.561100 -19.272700 -29.018300
v -2.517420 -19.185400 -29.008900
v -2.771080 -19.707600 -29.055500
v -2.669040 -19.493600 -29.038800
v -2.725970 -19.613000 -29.048100
v -2.868120 -19.916200 -29.068600
v -2.809250 -19.789600 -29.060700
v -2.960950 -20.120900 -29.078500
v -2.931300 -20.055500 -29.075300
v -3.136610 -20.524000 -29.088800
v -3.050240 -20.323100 -29.085200
v -3.073630 -20.377500 -29.086200
v -3.220620 -20.724900 -29.089500
v -3.158150 -20.575500 -29.089000
v -3.302770 -20.926900 -29.087200
v -3.281210 -20.873900 -29.087800
v -3.383550 -21.131300 -29.082000
v -3.360590 -21.073200 -29.083500
v -3.936600 -22.708800 -28.951600
v -3.950960 -22.753700 -28.946200
v -3.961870 -22.788800 -28.941500
v -4.038880 -23.037000 -28.908300
v -3.025020 -20.266000 -29.083300
v -3.407540 -21.193700 -29.079500
v -3.463440 -21.339300 -29.073600
v -3.513710 -21.474200 -29.066300
v -3.542880 -21.552400 -29.062000
v -3.588440 -21.678300 -29.053400
v -3.622360 -21.772100 -29.047000
v -3.661270 -21.883000 -29.037900
v -3.702360 -22.000000 -29.028300
v -3.736480 -22.100200 -29.018700
v -3.783400 -22.238000 -29.005600
v -3.841020 -22.412600 -28.986600
v -3.866050 -22.488400 -28.978400
v -4.046810 -23.063400 -28.904400
v -4.109200 -23.289100 -28.864500
v -4.123170 -23.339700 -28.855500
v -4.178830 -23.549600 -28.815400
v -4.209910 -23.666800 -28.793000
v -5.212850 -31.799600 -24.577400
v -5.213960 -31.965200 -24.419700
v -4.980900 -35.875000 -17.193000
v -8.251170 -37.992200 -2.337860
v 19.205900 20.000000 -6.920180
v -30.000000 -20.942300 -42.485200
v -36.101300 -25.729500 -41.308800
v -37.407900 -26.956500 -40.726400
v -39.928300 -29.323300 -39.230200
v -32.284100 -21.659500 -42.366900
v -31.799600 -22.175400 -42.366900
v -32.786400 -25.921500 -41.777500
v -33.563700 -27.573200 -41.308800
v -37.594500 -29.180200 -40.032600
v -36.768800 -37.096000 -36.204700
v -41.766700 -29.734300 -38.322300
v -29.361900 -30.142100 -40.726400
v -35.013800 -32.663300 -39.230200
v -28.086000 -35.150800 -38.322300
v -31.488400 -43.657900 -30.887200
v -37.303400 -38.446200 -35.003300
v -37.979500 -44.558400 -27.771200
v -19.369500 -36.750900 -35.003300
v -20.265700 -31.766700 -38.322300
v -21.318500 -30.494200 -39.230200
v -19.546100 -31.132300 -38.322300
v -23.869300 -38.868300 -35.003300
v -25.161400 -45.364900 -27.771200
v -43.521800 -36.345100 -33.713200
v -40.564600 -42.450900 -29.362500
v -41.953500 -41.743300 -29.362500
v -6.028300 -37.416500 -17.193000
v -6.847720 -37.287400 -20.500000
v -6.896010 -39.113300 -13.442300
v -7.164340 -36.591100 -2.337860
v -6.693180 -36.933400 -4.130270
v 14.603200 6.082040 -6.556920
v -3.863310 -32.122000 -4.139390
v -3.890370 -32.286300 -4.313800
v -6.167640 -35.124500 -2.337860
v -26.389300 -48.581600 -4.130270
v -23.352500 -45.890400 1.119710
v 7.954280 -9.363220 -15.911600
v 7.944100 -9.366350 -15.974000
v 7.879260 -9.386240 -16.371000
v 7.775210 -9.394470 -16.846500
v 7.718670 -9.411880 -17.076100
v -4.980850 -35.875400 -17.191200
v -4.980600 -35.877800 -17.179800
v -33.669400 -49.046600 -19.044300
v -8.228000 -40.445300 -15.323200
v -8.657620 -40.041800 -19.044300
v -32.226600 -17.144800 17.265900
v -31.659500 -17.715900 17.366900
v -32.115500 -17.088200 17.268800
v -32.229400 -17.146000 17.265800
v -30.905900 -16.471900 17.263400
v -31.206900 -16.625200 17.270500
v -1.975330 27.693400 5.855090
v -15.059200 11.883700 9.951310
v -15.105300 12.371200 9.763870
v -15.236600 13.760000 9.206530
v -15.035000 11.112600 10.239600
v -4.334790 29.211900 4.714840
v -34.811900 -18.201400 17.045500
v -34.363500 -18.272400 17.130600
v -35.155300 -18.325000 16.991900
v -36.627300 -18.792500 16.727800
v -37.515500 -19.050600 16.512800
v -36.338700 -21.627500 16.777500
v -38.106800 -22.081500 16.308800
v -30.529000 -22.773200 17.366900
v -30.588200 -24.656000 17.130600
v -30.353800 -22.801000 17.366900
v -27.941900 -21.932600 17.366900
v -26.787400 -23.421100 17.130600
v -26.578900 -23.212600 17.130600
v -28.067400 -22.058100 17.366900
v -24.270500 -26.101300 16.308800
v -25.520100 -24.770600 16.777500
v -26.847300 -25.734800 16.777500
v -26.436300 -27.573200 16.308800
v -28.960700 -22.625000 17.366900
v -29.127600 -22.685100 17.366900
v -28.549800 -24.463300 17.130600
v -38.156000 -28.685200 15.032600
v -34.895600 -28.905100 15.726400
v -35.739800 -30.440700 15.032600
v -29.144800 -33.592800 14.230200
v -31.112200 -16.577000 17.268800
v -31.020300 -16.530200 17.266400
v -30.872400 -17.314900 17.366900
v -27.526000 -18.639900 17.366900
v -29.174200 -19.546000 17.485200
v -27.445400 -18.797900 17.366900
v -34.171500 -25.042500 16.777500
v -33.846600 -25.294400 16.777500
v -30.702100 -22.734600 17.366900
v -37.407900 -26.956500 15.726400
v -33.962500 -22.514700 17.130600
v -35.294400 -23.846600 16.777500
v -33.796700 -22.758500 17.130600
v -46.050400 -31.661300 10.003300
v -47.161800 -32.468800 8.713200
v -46.345100 -33.521800 8.713200
v -39.639000 -27.003100 15.032600
v -38.580200 -25.445100 15.726400
v -34.193500 -36.332700 12.312400
v -34.572700 -37.809500 11.204600
v -30.000000 -49.277500 -5.955700
v -35.618700 -49.454100 -11.557700
v -30.000000 -44.812400 4.362500
v -26.890200 -44.616800 4.362500
v -38.726300 -42.040000 5.887210
v -44.462300 -33.581000 10.003300
v -32.007400 -17.033100 17.270800
v -31.514300 -16.781900 17.274200
v -27.138500 -35.000700 13.322300
v -28.086000 -35.150800 13.322300
v -27.886600 -36.729500 12.312400
v -22.592100 -26.956500 15.726400
v -27.182300 -19.822700 17.366900
v -27.199000 -20.353800 17.366900
v -28.832900 -24.545600 17.130600
v -27.977700 -26.224000 16.777500
v -23.468600 -20.410900 16.777500
v -23.507300 -20.820200 16.777500
v -28.340500 -22.284100 17.366900
v -18.668700 -23.681800 15.032600
v -15.476200 -24.719100 13.322300
v -14.321600 -26.207500 12.312400
v -19.857900 -20.638100 15.726400
v -21.646800 -20.525500 16.308800
v -22.039900 -22.586400 16.308800
v -25.390100 -20.879400 17.130600
v -25.454400 -21.167100 17.130600
v -27.226800 -20.529000 17.366900
v -19.837900 -20.000000 15.726400
v -10.712000 -6.283400 12.500000
v -10.716600 -6.429270 12.500000
v 3.213500 14.647300 7.576690
v 6.761390 19.574600 6.317610
v 3.429680 14.617700 7.496120
v 9.079810 20.000000 5.320130
v 9.061890 19.429900 5.320130
v -48.350900 -21.154500 11.204600
v -49.800200 -21.245700 10.003300
v -48.760000 -19.763400 10.890100
v -49.682900 -22.486500 10.003300
v -47.385400 -29.557700 10.003300
v -41.890900 -20.748100 15.032600
v -39.448500 -23.740900 15.726400
v -46.883700 -19.940800 12.295700
v -56.067000 -32.266200 -20.869700
v -53.423800 -32.877400 -26.119700
v -54.186200 -31.381200 -26.119700
v -59.866900 -20.000000 -9.676750
v -53.364700 -30.994600 -27.771200
v -27.268000 -14.194100 16.801900
v -27.366400 -14.270500 16.822700
v -13.379000 4.155980 12.106600
v -1.697640 14.571900 8.922340
v -12.071400 0.423126 12.500000
v -27.616300 -18.487200 17.366900
v -29.646200 -17.199000 17.366900
v -29.449200 -15.639700 17.168300
v -29.126200 -15.448700 17.138000
v -27.526000 -21.360100 17.366900
v -27.616300 -21.512800 17.366900
v -38.353200 -20.525500 16.308800
v -43.116300 -19.940800 14.466200
v -16.656800 19.794200 5.698110
v -15.236600 6.240000 11.696400
v -15.050800 8.384670 11.112100
v -3.342500 28.442200 5.320130
v -2.296950 32.041000 3.303100
v 1.276000 30.100500 4.714840
v 3.865990 28.215700 5.320130
v 3.826550 26.960500 5.855090
v 4.374230 27.956700 5.320130
v 5.336980 27.345700 5.320130
v 4.668750 26.426000 5.855090
v 5.787690 26.996100 5.320130
v 5.063030 26.120200 5.855090
v 5.437330 25.790200 5.855090
v 0.000000 33.226200 2.502220
v 0.000000 34.142100 1.642140
v 4.635940 34.268000 0.726237
v 6.023590 29.491700 4.041610
v 5.415710 29.851100 4.041610
v 5.455160 28.596000 4.714840
v 17.896600 25.815000 -19.274800
v 17.496200 26.927200 -19.274800
v 18.513000 27.329800 -14.382200
v 18.786900 26.104200 -15.628700
v 18.366600 27.271800 -15.628700
v 16.811600 30.669000 -14.382200
v 19.285700 24.951700 -14.382200
v 18.366600 27.271800 -9.371310
v 18.484300 23.526100 -19.274800
v 16.372300 25.319700 -22.680800
v 19.403900 23.701500 -15.628700
v 19.133200 24.912600 -15.628700
v 17.679600 22.233500 -3.420190
v 8.511380 38.087600 -13.128200
v 13.684200 34.572200 -11.871800
v 14.572200 33.684200 -13.128200
v 11.323500 32.058300 -1.258330
v 13.630200 34.514700 -10.617800
v 8.918980 21.701400 5.320130
v 12.161500 21.536400 3.303100
v 11.873000 16.951500 3.303100
v 10.691500 16.526100 4.041610
v 13.121900 18.342300 2.502220
v 11.042500 17.893500 4.041610
v 14.114200 20.888000 1.642140
v 13.200100 20.830500 2.502220
v 16.021900 15.886300 -1.258330
v 16.248600 16.900400 -1.258330
v 17.180900 21.080900 -2.319170
v 14.972600 19.058000 0.726237
v 15.002200 20.000000 0.726237
v 13.380300 32.564900 -4.557040
v 14.000500 33.147300 -6.920180
v 16.479900 30.458400 -8.137130
v 13.382400 29.722900 -1.258330
v 12.745500 30.544000 -1.258330
v 12.785000 29.288800 -0.241858
v 17.778400 24.564700 -4.557040
v 18.669200 22.358500 -5.725240
v 19.518300 20.000000 -8.137130
v 19.168000 21.205900 -6.920180
v -13.249100 -30.630500 10.003300
v -12.089100 -31.366600 8.713200
v -12.838200 -32.468800 8.713200
v -17.645300 -28.976200 13.322300
v -18.233300 -29.734300 13.322300
v -15.223300 -28.123600 12.312400
v -13.887200 -28.858100 11.204600
v -14.595400 -36.404200 7.339360
v -19.435400 -42.450900 4.362500
v -20.865900 -43.070000 4.362500
v -16.772900 -38.205600 7.339360
v -32.304500 -38.242200 11.204600
v -33.445400 -38.061500 11.204600
v -32.486500 -39.682900 10.003300
v -27.695500 -38.242200 11.204600
v -31.332000 -41.171300 8.713200
v -33.159700 -36.563800 12.312400
v -31.493300 -31.820500 15.032600
v -30.855200 -33.592800 14.230200
v -31.154500 -38.350900 11.204600
v -26.840300 -36.563800 12.312400
v -25.806500 -36.332700 12.312400
v -17.942100 -39.000200 7.339360
v -17.298400 -40.014500 5.887210
v -18.633400 -37.910900 8.713200
v -17.531200 -37.161800 8.713200
v -15.124400 -30.807700 11.204600
v -15.832400 -31.720400 11.204600
v -14.713500 -32.646100 10.003300
v -18.046500 -41.743300 4.362500
v 10.298000 11.575900 3.131710
v -4.247820 -14.238700 7.726510
v -13.949600 -31.661300 10.003300
v -14.742400 -27.179700 12.312400
v -16.182200 -26.502200 13.322300
v -5.120290 -13.882700 8.520660
v -14.999300 -22.861500 13.322300
v -16.621500 -22.552100 14.230200
v 12.234000 19.230300 3.303100
v 12.161500 18.463600 3.303100
v -20.157100 -22.527200 15.726400
v -18.459900 -22.963000 15.032600
v -18.296600 -22.232500 15.032600
v 12.041000 17.703100 3.303100
v 19.364400 17.553700 -16.862900
v 1.337790 -15.174000 1.041470
v 15.576500 12.670300 -2.319170
v 13.344100 8.304920 -1.792300
v 15.035400 5.042810 -11.826000
v 17.857200 12.929800 -6.920180
v 19.714800 21.240300 -15.628700
v -15.478600 -35.463800 -33.713200
v -16.419000 -34.462300 -35.003300
v -11.912500 -36.985300 -29.362500
v 7.774190 30.700300 -27.502200
v 7.577730 31.940600 -26.642100
v 8.312540 31.441200 -26.642100
v 7.956700 24.374200 -30.320100
v 7.666340 24.865200 -30.320100
v 8.921530 24.904700 -29.714800
v 11.042500 22.106500 -29.041600
v 9.860980 22.531900 -29.714800
v 11.658200 23.788000 -28.303100
v 12.578900 24.087100 -27.502200
v 11.967500 25.631500 -27.502200
v 8.595960 25.455200 -29.714800
v 6.618900 26.215600 -30.320100
v 6.969260 27.421500 -29.714800
v 6.215560 26.618900 -30.320100
v 6.706460 24.256100 -30.855100
v 2.688100 24.889600 -31.705900
v 3.263760 25.936800 -31.317600
v 13.343000 28.467700 -24.758100
v 5.535820 20.699300 -31.705900
v 13.848400 27.613200 -24.758100
v 16.674000 24.281200 -22.680800
v 14.030600 21.772500 -26.642100
v 14.736500 22.811100 -25.726200
v 14.972600 20.942000 -25.726200
v 15.771900 20.992300 -24.758100
v 12.234000 20.769700 -28.303100
v 11.219500 20.705900 -29.041600
v 12.161500 21.536400 -28.303100
v 13.121900 18.342300 -27.502200
v 13.200100 19.169500 -27.502200
v 17.066100 26.757000 -20.443000
v 16.608200 27.815200 -20.443000
v 12.745500 30.544000 -23.741700
v 12.058300 31.323500 -23.741700
v 13.264300 30.973200 -22.680800
v 12.549100 31.784400 -22.680800
v 11.323500 32.058300 -23.741700
v 11.784400 32.549100 -22.680800
v 9.680960 30.309200 -26.642100
v 14.530900 23.730900 -25.726200
v 6.568240 30.349900 -28.303100
v 6.371790 31.590200 -27.502200
v 7.086970 31.167300 -27.502200
v 14.000500 33.147300 -18.079800
v 13.147300 34.000500 -18.079800
v 13.717500 32.881500 -19.274800
v 14.228300 33.361200 -16.862900
v 16.878200 30.711200 -13.128200
v 4.564730 37.778400 -20.443000
v 5.934940 38.265900 -18.079800
v 6.031500 38.563000 -16.862900
v 10.818000 31.520000 -24.758100
v 10.073300 32.176500 -24.758100
v 14.535000 29.224200 -22.680800
v 13.927100 30.118600 -22.680800
v -49.216100 -15.066200 -35.003300
v -46.729500 -17.886600 -37.312400
v -45.000700 -17.138500 -38.322300
v -49.800200 -21.245700 -35.003300
v -49.487900 -23.717500 -35.003300
v -47.550000 1.214260 -24.414400
v -0.639259 30.160700 -29.714800
v 7.165710 28.661900 -29.041600
v -10.544000 32.745500 -23.741700
v -10.083000 35.888200 -19.274800
v 0.000000 35.803100 -24.758100
v 1.880280 34.883900 -25.726200
v 0.941997 34.972600 -25.726200
v 0.992285 35.771900 -24.758100
v 5.111640 35.732000 -23.741700
v 4.281160 36.674000 -22.680800
v 5.319680 36.372300 -22.680800
v 6.021430 32.796200 -26.642100
v 5.206070 33.149000 -26.642100
v 3.730900 34.530900 -25.726200
v -0.830482 33.200100 -27.502200
v 0.000000 33.226200 -27.502200
v 1.772480 34.030600 -26.642100
v 2.475800 39.598000 -15.628700
v 1.240350 39.714800 -15.628700
v 4.951720 39.285700 -14.382200
v 3.225740 36.909900 -22.680800
v 3.339160 37.504500 -21.579800
v 0.000000 36.541600 -23.741700
v 2.407130 39.054400 -18.079800
v 1.205950 39.168000 -18.079800
v -2.157590 37.079100 -22.680800
v -2.233450 37.679600 -21.579800
v -1.080930 37.180900 -22.680800
v 5.506720 36.948000 -21.579800
v 4.431690 37.260300 -21.579800
v 1.152520 38.318900 -20.443000
v -3.657370 39.172600 -16.862900
v -3.701490 39.403900 -15.628700
v -8.842630 36.084700 -20.443000
v -59.393900 -16.319100 -7.774570
v -53.364700 -9.005420 -27.771200
v -58.476600 -12.993800 -18.750000
v -59.056000 -16.031200 -18.750000
v -58.814100 -14.503400 -18.750000
v -59.219700 -21.838300 -19.044300
v -9.722910 33.382400 -23.741700
v -8.818080 32.137100 -25.726200
v -7.227380 33.146500 -25.726200
v -5.631460 31.967500 -27.502200
v -46.112800 -11.141900 -36.204700
v 3.630100 25.720100 6.317610
v 3.982100 25.480900 6.317610
v 3.381950 27.187000 5.855090
v 4.318390 25.220000 6.317610
v 6.215560 26.618900 5.320130
v 5.790170 25.437300 5.855090
v 6.618900 26.215600 5.320130
v 8.661850 27.165700 4.041610
v 7.421500 26.969300 4.714840
v 7.844460 26.489500 4.714840
v 10.171800 24.786500 4.041610
v 9.211890 24.334800 4.714840
v 7.956700 24.374200 5.320130
v 6.960470 23.826500 5.855090
v 13.146500 27.227400 0.726237
v 11.940600 27.577700 1.642140
v 13.121900 21.657700 2.502220
v 11.091500 25.219300 3.303100
v 14.736500 22.811100 0.726237
v 14.030600 21.772500 1.642140
v 10.700300 27.774200 2.502220
v 9.917040 27.205200 3.303100
v 9.094700 26.607700 4.041610
v 10.349900 26.568200 3.303100
v 16.248600 23.099600 -1.258330
v 15.523200 22.961200 -0.241858
v 10.669000 36.811600 -10.617800
v 11.703500 36.108500 -10.617800
v 8.410740 37.873700 -9.371310
v 9.516450 37.310400 -9.371310
v 7.070150 37.857200 -6.920180
v 6.927230 37.496200 -5.725240
v 6.104250 38.786900 -9.371310
v 1.255190 39.950700 -11.871800
v 0.000000 39.911200 -10.617800
v -1.255190 39.950700 -11.871800
v 7.815220 36.608200 -4.557040
v 4.883430 35.029600 -0.241858
v 11.060700 35.223800 -5.725240
v 4.904650 28.921500 4.714840
v 5.905400 30.741900 3.303100
v 1.038660 36.509000 -1.258330
v -0.992285 35.771900 -0.241858
v -4.786470 30.171800 4.041610
v 8.584910 35.615900 -3.420190
v 4.564730 37.778400 -4.557040
v 6.756960 37.066100 -4.557040
v 3.099590 36.248600 -1.258330
v 1.205950 39.168000 -6.920180
v -4.431690 37.260300 -3.420190
v -9.224170 34.535000 -2.319170
v -9.548500 35.046000 -3.420190
v 0.000000 38.817600 -5.725240
v 0.000000 38.355100 -4.557040
v 1.080930 37.180900 -2.319170
v -4.883430 35.029600 -0.241858
v -2.358470 38.669200 -5.725240
v -3.701490 39.403900 -9.371310
v -2.505430 39.832500 -11.871800
v 0.000000 39.990100 -11.871800
v -4.635940 34.268000 0.726237
v -4.370160 33.450000 1.642140
v -6.387630 33.574400 0.726237
v -20.275500 26.965500 -4.946020
v -20.445100 27.215100 -5.868760
v -20.878400 27.825500 -15.985900
v -20.882000 27.830200 -15.954200
v -9.835150 35.497700 -4.557040
v -20.729500 27.633600 -7.742640
v -20.766800 27.681700 -8.061710
v -55.656100 -5.895460 -19.044300
v -55.705300 -5.868410 -18.750000
v -55.554600 -5.613700 -18.750000
v -48.919900 2.406270 -18.750000
v -51.743300 -8.046530 -29.362500
v -50.949800 -6.704840 -29.362500
v -50.772500 -8.580200 -30.887200
v -49.719800 -9.158940 -32.339400
v -50.014500 -7.298410 -30.887200
v -46.050400 -8.338720 -35.003300
v -8.312540 31.441200 1.642140
v -48.242200 -17.695500 -36.204700
v -42.323500 -14.201000 -39.230200
v -44.198800 -14.378300 -38.322300
v -43.817800 -13.497800 -38.322300
v -41.331300 -16.318200 -40.032600
v -43.191800 -16.612900 -39.230200
v -42.953100 -15.791300 -39.230200
v -50.546800 -14.724500 -33.713200
v -41.820500 -21.493300 -40.032600
v -43.592800 -20.855200 -39.230200
v -41.890900 -20.748100 -40.032600
v -39.982100 -21.904200 -40.726400
v -40.082000 -21.273700 -40.726400
v -35.921500 -22.786400 -41.777500
v -36.084700 -22.409100 -41.777500
v -39.842900 -22.527200 -40.726400
v -41.499500 -27.297800 -39.230200
v -39.664800 -23.140300 -40.726400
v -37.573200 -23.563700 -41.308800
v -30.762400 -20.553900 -42.485200
v -32.383700 -21.512800 -42.366900
v -30.795600 -20.504900 -42.485200
v -30.118100 -20.934900 -42.485200
v -30.176600 -20.925600 -42.485200
v -27.739100 -15.887500 -42.130600
v -34.895600 -28.905100 -40.726400
v -34.032200 -27.334500 -41.308800
v -26.787400 -23.421100 -42.130600
v -25.515300 -27.066800 -41.308800
v -26.493400 -25.525500 -41.777500
v -25.080400 -26.771300 -41.308800
v -43.512300 -18.293000 -39.230200
v -39.664800 -16.859700 -40.726400
v -35.525500 -16.493400 -41.777500
v -32.058100 -18.067400 -42.366900
v -33.616000 -17.008500 -42.130600
v -33.421100 -16.787400 -42.130600
v -32.175400 -18.200400 -42.366900
v -34.693000 -20.000000 -42.130600
v -34.683800 -19.705300 -42.130600
v -32.474000 -21.360100 -42.366900
v -30.825800 -20.454000 -42.485200
v -31.039300 -17.375000 -42.366900
v -25.316200 -20.294700 -42.130600
v -27.182300 -20.177300 -42.366900
v -27.176800 -20.000000 -42.366900
v -28.001800 -15.753600 -42.130600
v -28.797900 -17.445400 -42.366900
v -27.199000 -19.646200 -42.366900
v -27.226800 -19.471000 -42.366900
v -27.314900 -19.127600 -42.366900
v -30.825800 -19.546000 -42.485200
v -32.474000 -18.639900 -42.366900
v -33.846600 -14.705600 -41.777500
v -35.445100 -11.419800 -40.726400
v -30.353800 -17.199000 -42.366900
v -35.729500 -13.898700 -41.308800
v -37.407900 -13.043500 -40.726400
v -38.976200 -7.645300 -38.322300
v -7.577730 31.940600 -26.642100
v -8.038590 32.666800 -25.726200
v -30.600700 -20.726100 -42.485200
v -30.726100 -19.399300 -42.485200
v -30.118100 -19.065100 -42.485200
v -30.588200 -15.344000 -42.130600
v -34.484700 -12.933200 -41.308800
v -25.806500 -36.332700 -37.312400
v -28.293000 -33.512300 -39.230200
v -28.506700 -31.820500 -40.032600
v -24.554900 -28.580200 -40.726400
v -29.059500 -20.059200 -42.485200
v -29.059500 -19.940800 -42.485200
v -29.057700 -20.000000 -42.485200
v -29.065100 -20.118100 -42.485200
v -29.065100 -19.881900 -42.485200
v -29.074400 -20.176600 -42.485200
v -29.087300 -20.234300 -42.485200
v -29.103800 -20.291200 -42.485200
v -29.103800 -19.708800 -42.485200
v -29.123800 -20.346900 -42.485200
v -29.123800 -19.653100 -42.485200
v -29.147400 -20.401200 -42.485200
v -29.147400 -19.598800 -42.485200
v -29.174200 -20.454000 -42.485200
v -29.204400 -20.504900 -42.485200
v -29.237600 -20.553900 -42.485200
v -29.237600 -19.446100 -42.485200
v -29.273900 -20.600700 -42.485200
v -29.273900 -19.399300 -42.485200
v -29.313100 -20.645100 -42.485200
v -29.313100 -19.354900 -42.485200
v -29.354900 -20.686900 -42.485200
v -29.354900 -19.313100 -42.485200
v -29.399300 -20.726100 -42.485200
v -29.446100 -20.762400 -42.485200
v -29.495100 -20.795600 -42.485200
v -29.495100 -19.204400 -42.485200
v -29.546000 -20.825800 -42.485200
v -29.546000 -19.174200 -42.485200
v -29.598800 -20.852600 -42.485200
v -29.598800 -19.147400 -42.485200
v -29.653100 -20.876100 -42.485200
v -29.653100 -19.123800 -42.485200
v -29.765700 -20.912700 -42.485200
v -29.823400 -20.925600 -42.485200
v -29.823400 -19.074400 -42.485200
v -29.881900 -20.934900 -42.485200
v -29.940800 -20.940500 -42.485200
v -30.059200 -20.940500 -42.485200
v -30.234300 -19.087300 -42.485200
v -30.291200 -19.103800 -42.485200
v -30.346900 -19.123800 -42.485200
v -30.645100 -20.686900 -42.485200
v -30.645100 -19.313100 -42.485200
v -30.686900 -20.645100 -42.485200
v -30.686900 -19.354900 -42.485200
v -30.726100 -20.600700 -42.485200
v -30.762400 -19.446100 -42.485200
v -30.795600 -19.495100 -42.485200
v -30.852600 -20.401200 -42.485200
v -30.852600 -19.598800 -42.485200
v -30.876100 -20.346900 -42.485200
v -30.896200 -20.291200 -42.485200
v -30.896200 -19.708800 -42.485200
v -30.912700 -20.234300 -42.485200
v -30.912700 -19.765700 -42.485200
v -30.925600 -20.176600 -42.485200
v -30.925600 -19.823400 -42.485200
v -30.934900 -20.118100 -42.485200
v -30.934900 -19.881900 -42.485200
v -30.940500 -20.059200 -42.485200
v -30.940500 -19.940800 -42.485200
v -30.942300 -20.000000 -42.485200
v -23.497800 -33.817800 -38.322300
v -22.643000 -33.382300 -38.322300
v -23.438700 -31.935000 -39.230200
v -27.241500 -16.203300 -42.130600
v 1.348200 24.149300 -32.018300
v 3.747810 29.465900 -29.714800
v 3.146050 29.682500 -29.714800
v 5.790170 25.437300 -30.855100
v 4.318390 25.220000 -31.317600
v 4.668750 26.426000 -30.855100
v 5.787690 26.996100 -30.320100
v 5.720120 23.630100 -31.317600
v 3.819650 24.067500 -31.705900
v 3.556710 24.299300 -31.705900
v -23.776000 -22.022300 -41.777500
v -25.636500 -21.727600 -42.130600
v -25.536700 -21.450200 -42.130600
v -24.265200 -16.847300 -41.777500
v 3.180390 22.986600 -32.018300
v -31.568300 -11.778500 -41.308800
v 1.276000 30.100500 -29.714800
v 1.408950 31.153000 -29.041600
v 0.000000 30.180800 -29.714800
v -27.182300 -19.822700 -42.366900
v -26.153400 -25.294400 -41.777500
v -27.375000 -21.039300 -42.366900
v -23.571600 -21.226300 -41.777500
v -24.026800 -28.221300 -40.726400
v -25.828500 -25.042500 -41.777500
v 11.241700 20.000000 -29.041600
v -21.023800 -32.354700 -38.322300
v -24.201000 -32.323500 -39.230200
v -25.614000 -31.077800 -40.032600
v -24.927100 -30.780500 -40.032600
v -15.832400 -31.720400 -36.204700
v -5.188540 -33.564100 -22.500000
v -4.112850 -33.698500 -6.068750
v -4.095730 -33.617400 -5.955700
v -4.142060 -33.867900 -6.335640
v -7.725630 -36.183300 -0.585563
v 18.484300 16.473900 -5.725240
v 1.414480 -15.169900 0.926418
v 13.351000 8.295320 -1.809140
v 0.335841 -18.716500 0.131045
v 2.074760 -15.135300 -0.148520
v 0.318707 -18.745000 0.138751
v 0.190332 -18.974800 0.184710
v 0.125687 -19.091200 0.207308
v 0.000000 -19.317600 0.251246
v -0.053422 -19.414500 0.269413
v -0.151475 -19.592400 0.302759
v -0.161248 -19.610200 0.305979
v -0.189614 -19.662100 0.315325
v -0.274373 -19.828100 0.335205
v -0.288326 -19.855600 0.338360
v -0.376086 -20.028500 0.358207
v -0.433854 -20.143000 0.370741
v -0.462309 -20.199400 0.376915
v -0.497603 -20.269900 0.384221
v -0.536756 -20.348000 0.392327
v -0.577308 -20.429600 0.400287
v -0.602065 -20.479400 0.405148
v -0.620572 -20.516900 0.408569
v -0.660161 -20.597100 0.415887
v -0.706037 -20.690800 0.423810
v -0.712487 -20.704000 0.424924
v -0.717616 -20.714600 0.425744
v -0.760146 -20.802200 0.432542
v -0.766205 -20.814800 0.433429
v -0.803003 -20.894800 0.436290
v -0.841390 -20.978600 0.438978
v -0.842673 -20.981400 0.439068
v -0.843992 -20.984300 0.439149
v -0.879876 -21.063000 0.441374
v -0.915080 -21.140700 0.443263
v -0.946280 -21.209900 0.444670
v -0.948676 -21.215200 0.444778
v -0.951104 -21.220600 0.444867
v -0.981001 -21.287300 0.445951
v -1.009610 -21.351400 0.446731
v -1.012350 -21.357500 0.446806
v -1.015100 -21.363700 0.446856
v -1.042980 -21.426600 0.447359
v -1.070290 -21.488500 0.447597
v -1.073150 -21.495000 0.447622
v -1.100230 -21.556800 0.447601
v -1.103080 -21.563300 0.447599
v -1.105910 -21.569700 0.447570
v -1.132990 -21.631900 0.447290
v -1.160440 -21.695200 0.446743
v -1.163120 -21.701400 0.446690
v -1.191180 -21.766400 0.445860
v -1.193700 -21.772300 0.445785
v -1.222670 -21.839900 0.444650
v -1.224970 -21.845200 0.444559
v -1.227220 -21.850500 0.444450
v -1.257220 -21.920900 0.442987
v -1.259170 -21.925500 0.442873
v -1.290750 -22.000000 0.441034
v -1.324770 -22.080700 0.438734
v -1.325920 -22.083400 0.438656
v -1.362620 -22.170900 0.435838
v -1.363150 -22.172200 0.435797
v -1.363670 -22.173400 0.435752
v -1.390760 -22.238400 0.433429
v -1.401330 -22.265000 0.431584
v -1.402330 -22.267500 0.431408
v -1.442800 -22.370400 0.423579
v -1.403550 -22.270600 0.431172
v -1.460460 -22.415800 0.419834
v 13.411000 8.210790 -1.971040
v -35.445100 -28.580200 -40.726400
v -31.727600 -24.363500 -42.130600
v -32.409100 -26.084700 -41.777500
v -31.998200 -24.246400 -42.130600
v -34.479900 -24.770600 -41.777500
v -34.919600 -26.771300 -41.308800
v -41.132300 -30.453900 -38.322300
v -42.292200 -31.543200 -37.312400
v -39.323300 -29.928300 -39.230200
v -38.685200 -28.156000 -40.032600
v -38.156000 -28.685200 -40.032600
v -36.561300 -31.935000 -39.230200
v -37.297800 -31.499500 -39.230200
v -35.739800 -30.440700 -40.032600
v -38.447200 -37.951200 -35.003300
v -37.828900 -36.637200 -36.204700
v -39.557700 -37.385400 -35.003300
v -33.350200 -46.519400 -26.119700
v -21.876400 -34.776700 -37.312400
v -22.020500 -44.558400 -27.771200
v -42.468800 -37.161800 -33.713200
v 14.885600 5.432830 -8.894000
v 14.808700 5.633240 -8.082750
v -4.447500 -35.346400 -9.311930
v -4.456510 -35.388200 -9.418930
v -4.461000 -35.419300 -9.513920
v -22.020500 -44.558400 2.771240
v -21.491900 -46.185100 -0.585563
v -30.000000 -48.808800 -20.869700
v -28.191100 -48.752000 -20.869700
v -13.595800 -35.404600 -32.339400
v -30.000000 -49.866900 -15.323200
v -30.000000 -49.630600 -17.193000
v -33.610700 -48.581600 -20.869700
v -25.887500 -17.739100 17.130600
v -15.531400 15.621400 8.335750
v -15.037100 8.818280 10.976300
v -15.043200 8.624650 11.036900
v -15.186800 13.233800 9.432190
v -33.577700 -17.729500 17.188200
v -33.856300 -17.850000 17.165700
v -32.326300 -17.188000 17.262500
v -31.799600 -17.824600 17.366900
v -30.879400 -24.609900 17.130600
v -27.918500 -28.106800 16.308800
v -27.590900 -26.084700 16.777500
v -26.918900 -27.782000 16.308800
v -32.783700 -17.385900 17.241100
v -26.037500 -22.514700 17.130600
v -26.203300 -22.758500 17.130600
v -24.705600 -23.846600 16.777500
v -24.957500 -24.171500 16.777500
v -26.384000 -22.991500 17.130600
v -32.817700 -20.177300 17.366900
v -32.801000 -20.353800 17.366900
v -34.363500 -21.727600 17.130600
v -36.428400 -21.226300 16.777500
v -22.996900 -29.639000 15.032600
v -23.615900 -30.059700 15.032600
v -28.773700 -26.428400 16.777500
v -32.232500 -31.703400 15.032600
v -32.552100 -33.378500 14.230200
v -33.506600 -25.525500 16.777500
v -33.212600 -23.421100 17.130600
v -33.563700 -27.573200 16.308800
v -33.081100 -27.782000 16.308800
v -28.487200 -17.616300 17.366900
v -35.042500 -24.171500 16.777500
v -44.237500 -29.035400 12.312400
v -38.905100 -24.895600 15.726400
v -35.799000 -32.323500 14.230200
v -33.797800 -34.791500 13.322300
v -35.618700 -49.454100 -13.442300
v -39.852400 -35.524800 11.204600
v -28.200400 -17.824600 17.366900
v -28.272400 -24.363500 17.130600
v -27.715900 -18.340500 17.366900
v -26.203300 -17.241500 17.130600
v -29.123800 -20.346900 17.485200
v -29.147400 -20.401200 17.485200
v -11.794500 -0.088435 12.500000
v -24.078500 -17.213600 16.777500
v -11.746800 -0.198686 12.500000
v -0.956789 14.688900 8.757290
v -1.210480 14.659600 8.815140
v -1.216340 14.658500 8.816510
v -31.512800 -17.616300 17.366900
v -31.913300 -16.985200 17.272400
v -30.059200 -20.940500 17.485200
v -30.000000 -20.942300 17.485200
v -33.294100 -17.606700 17.209100
v -33.526700 -17.707400 17.192000
v -29.297900 -22.734600 17.366900
v -24.474500 -23.506600 16.777500
v -27.241500 -23.796700 17.130600
v -20.805000 -24.326800 15.726400
v -19.219500 -25.072900 15.032600
v -24.078500 -22.786400 16.777500
v -18.922200 -24.386000 15.032600
v -16.808200 -23.387100 14.230200
v -17.046900 -24.208700 14.230200
v -10.917000 -3.087170 12.500000
v 1.244780 14.811200 8.202710
v 2.548690 14.738300 7.794750
v -11.066100 -2.328530 12.500000
v 0.840164 14.815400 8.311550
v 5.404520 21.387600 6.705870
v -7.895870 11.905200 10.152900
v -8.088220 11.768500 10.194300
v -12.722400 5.921560 11.707100
v -12.883500 5.526850 11.798200
v -16.369800 1.068440 12.948300
v -13.078500 5.049090 11.908500
v -16.468300 0.729489 13.023600
v -32.058100 -21.932600 17.366900
v -33.421100 -23.212600 17.130600
v -33.101300 -17.523300 17.221900
v -29.059500 -19.940800 17.485200
v -30.396800 -16.200100 17.240700
v -34.693000 -20.000000 17.130600
v -40.142100 -20.638100 15.726400
v -41.263500 -19.765700 15.287400
v 4.865200 27.666300 5.320130
v 6.969260 27.421500 4.714840
v 3.048480 31.873000 3.303100
v 16.830200 29.252500 -18.079800
v 19.558600 23.731000 -14.382200
v 16.541600 20.000000 -23.741700
v 12.691900 35.341900 -10.617800
v 13.522400 34.399900 -9.371310
v 12.881500 33.717500 -5.725240
v 15.220500 32.591500 -15.628700
v 10.888500 22.795700 4.041610
v 10.000500 21.907700 4.714840
v 11.042500 22.106500 4.041610
v -10.729800 -6.848550 12.500000
v 3.475880 14.611300 7.478900
v 6.209340 13.879700 6.255410
v 6.323980 13.833000 6.188320
v 6.165460 13.894500 6.280720
v -9.056200 -11.326700 11.487900
v -8.546570 -11.757300 11.163400
v -9.398180 -10.998700 11.710300
v 7.212990 13.460300 5.666610
v -8.152000 -12.071900 10.912900
v 4.608040 14.370100 7.025090
v 4.652040 14.358300 7.006460
v -10.639400 -9.653290 12.382000
v -10.802100 -9.452340 12.457000
v -9.736330 -10.674400 11.891900
v -16.487700 -21.707000 14.230200
v -9.622680 -10.783400 11.831100
v -10.374200 -9.980800 12.238900
v -10.401100 -9.947580 12.253900
v 9.008210 18.862000 5.320130
v 5.754700 14.032700 6.482410
v 5.935080 13.972000 6.394100
v 4.637640 24.938600 6.317610
v 2.986590 23.180400 7.018330
v 17.180900 18.919100 -2.319170
v 11.697900 10.315500 1.379650
v 8.012150 37.026700 -5.725240
v 19.285700 24.951700 -10.617800
v 17.517500 29.630300 -13.128200
v 17.517500 29.630300 -11.871800
v 19.168000 18.794100 -6.920180
v -22.643000 -33.382300 13.322300
v -21.876400 -34.776700 12.312400
v -20.361000 -27.003100 15.032600
v -19.251400 -32.992800 12.312400
v -20.265700 -31.766700 13.322300
v -13.595800 -35.404600 7.339360
v -19.780500 -38.589300 8.713200
v -22.820300 -35.257600 12.312400
v -22.171100 -36.637200 11.204600
v -33.717500 -39.487900 10.003300
v -32.658700 -41.045900 8.713200
v -32.820400 -42.325900 7.339360
v -31.413000 -42.458900 7.339360
v -27.029000 -43.517700 5.887210
v -27.179600 -42.325900 7.339360
v -32.963000 -31.540100 15.032600
v -32.861500 -35.000700 13.322300
v -32.113400 -36.729500 12.312400
v -31.914000 -35.150800 13.322300
v -30.958900 -35.241100 13.322300
v -27.413600 -27.960100 16.308800
v -27.472800 -29.842900 15.726400
v -26.859700 -29.664800 15.726400
v -24.986200 -32.663300 14.230200
v -26.318200 -31.331300 15.032600
v -27.037000 -31.540100 15.032600
v -23.869300 -38.868300 10.003300
v -22.190900 -39.723500 8.713200
v -21.716000 -40.923100 7.339360
v -21.273700 -42.040000 5.887210
v -16.704800 -40.949800 4.362500
v -14.475200 -29.852400 11.204600
v -17.007200 -30.748600 12.312400
v -15.801200 -25.621700 13.322300
v 8.352330 12.875700 4.885670
v 8.489480 12.798400 4.780310
v -6.789640 -13.010000 9.917050
v -6.764170 -13.024300 9.897480
v -6.807470 -12.998400 9.931040
v 8.751170 12.651000 4.567150
v -6.965730 -12.895600 10.055200
v 8.328780 12.889000 4.903760
v 7.930200 13.113600 5.184950
v -17.336700 -25.013800 14.230200
v -17.676500 -25.799000 14.230200
v 12.992000 17.521600 2.502220
v -4.459970 -32.018200 -2.337860
v -3.834240 -31.825900 -3.839350
v -3.806890 -31.615100 -3.644280
v -3.623990 -30.444300 -2.647670
v -3.576650 -30.209100 -2.477120
v -3.665770 -30.691400 -2.849070
v -3.748590 -31.181100 -3.248330
v -3.841820 -31.884400 -3.893400
v -3.849540 -31.969700 -3.981770
v -3.862980 -32.118300 -4.135590
v 14.416400 6.490040 -5.509310
v 14.377600 6.562410 -5.307620
v 14.419600 6.483200 -5.526850
v 13.971100 7.320510 -3.664100
v -3.053510 -27.554300 -0.913020
v 14.268000 15.364100 -25.726200
v -13.249100 -30.630500 -35.003300
v -14.742400 -27.179700 -37.312400
v -16.182200 -26.502200 -38.322300
v 5.936770 23.263800 -31.317600
v 7.385170 22.924000 -30.855100
v 5.220040 24.318400 -31.317600
v 12.161500 18.463600 -28.303100
v 10.171800 24.786500 -29.041600
v 9.445060 27.813600 -28.303100
v 7.205150 29.917000 -28.303100
v 4.786470 30.171800 -29.041600
v 4.138330 30.452200 -29.041600
v 5.219260 31.091500 -28.303100
v 10.269700 30.936100 -25.726200
v 10.936100 30.269700 -25.726200
v 16.411200 22.073200 -23.741700
v 16.248600 23.099600 -23.741700
v 11.520000 30.818000 -24.758100
v 13.574400 26.387600 -25.726200
v 11.441200 28.312500 -26.642100
v 11.559400 29.562800 -25.726200
v 13.450000 24.370200 -26.642100
v 9.014540 30.896700 -26.642100
v 8.038590 32.666800 -25.726200
v 7.329720 35.576500 -22.680800
v 6.337200 36.006000 -22.680800
v 6.927230 37.496200 -19.274800
v 7.070150 37.857200 -18.079800
v 12.564900 33.380300 -20.443000
v -54.558400 -12.020500 -27.771200
v -54.032900 -13.829400 -29.362500
v -49.487900 -16.282500 -35.003300
v -50.837500 -16.025000 -33.713200
v -49.485500 -1.701920 -26.119700
v -0.705870 31.219500 -29.041600
v 0.000000 31.241700 -29.041600
v -5.506720 36.948000 -21.579800
v -4.113730 36.021900 -23.741700
v -9.224170 34.535000 -22.680800
v -9.548500 35.046000 -21.579800
v -8.584910 35.615900 -21.579800
v 1.980650 35.678500 -24.758100
v 2.649970 33.891600 -26.642100
v 3.439400 38.030000 -20.443000
v 7.968980 34.495500 -23.741700
v 7.043080 34.967300 -23.741700
v 6.607690 29.094700 -29.041600
v 6.023590 29.491700 -29.041600
v 6.489500 27.844500 -29.714800
v 6.813030 32.392800 -26.642100
v 2.446300 39.364400 -16.862900
v 6.177290 39.011700 -13.128200
v 2.073210 36.411200 -23.741700
v 5.814960 37.896600 -19.274800
v 3.701490 39.403900 -15.628700
v 3.657370 39.172600 -16.862900
v -56.244300 -9.609160 -22.662100
v -55.540000 -7.981770 -22.662100
v -9.288830 32.785000 -24.758100
v -7.968980 34.495500 -23.741700
v -7.043080 34.967300 -23.741700
v -5.817510 34.693400 -24.758100
v -45.524800 -10.147600 -36.204700
v -3.802240 14.033200 9.342460
v -3.952240 13.986200 9.369990
v -13.025500 1.605840 12.500000
v -3.311990 14.186800 9.248560
v 3.180390 22.986600 7.018330
v -12.777200 1.357600 12.500000
v 6.996110 25.787700 5.320130
v 6.425990 24.668800 5.855090
v 7.345720 25.337000 5.320130
v 9.465890 23.747800 4.714840
v 9.445060 27.813600 3.303100
v 8.215660 23.866000 5.320130
v 8.442190 23.342500 5.320130
v 12.578900 24.087100 2.502220
v 11.658200 23.788000 3.303100
v 11.873000 23.048500 3.303100
v 12.041000 22.296900 3.303100
v 15.678500 21.980700 -0.241858
v 13.343000 28.467700 -0.241858
v 12.666800 28.038600 0.726237
v 11.967500 25.631500 2.502220
v 9.680960 30.309200 1.642140
v 9.641510 29.054000 2.502220
v 10.309200 29.681000 1.642140
v 9.053980 29.641500 2.502220
v 8.430720 30.191000 2.502220
v 7.813630 29.445100 3.303100
v 12.796200 26.021400 1.642140
v 12.297400 24.868900 2.502220
v 13.149000 25.206100 1.642140
v 13.450000 24.370200 1.642140
v 7.358860 38.586400 -13.128200
v 4.912560 39.133200 -15.628700
v -4.776310 38.602500 -18.079800
v 11.994800 34.499200 -5.725240
v 4.951720 39.285700 -10.617800
v -48.363400 2.197570 -20.869700
v 9.835150 35.497700 -4.557040
v 6.387630 33.574400 0.726237
v 12.137100 28.818100 0.726237
v 10.118600 33.927100 -2.319170
v 5.219260 31.091500 3.303100
v 11.559400 29.562800 0.726237
v 9.014540 30.896700 1.642140
v -1.880280 34.883900 0.726237
v -0.941997 34.972600 0.726237
v -1.152520 38.318900 -4.557040
v 1.181570 38.780500 -5.725240
v -1.080930 37.180900 -2.319170
v -4.679750 38.226400 -5.725240
v -5.672040 37.456700 -4.557040
v -4.564730 37.778400 -4.557040
v -5.506720 36.948000 -3.420190
v -5.319680 36.372300 -2.319170
v -2.106480 31.042500 4.041610
v -3.473870 30.691500 4.041610
v -18.048200 23.152200 2.393140
v -6.756960 37.066100 -4.557040
v -48.698000 2.601960 -18.750000
v -53.731400 -2.758120 -18.750000
v -50.596000 -2.961530 -26.119700
v -52.450900 -9.435390 -29.362500
v -50.923100 -11.716000 -32.339400
v -51.448600 -9.907050 -30.887200
v -50.361600 -10.418500 -32.339400
v -18.008500 23.074200 2.492550
v -17.855200 22.773400 2.846480
v -17.727700 22.478800 3.178470
v -50.621400 -19.468600 9.253230
v -47.809500 -15.427300 -36.204700
v -45.000700 -22.861500 -38.322300
v -43.191800 -23.387100 -39.230200
v -40.142100 -19.361900 -40.726400
v -31.450200 -24.463300 -42.130600
v -34.463300 -21.450200 -42.130600
v -32.734600 -20.702100 -42.366900
v -34.363500 -21.727600 -42.130600
v -32.817700 -20.177300 -42.366900
v -29.646200 -22.801000 -42.366900
v -28.797900 -22.554600 -42.366900
v -31.167100 -24.545600 -42.130600
v -33.212600 -23.421100 -42.130600
v -29.179800 -26.492700 -41.777500
v -27.485300 -23.962500 -42.130600
v -42.663300 -14.986200 -39.230200
v -34.545600 -18.832900 -42.130600
v -31.167100 -15.454400 -42.130600
v -28.639900 -17.526000 -42.366900
v -25.344000 -20.588200 -42.130600
v -27.199000 -20.353800 -42.366900
v -30.879400 -15.390100 -42.130600
v -36.384100 -9.940310 -40.032600
v -32.773200 -20.529000 -42.366900
v -37.003100 -10.361000 -40.032600
v -38.005500 -8.981420 -39.230200
v -35.973200 -11.778700 -40.726400
v -43.403700 -7.413090 -36.204700
v -32.625000 -21.039300 -42.366900
v -17.645300 -28.976200 -38.322300
v -25.673200 -29.195000 -40.726400
v -28.951000 -28.303700 -41.308800
v -28.431700 -28.221500 -41.308800
v -22.702200 -31.499500 -39.230200
v -23.615900 -30.059700 -40.032600
v -21.994500 -31.018600 -39.230200
v -26.847300 -25.734800 -41.777500
v -27.739100 -24.112500 -42.130600
v -26.203300 -22.758500 -42.130600
v 3.342500 28.442200 -30.320100
v 7.345720 25.337000 -30.320100
v 2.884550 26.130000 -31.317600
v 5.336980 27.345700 -30.320100
v 4.865200 27.666300 -30.320100
v -23.915300 -22.409100 -41.777500
v -21.630300 -20.000000 -41.308800
v -21.778700 -25.973200 -40.726400
v -22.169900 -26.477600 -40.726400
v -23.468600 -20.410900 -41.777500
v -27.715900 -21.659500 -42.366900
v -27.616300 -21.512800 -42.366900
v -27.265400 -20.702100 -42.366900
v -25.753600 -21.998200 -42.130600
v -24.078500 -22.786400 -41.777500
v -23.522400 -27.830100 -40.726400
v -23.043500 -27.407900 -40.726400
v 10.100500 21.276000 -29.714800
v -20.071700 -29.323300 -39.230200
v -32.022300 -26.224000 -41.777500
v -31.627500 -26.338700 -41.777500
v -34.484700 -27.066800 -41.308800
v -30.000000 -26.544300 -41.777500
v -42.586900 -33.403700 -36.204700
v -41.543200 -32.292200 -37.312400
v -43.403700 -32.586900 -36.204700
v -37.357000 -33.382300 -38.322300
v -38.858100 -36.112800 -36.204700
v -39.852400 -35.524800 -36.204700
v -4.976600 -35.946800 -16.846500
v -4.957550 -36.005400 -16.460700
v -4.930440 -36.088900 -15.911600
v -4.879740 -36.146400 -15.323200
v -4.037990 -33.137100 -5.306390
v -4.023790 -33.049800 -5.201230
v -4.074900 -33.444100 -5.721460
v -18.580200 -40.772500 5.887210
v -22.332500 -43.598000 4.362500
v -24.104900 -42.959900 5.887210
v -30.000000 -49.277500 -19.044300
v -24.710900 -47.726500 -2.337860
v -29.354900 -20.686900 17.485200
v -29.399300 -20.726100 17.485200
v -30.940500 -19.940800 17.485200
v -30.942300 -20.000000 17.485200
v -29.446100 -19.237600 17.485200
v -27.824600 -18.200400 17.366900
v -34.246400 -21.998200 17.130600
v -32.554600 -21.202100 17.366900
v -34.250000 -17.999000 17.129800
v -30.795600 -20.504900 17.485200
v -32.383700 -21.512800 17.366900
v -30.762400 -20.553900 17.485200
v -36.531400 -19.589100 16.777500
v -37.539300 -19.057500 16.506900
v -37.828400 -19.122100 16.434500
v -36.419100 -18.732000 16.777500
v -36.509400 -18.758300 16.756300
v -29.822700 -22.817700 17.366900
v -29.705300 -24.683800 17.130600
v -27.715900 -21.659500 17.366900
v -27.824600 -21.799600 17.366900
v -28.797900 -22.554600 17.366900
v -28.001800 -24.246400 17.130600
v -29.646200 -22.801000 17.366900
v -29.179800 -26.492700 16.777500
v -29.589100 -26.531400 16.777500
v -28.293000 -33.512300 14.230200
v -31.167100 -24.545600 17.130600
v -30.000000 -26.544300 16.777500
v -31.707000 -33.512300 14.230200
v -33.616000 -22.991500 17.130600
v -36.477600 -27.830100 15.726400
v -35.973200 -28.221300 15.726400
v -36.101300 -25.729500 16.308800
v -34.032200 -27.334500 16.308800
v -29.273900 -20.600700 17.485200
v -29.313100 -20.645100 17.485200
v -37.003100 -29.639000 15.032600
v -39.195000 -24.326800 15.726400
v -27.213600 -25.921500 16.777500
v -32.284100 -21.659500 17.366900
v -33.886800 -17.863200 17.163200
v -30.346900 -20.876100 17.485200
v -29.103800 -20.291200 17.485200
v -21.630300 -20.000000 16.308800
v -22.933200 -24.484700 16.308800
v -23.228700 -24.919600 16.308800
v -10.881600 -9.030090 12.500000
v 3.482290 14.610400 7.476350
v 3.675540 14.571500 7.398950
v 0.666625 14.817200 8.354460
v 6.299010 22.494000 6.317610
v -10.895200 -3.224490 12.500000
v 1.490030 14.808600 8.132560
v -49.487900 -23.717500 10.003300
v -24.647000 -12.030800 16.152500
v -5.462790 13.359600 9.658770
v -5.688770 13.256200 9.700680
v -13.809200 2.322040 12.482400
v -13.810700 2.311190 12.484500
v -18.275100 -3.597540 13.995700
v -13.822200 2.227140 12.500000
v -31.808900 -16.932000 17.273400
v -29.823400 -20.925600 17.485200
v -41.240000 -19.763400 15.296700
v 4.299330 23.556700 6.705870
v 3.289230 32.810700 2.502220
v 17.778400 24.564700 -20.443000
v 10.584600 36.678700 -9.371310
v 7.385170 22.924000 5.855090
v 9.008210 21.138000 5.320130
v 12.234000 20.769700 3.303100
v 13.697800 23.517000 1.642140
v 12.810700 23.289200 2.502220
v 6.129680 13.906500 6.298330
v -9.577730 -10.826500 11.806900
v 7.182060 13.475200 5.685230
v -8.331480 -11.938600 11.026500
v 7.081810 13.523700 5.744790
v -8.336450 -11.934900 11.029700
v 7.880320 19.004500 5.855090
v 4.855470 14.303800 6.920360
v -10.595500 -9.707480 12.361800
v 4.406020 14.424200 7.106370
v -10.902300 -9.328560 12.500000
v 4.067510 23.819700 6.705870
v -3.053030 14.267900 9.196840
v 16.948000 14.493300 -3.420190
v 16.674000 15.718800 -2.319170
v 15.223800 31.060700 -5.725240
v -20.964600 -34.237500 12.312400
v -20.147600 -35.524800 11.204600
v -21.314700 -28.156000 15.032600
v -20.676700 -29.928300 14.230200
v -20.071700 -29.323300 14.230200
v -21.844000 -28.685200 15.032600
v -17.413100 -33.403700 11.204600
v -21.318500 -30.494200 14.230200
v -22.405500 -29.180200 15.032600
v -21.994500 -31.018600 14.230200
v -31.058800 -36.829200 12.312400
v -29.041100 -35.241100 13.322300
v -34.216700 -42.104700 7.339360
v -30.000000 -35.271200 13.322300
v -26.554600 -38.061500 11.204600
v -27.513500 -39.682900 10.003300
v -21.141900 -36.112800 11.204600
v -20.442300 -37.385400 10.003300
v -23.522400 -27.830100 15.726400
v -20.967900 -39.194300 8.713200
v -16.596300 -32.586900 11.204600
v -1.486610 -22.483000 0.414290
v -1.476660 -22.457500 0.416400
v -1.534640 -22.607600 0.403246
v -1.518480 -22.565700 0.406961
v -1.848580 -23.443400 0.315325
v -1.804220 -23.323600 0.329041
v -1.797780 -23.306200 0.331033
v -1.732300 -23.130500 0.350357
v -1.717100 -23.089700 0.354844
v -1.697360 -23.037100 0.360374
v -1.648130 -22.906100 0.374162
v -1.613930 -22.815800 0.383196
v -1.587990 -22.747200 0.390048
v -1.556070 -22.663700 0.397944
v 13.474600 8.121380 -2.142280
v 2.235930 -15.126900 -0.410897
v 1.268480 -17.233500 -0.338865
v 1.195550 -17.343600 -0.297865
v 0.830264 -17.899600 -0.095594
v 0.786733 -17.971000 -0.075256
v 0.760313 -18.014300 -0.062911
v 0.654310 -18.189300 -0.014240
v 0.435821 -18.550100 0.086078
v 15.035400 5.042810 -12.500000
v 8.157210 -9.482600 -13.277100
v 8.152070 -9.493460 -13.088400
v 8.119890 -9.561410 -12.500000
v 8.141550 -9.425190 -13.892200
v 9.008210 21.138000 -30.320100
v 8.635410 22.805800 -30.320100
v 10.741900 25.905400 -28.303100
v 11.153000 18.591000 -29.041600
v 11.042500 17.893500 -29.041600
v 12.666800 28.038600 -25.726200
v 12.198700 32.990300 -21.579800
v 12.990300 32.198700 -21.579800
v 12.137100 28.818100 -25.726200
v 12.176500 30.073300 -24.758100
v 11.703500 36.108500 -14.382200
v -9.835150 35.497700 -20.443000
v -6.089370 35.380000 -23.741700
v -5.111640 35.732000 -23.741700
v -3.225740 36.909900 -22.680800
v -5.206070 33.149000 -26.642100
v 3.099590 36.248600 -23.741700
v 5.455160 28.596000 -29.714800
v 4.904650 28.921500 -29.714800
v 3.517010 33.697800 -26.642100
v 5.984140 28.236500 -29.714800
v 4.512520 31.397300 -28.303100
v 3.473870 30.691500 -29.041600
v 3.787970 31.658200 -28.303100
v 3.048480 31.873000 -28.303100
v 4.087130 32.578900 -27.502200
v -1.536350 32.161500 -28.303100
v -0.769694 32.234000 -28.303100
v 3.289230 32.810700 -27.502200
v -4.854010 38.905100 -16.862900
v -56.185100 -11.491900 -24.414400
v -7.329720 35.576500 -22.680800
v -7.587440 36.124100 -21.579800
v -6.337200 36.006000 -22.680800
v 4.256050 26.706500 5.855090
v 10.896700 29.014500 1.642140
v 11.441200 28.312500 1.642140
v 8.391270 28.935800 3.303100
v 8.921530 24.904700 4.714840
v 15.803100 20.000000 -0.241858
v 16.674000 24.281200 -2.319170
v 17.504500 23.339200 -3.420190
v 14.299100 26.728600 -0.241858
v 15.029600 24.883400 -0.241858
v 13.948700 25.522700 0.726237
v 14.268000 24.635900 0.726237
v 13.574400 26.387600 0.726237
v 10.741900 25.905400 3.303100
v 7.695450 28.194800 4.041610
v -20.515200 27.318300 -18.750000
v -20.520900 27.326600 -18.719200
v -20.919100 26.967200 -18.750000
v 7.227380 33.146500 0.726237
v 12.058300 31.323500 -1.258330
v -3.930070 35.306600 -0.241858
v 1.152520 38.318900 -4.557040
v -6.927230 37.496200 -5.725240
v -9.403030 37.104000 -8.137130
v -7.271850 38.366600 -9.371310
v -8.177460 37.378000 -6.920180
v -20.766800 27.681700 -16.938300
v -20.729500 27.633600 -17.257400
v -53.070000 -10.865900 -29.362500
v -48.387200 -20.000000 -36.204700
v -50.175000 -13.444800 -33.713200
v -17.580900 22.139500 3.560880
v -51.045900 -17.341300 -33.713200
v -52.325900 -17.179600 -32.339400
v -46.829200 -18.941200 -37.312400
v -32.817700 -19.822700 -42.366900
v -32.801000 -19.646200 -42.366900
v -32.801000 -20.353800 -42.366900
v -32.823200 -20.000000 -42.366900
v -28.832900 -24.545600 -42.130600
v -28.372500 -26.338700 -41.777500
v -29.474500 -28.353200 -41.308800
v -29.589100 -26.531400 -41.777500
v -32.734600 -19.297900 -42.366900
v -34.463300 -18.549800 -42.130600
v -31.627500 -13.661300 -41.777500
v -29.127600 -17.314900 -42.366900
v -28.067400 -22.058100 -42.366900
v -27.941900 -21.932600 -42.366900
v -37.594500 -10.819800 -40.032600
v -31.226300 -13.571600 -41.777500
v -30.820200 -13.507300 -41.777500
v -38.685200 -11.844000 -40.032600
v -39.323300 -10.071700 -39.230200
v -38.156000 -11.314700 -40.032600
v -39.928300 -10.676700 -39.230200
v -34.919600 -13.228700 -41.308800
v -22.996900 -29.639000 -40.032600
v -26.436300 -27.573200 -41.308800
v -22.405500 -29.180200 -40.032600
v -25.104400 -28.905100 -40.726400
v 2.986590 23.180400 -32.018300
v -25.390100 -19.120600 -42.130600
v -25.307000 -20.000000 -42.130600
v -26.203300 -17.241500 -42.130600
v -26.037500 -17.485300 -42.130600
v -24.078500 -17.213600 -41.777500
v -25.636500 -18.272400 -42.130600
v -27.445400 -21.202100 -42.366900
v -27.226800 -20.529000 -42.366900
v -27.526000 -21.360100 -42.366900
v -27.824600 -21.799600 -42.366900
v -23.444800 -40.175000 -33.713200
v -38.182700 -32.893900 -38.322300
v -38.976200 -32.354700 -38.322300
v -39.734300 -31.766700 -38.322300
v -40.453900 -31.132300 -38.322300
v -38.681500 -30.494200 -39.230200
v -43.581000 -34.462300 -35.003300
v -34.216700 -42.104700 -32.339400
v -32.820400 -42.325900 -32.339400
v -4.796190 -36.188200 -13.851300
v -4.770200 -36.179700 -13.584900
v -4.813520 -36.193800 -14.028800
v -4.877630 -36.152900 -15.237400
v -4.871080 -36.173100 -14.971200
v -3.939980 -32.534300 -4.580320
v -3.974270 -32.745200 -4.834360
v -29.174200 -20.454000 17.485200
v -31.360100 -22.474000 17.366900
v -32.773200 -19.471000 17.366900
v -32.801000 -19.646200 17.366900
v -34.671000 -18.150600 17.067600
v -31.659500 -22.284100 17.366900
v -28.639900 -22.474000 17.366900
v -29.765700 -20.912700 17.485200
v -30.896200 -20.291200 17.485200
v -30.401200 -20.852600 17.485200
v -33.140300 -29.664800 15.726400
v -34.770600 -24.479900 16.777500
v -32.786400 -25.921500 16.777500
v -29.546000 -20.825800 17.485200
v -30.176600 -20.925600 17.485200
v -34.112500 -22.260900 17.130600
v -39.323300 -29.928300 14.230200
v -30.176600 -19.074400 17.485200
v -29.057700 -20.000000 17.485200
v -32.474000 -21.360100 17.366900
v -30.940500 -20.059200 17.485200
v 6.654760 21.269500 6.317610
v 9.403030 37.104000 -8.137130
v 9.252500 36.830200 -6.920180
v 5.316240 14.180300 6.697070
v 12.992000 22.478300 2.502220
v 13.891600 22.650000 1.642140
v -17.707800 -31.543200 12.312400
v -18.456800 -32.292200 12.312400
v -33.975000 -40.837500 8.713200
v -25.558200 -43.284800 5.887210
v -26.025000 -40.837500 8.713200
v -25.783300 -42.104700 7.339360
v -30.000000 -38.387200 11.204600
v -30.000000 -33.619700 14.230200
v -24.789200 -36.037200 12.312400
v -25.673200 -29.195000 15.726400
v -18.867700 -30.453900 13.322300
v -19.546100 -31.132300 13.322300
v -23.043500 -27.407900 15.726400
v 17.066100 13.243000 -4.557040
v 8.442190 23.342500 -30.320100
v 8.430720 30.191000 -27.502200
v 11.153000 21.409000 -29.041600
v 14.495500 27.969000 -23.741700
v 11.940600 27.577700 -26.642100
v 8.467720 33.343000 -24.758100
v 7.613200 33.848400 -24.758100
v -8.012150 37.026700 -19.274800
v -8.293310 35.085500 -22.680800
v -3.099590 36.248600 -23.741700
v 5.817510 34.693400 -24.758100
v 6.089370 35.380000 -23.741700
v 4.868900 32.297400 -27.502200
v 4.370160 33.450000 -26.642100
v 0.000000 32.258100 -28.303100
v 0.887992 34.114200 -26.642100
v 5.905400 30.741900 -28.303100
v 5.415710 29.851100 -29.041600
v 5.631460 31.967500 -27.502200
v 4.854010 38.905100 -16.862900
v 2.495540 39.754200 -14.382200
v -55.890400 -13.352500 -26.119700
v -7.086970 31.167300 -27.502200
v 8.935800 28.391300 3.303100
v 8.194820 27.695400 4.041610
v 10.818000 31.520000 -0.241858
v 15.306600 23.930100 -0.241858
v 14.530900 23.730900 0.726237
v 12.176500 30.073300 -0.241858
v -3.099590 36.248600 -1.258330
v -4.113730 36.021900 -1.258330
v -5.814960 37.896600 -5.725240
v -9.516450 37.310400 -9.371310
v -4.854010 38.905100 -8.137130
v -17.300400 21.491500 4.207600
v -28.487200 -22.383700 -42.366900
v -27.715900 -18.340500 -42.366900
v -28.639900 -22.474000 -42.366900
v -27.375000 -18.960700 -42.366900
v -25.967800 -27.334500 -41.308800
v -26.259100 -29.448500 -40.726400
v -20.676700 -29.928300 -39.230200
v -21.844000 -28.685200 -40.032600
v -28.200400 -22.175400 -42.366900
v -31.932600 -22.058100 -42.366900
v -31.568300 -28.221500 -41.308800
v -32.081500 -28.106800 -41.308800
v -30.000000 -19.057700 17.485200
v -29.940800 -19.059500 17.485200
v -29.237600 -19.446100 17.485200
v -29.204400 -19.495100 17.485200
v -30.454000 -19.174200 17.485200
v -30.504900 -19.204400 17.485200
v -29.708800 -20.896200 17.485200
v -29.147400 -19.598800 17.485200
v -30.291200 -20.896200 17.485200
v -30.291200 -19.103800 17.485200
v -32.758500 -23.796700 17.130600
v -30.912700 -19.765700 17.485200
v -30.925600 -19.823400 17.485200
v -32.175400 -21.799600 17.366900
v -33.740900 -29.448500 15.726400
v -28.200400 -22.175400 17.366900
v -28.372500 -26.338700 16.777500
v 1.608900 14.807400 8.095750
v -30.346900 -19.123800 17.485200
v -30.795600 -19.495100 17.485200
v 16.021900 24.113700 -1.258330
v 16.372300 25.319700 -2.319170
v 9.860980 22.531900 4.714840
v -22.702200 -31.499500 14.230200
v -24.260200 -30.440700 15.032600
v -27.341300 -41.045900 8.713200
v -24.403600 -41.796300 7.339360
v -22.674900 -42.544500 5.887210
v -23.444800 -40.175000 8.713200
v -25.280900 -34.523800 13.322300
v 12.234000 19.230300 -28.303100
v -5.319680 36.372300 -22.680800
v 2.106480 31.042500 -29.041600
v 10.191000 28.430700 2.502220
v 10.269700 30.936100 0.726237
v -32.685100 -19.127600 -42.366900
v -27.314900 -20.872400 -42.366900
v -35.739800 -9.559300 -40.032600
v -26.859700 -29.664800 -40.726400
v -24.260200 -30.440700 -40.032600
v -23.507300 -20.820200 -41.777500
v -32.685100 -20.872400 -42.366900
v -3.264790 -28.472900 -1.378610
v -3.167230 -28.025300 -1.134900
v -3.530560 -29.894100 -2.253620
v -3.497600 -29.668700 -2.093790
v -3.122190 -27.844600 -1.049460
v -3.348960 -28.859000 -1.588870
v -3.371410 -28.980100 -1.663810
v -3.427910 -29.284700 -1.852420
v -29.123800 -19.653100 17.485200
v -30.059200 -19.059500 17.485200
v -30.118100 -19.065100 17.485200
v -30.896200 -19.708800 17.485200
v -29.074400 -20.176600 17.485200
v -29.087300 -20.234300 17.485200
v -30.401200 -19.147400 17.485200
v -26.259100 -29.448500 15.726400
v -29.446100 -20.762400 17.485200
v -29.653100 -20.876100 17.485200
v -30.234300 -19.087300 17.485200
v -30.820200 -26.492700 16.777500
v -29.399300 -19.273900 17.485200
v -29.354900 -19.313100 17.485200
v -25.427300 -37.809500 11.204600
v -23.046100 -41.401900 7.339360
v -24.318000 -37.487300 11.204600
v 0.705870 31.219500 -29.041600
v 0.769694 32.234000 -28.303100
v 0.639259 30.160700 -29.714800
v 2.531870 29.861000 -29.714800
v 2.795690 30.888500 -29.041600
v 11.520000 30.818000 -0.241858
v 10.936100 30.269700 0.726237
v -7.070150 37.857200 -6.920180
v -30.934900 -19.881900 17.485200
v -29.204400 -20.504900 17.485200
v -29.237600 -20.553900 17.485200
v -29.881900 -20.934900 17.485200
v -29.598800 -20.852600 17.485200
v -29.273900 -19.399300 17.485200
v -30.825800 -20.454000 17.485200
v -30.000000 -24.693000 17.130600
v -29.074400 -19.823400 17.485200
v -29.059500 -20.059200 17.485200
v -29.065100 -20.118100 17.485200
v -29.065100 -19.881900 17.485200
v -29.765700 -19.087300 17.485200
v -29.708800 -19.103800 17.485200
v -30.553900 -19.237600 17.485200
v -30.600700 -19.273900 17.485200
v -30.925600 -20.176600 17.485200
v -30.118100 -20.934900 17.485200
v -30.234300 -20.912700 17.485200
v -30.876100 -20.346900 17.485200
v -30.852600 -20.401200 17.485200
v -30.934900 -20.118100 17.485200
v -29.940800 -20.940500 17.485200
v -30.876100 -19.653100 17.485200
v -29.495100 -20.795600 17.485200
v -30.645100 -19.313100 17.485200
v -30.686900 -19.354900 17.485200
v -30.912700 -20.234300 17.485200
v -30.852600 -19.598800 17.485200
v -30.600700 -20.726100 17.485200
v -30.726100 -20.600700 17.485200
v -30.454000 -20.825800 17.485200
v -30.553900 -20.762400 17.485200
v -29.103800 -19.708800 17.485200
v -29.881900 -19.065100 17.485200
v -29.313100 -19.354900 17.485200
v -30.504900 -20.795600 17.485200
v -30.645100 -20.686900 17.485200
v -29.653100 -19.123800 17.485200
v -29.087300 -19.765700 17.485200
v -29.823400 -19.074400 17.485200
v -30.686900 -20.645100 17.485200
v -29.495100 -19.204400 17.485200
v -29.598800 -19.147400 17.485200
v 12.928700 8.889490 -12.500000
v 13.474600 8.121380 -12.500000
v 13.971100 7.320510 -12.500000
v 12.335700 9.621820 -12.500000
v 7.081810 13.523700 -2.060230
v 7.129560 13.500600 -2.093790
v 7.696290 13.226600 -2.549750
v 7.818000 13.167800 -2.647670
v 7.930200 13.113600 -2.750460
v 2.548690 14.738300 -0.084427
v 2.608970 14.730100 -0.095594
v 2.717400 14.715200 -0.121014
v 2.785150 14.705900 -0.137842
v 3.138820 14.657500 -0.225686
v 3.482290 14.610400 -0.315455
v -13.966600 -1.434660 12.500000
v -14.015900 -0.493628 -12.500000
v -14.015900 -0.493628 12.500000
v -13.966600 -1.434660 -12.500000
v 8.751170 12.651000 -3.568330
v 9.041600 12.462400 -3.893400
v 9.449480 12.197500 -4.411110
v 9.541460 12.137700 -4.527860
v -7.579940 -12.496700 -5.731050
v -7.665450 -12.433200 -5.872310
v -7.784350 -12.344900 -6.068750
v -8.184780 -12.047500 -6.826120
v -8.205000 -12.032500 -6.864380
v -8.217500 -12.023200 -6.891670
v -8.310850 -11.953900 -7.095470
v -8.336450 -11.934900 -7.152260
v -12.454900 -6.849020 12.500000
v -12.847200 -5.992230 -12.500000
v -12.847200 -5.992230 12.500000
v -12.454900 -6.849020 -12.500000
v -1.210480 14.659600 0.066200
v -1.162610 14.665100 0.071705
v -0.403195 14.753000 0.138751
v -0.274405 14.767900 0.143896
v -0.410295 14.752200 0.138369
v -0.410771 14.752100 0.138336
v -0.624278 14.727400 0.123489
v -0.809831 14.705900 0.107708
v -0.846868 14.701700 0.104559
v -0.893204 14.696300 0.099915
v -1.080480 14.674600 0.081149
v -4.831970 13.648500 -0.991660
v -5.120940 13.516200 -1.134900
v -5.688770 13.256200 -1.463740
v -9.514190 10.537600 -5.643730
v -9.571280 10.478100 -5.756100
v -9.730130 10.312400 -6.068750
v -9.975290 10.056800 -6.621170
v -10.083200 9.944210 -6.864380
v -10.161600 9.862480 -7.068240
v -10.166400 9.857470 -7.080760
v 11.697900 10.315500 -9.136350
v 11.712600 10.299400 -9.189970
v 11.775600 10.230900 -9.418930
v 11.836800 10.164400 -9.689800
v 11.978000 10.010900 -10.315100
v 12.075200 9.905130 -10.860000
v 12.140800 9.833760 -11.227900
v 12.208100 9.760620 -11.735200
v 12.263500 9.700320 -12.153500
v 12.293900 9.667240 -12.500000
v -14.006100 0.448643 12.500000
v -13.937100 1.388430 -12.500000
v -13.937100 1.388430 12.500000
v -14.006100 0.448643 -12.500000
v -13.184900 -5.112490 12.500000
v -13.466700 -4.213290 -12.500000
v -13.466700 -4.213290 12.500000
v -13.184900 -5.112490 -12.500000
v 9.581220 12.108200 -4.580320
v 9.981650 11.810800 -5.180240
v 10.065900 11.748300 -5.306390
v 10.128600 11.701700 -5.413410
v 10.298000 11.575900 -5.702370
v 0.666625 14.817200 0.142374
v 0.749757 14.816300 0.138751
v 0.813280 14.815700 0.135025
v 0.817605 14.815600 0.134771
v 0.822661 14.815600 0.134396
v 1.035400 14.813400 0.118599
v 1.062070 14.813100 0.116211
v 1.262620 14.811000 0.098252
v 1.429650 14.809200 0.080800
v 1.501820 14.808500 0.073259
v 1.608900 14.807400 0.060515
v -10.374200 -9.980800 -12.500000
v -9.736330 -10.674400 -12.500000
v -13.809200 2.322040 -12.500000
v -13.622900 3.245770 -12.500000
v 1.294900 -15.176200 -1.209630
v 1.622350 -15.159000 -1.257900
v 1.301780 -15.175800 -1.210410
v 1.758290 -15.151900 -1.278030
v 2.018270 -15.138300 -1.325120
v 2.233160 -15.127000 -1.364050
v 2.235930 -15.126900 -1.364640
v -2.137910 14.492700 -0.076160
v -1.905110 14.534600 -0.036457
v -1.701860 14.571200 -0.004383
v -1.605300 14.588600 0.010854
v -1.331160 14.637900 0.050452
v -1.460470 14.614600 0.031774
v -5.120290 -13.882700 -2.982300
v -4.272290 -14.228700 -2.411260
v -4.247820 -14.238700 -2.396710
v -4.650340 -14.074500 -2.647670
v -4.885170 -13.978600 -2.814880
v 5.316240 14.180300 -1.011290
v 5.574590 14.093400 -1.134900
v 5.944510 13.968900 -1.341670
v 6.209340 13.879700 -1.489700
v -9.056200 -11.326700 -9.138210
v -9.084650 -11.299400 -9.237490
v -9.136660 -11.249500 -9.418930
v -9.182000 -11.206000 -9.611670
v -9.347470 -11.047300 -10.315100
v -9.471970 -10.927900 -10.985000
v -9.517120 -10.884700 -11.227900
v -9.551940 -10.851300 -11.480000
v -9.644950 -10.762100 -12.153500
v -9.676640 -10.731700 -12.500000
v 14.808700 5.633240 -12.500000
v 14.416400 6.490040 -12.500000
v 0.352627 -15.166300 -1.154080
v 0.429887 -15.167100 -1.154970
v 0.452198 -15.167400 -1.156000
v 0.862618 -15.171700 -1.174890
v 1.227340 -15.175500 -1.204200
v 11.017700 10.967700 -7.156530
v 11.232400 10.761900 -7.690140
v 11.267100 10.728500 -7.791040
v 11.525900 10.480300 -8.542780
v 3.644290 14.577800 -0.360201
v 3.674400 14.571700 -0.368849
v 3.736870 14.559100 -0.386788
v 4.295460 14.446500 -0.582272
v 4.406020 14.424200 -0.622291
v -3.952240 13.986200 -0.606363
v -4.280690 13.860100 -0.733680
v -4.496990 13.777000 -0.833328
v -4.829570 13.649400 -0.990526
v -12.722400 5.921560 -12.500000
v -12.312300 6.769950 -12.500000
v -10.774600 9.137720 -9.012440
v -10.873400 9.004740 -9.415610
v -10.874100 9.003760 -9.418640
v -10.874200 9.003660 -9.418930
v -10.874300 9.003570 -9.419280
v -11.051600 8.764780 -10.315100
v -11.175300 8.598210 -11.106000
v -11.194400 8.572530 -11.227900
v -11.210000 8.551570 -11.361800
v -11.302000 8.427680 -12.153500
v -11.336500 8.381210 -12.500000
v -11.328600 8.391770 -12.500000
v -10.387400 9.596000 -7.690140
v -10.626700 9.312740 -8.461410
v -10.652000 9.282860 -8.542780
v -6.789640 -13.010000 -4.603100
v -7.061050 -12.833700 -4.972700
v -7.306080 -12.674600 -5.306390
v -5.968680 -13.472500 -3.711520
v -6.156960 -13.366500 -3.893400
v -6.215290 -13.333600 -3.957290
v -6.352820 -13.256100 -4.107930
v -6.771840 -13.020000 -4.580320
v -7.320110 12.314300 -2.713680
v -7.534890 12.161700 -2.931570
v -7.847120 11.939800 -3.248330
v -8.088220 11.768500 -3.525990
v -8.142890 11.724200 -3.592060
v -8.392200 11.522300 -3.893400
v -8.621470 11.336600 -4.207640
v -8.820550 11.175400 -4.480500
v 6.380000 13.810100 -1.588870
v 6.513120 13.755800 -1.678160
v 7.002600 13.556000 -2.006500
v 4.469140 14.407300 -0.646153
v 4.700660 14.345200 -0.733680
v 5.222970 14.205300 -0.968362
v -3.343200 14.177000 -0.386788
v -3.099460 14.253400 -0.315763
v -3.053030 14.267900 -0.302777
v -3.543710 14.114200 -0.457986
v -3.692950 14.067400 -0.510976
v -2.637310 14.370100 -0.193716
v -2.522600 14.398200 -0.165180
v -2.242870 14.466900 -0.095594
v -2.241740 14.467200 -0.095377
v -2.242010 14.467200 -0.095426
v -2.922300 14.300100 -0.268480
v 7.948440 13.103300 -2.767790
v 8.454370 12.818200 -3.248330
v 8.601510 12.735300 -3.406970
v -13.858300 -2.370740 12.500000
v -13.858300 -2.370740 -12.500000
v -3.540100 -14.476900 -2.019640
v -3.354710 -14.539300 -1.936540
v -3.695020 -14.424800 -2.093790
v -4.015120 -14.317000 -2.269200
v -13.691500 -3.298170 -12.500000
v -13.691500 -3.298170 12.500000
v 0.192481 14.792400 0.149905
v 0.201776 14.792900 0.149942
v 0.000000 14.782300 0.149134
v -0.197044 14.772000 0.145983
v -0.203111 14.771600 0.145886
v 0.395765 14.803000 0.148389
v 0.403818 14.803400 0.148325
v 0.411686 14.803900 0.148168
v 0.607736 14.814100 0.144251
v -8.889750 11.111800 -4.580320
v -9.095040 10.923000 -4.916420
v -9.333230 10.704000 -5.306390
v -11.513100 -8.480360 12.500000
v -12.009600 -7.679490 -12.500000
v -12.009600 -7.679490 12.500000
v -11.513100 -8.480360 -12.500000
v 2.417780 -15.105800 -1.409410
v 2.744560 -15.068000 -1.489860
v -8.540880 -11.762100 -7.634120
v -8.564650 -11.742100 -7.690140
v -8.829300 -11.518400 -8.418950
v -8.874270 -11.480400 -8.542780
v 10.504100 11.401700 -6.068750
v 10.529500 11.380200 -6.120520
v 10.826400 11.129400 -6.724750
v 10.894400 11.071900 -6.864380
v 10.899800 11.067300 -6.877220
v -5.456150 -13.720300 -3.248330
v -5.165190 -13.861000 -3.016680
v -5.330040 -13.781300 -3.147930
v -5.766560 -13.570300 -3.528870
v 1.649740 14.804400 0.055065
v 1.761330 14.796200 0.040176
v 1.924810 14.784200 0.016143
v 2.046510 14.775200 -0.001747
v 2.298340 14.756700 -0.042037
v 2.359650 14.752200 -0.051846
v 2.401480 14.749100 -0.059056
v -13.379000 4.155980 -12.500000
v -10.967200 -9.248480 12.500000
v -10.967200 -9.248480 -12.500000
v -11.849700 7.590910 -12.500000
v -2.467580 -14.777000 -1.588870
v -2.444500 -14.783200 -1.581370
v -2.765400 -14.697200 -1.700590
v -2.906340 -14.659400 -1.753470
v -3.171470 -14.588400 -1.861720
v -1.564690 -14.960600 -1.357510
v -1.520770 -14.969400 -1.347490
v -1.820670 -14.909000 -1.415930
v -1.960700 -14.880700 -1.452330
v -2.337900 -14.804700 -1.550390
v -2.369080 -14.798400 -1.559450
v -0.587164 -15.097300 -1.201350
v 0.028171 -15.142500 -1.161580
v 0.000000 -15.140400 -1.162230
v -0.030729 -15.138200 -1.164000
v -0.433570 -15.108600 -1.187220
v -0.495220 -15.104100 -1.192890
v -5.818150 13.186800 -1.542350
v -5.893740 13.146300 -1.588870
v -5.926320 13.128800 -1.612010
v -6.519240 12.810900 -2.033190
v -13.078500 5.049090 -12.500000
v -0.877027 -15.057600 -1.238090
v -1.170430 -15.017400 -1.285170
v -1.336330 -14.994700 -1.311790
v -6.600800 12.760300 -2.093790
v -6.970020 12.531400 -2.407850
v -7.251970 12.356600 -2.647670
v 9.910920 6.938230 -12.500000
v 10.171800 7.168180 -12.500000
v 11.061800 8.089080 -12.500000
v 11.449100 8.528450 -12.500000
v 12.021300 9.266040 -12.500000
v 11.808100 8.991290 -12.500000
v 10.831800 7.828250 -12.500000
v 9.471550 6.550870 -12.500000
v 9.008710 6.191860 -12.500000
v 8.733960 5.978730 -12.500000
v 8.249500 5.649490 -12.500000
v 7.961900 5.454050 -12.500000
v 7.457720 5.155880 -12.500000
v 7.961900 -9.454050 -12.500000
v 7.158430 4.978870 -12.500000
v 7.457720 -9.155880 -12.500000
v 7.158430 -8.978870 -12.500000
v 6.636520 4.712950 -12.500000
v 6.636520 -8.712940 -12.500000
v 6.326700 4.555080 -12.500000
v 6.326700 -8.555080 -12.500000
v 6.007570 4.416990 -12.500000
v 6.007570 -8.416990 -12.500000
v 5.470000 4.184360 -12.500000
v 5.470000 -8.184360 -12.500000
v 4.918880 3.985940 -12.500000
v 4.918880 -7.985940 -12.500000
v 4.591710 3.868160 -12.500000
v 4.591710 -7.868160 -12.500000
v 4.257800 3.771140 -12.500000
v 4.257800 -7.771140 -12.500000
v 3.695310 3.607730 -12.500000
v 3.695310 -7.607730 -12.500000
v 3.123660 3.479950 -12.500000
v 3.123660 -7.479950 -12.500000
v 2.784320 3.404090 -12.500000
v 2.784320 -7.404090 -12.500000
v 2.205780 3.312460 -12.500000
v 2.205780 -7.312460 -12.500000
v 1.862340 3.258070 -12.500000
v 1.862340 -7.258070 -12.500000
v 1.279190 3.202940 -12.500000
v 1.279190 -7.202940 -12.500000
v 0.933010 3.170220 -12.500000
v 0.933010 -7.170220 -12.500000
v 0.347550 3.151820 -12.500000
v 0.347550 -7.151820 -12.500000
v 0.000000 3.140900 -12.500000
v 0.000000 -7.140900 -12.500000
v -0.347550 3.151820 -12.500000
v -0.347550 -7.151820 -12.500000
v -0.933010 3.170220 -12.500000
v -0.933010 -7.170220 -12.500000
v -1.279190 3.202940 -12.500000
v -1.279190 -7.202940 -12.500000
v -1.862340 3.258070 -12.500000
v -1.862340 -7.258070 -12.500000
v -2.205780 3.312460 -12.500000
v -2.205780 -7.312460 -12.500000
v -2.784320 3.404090 -12.500000
v -2.784320 -7.404090 -12.500000
v -3.123660 3.479950 -12.500000
v -3.123660 -7.479950 -12.500000
v -3.695310 3.607730 -12.500000
v -3.695310 -7.607730 -12.500000
v -4.257800 3.771140 -12.500000
v -4.257800 -7.771140 -12.500000
v -4.591710 3.868160 -12.500000
v -4.591710 -7.868160 -12.500000
v -4.918880 3.985940 -12.500000
v -4.918880 -7.985940 -12.500000
v -5.470000 4.184360 -12.500000
v -5.470000 -8.184360 -12.500000
v -6.007570 4.416990 -12.500000
v -6.326700 4.555080 -12.500000
v -6.636520 4.712950 -12.500000
v -7.158430 4.978870 -12.500000
v -6.007570 -8.416990 -12.500000
v -7.457720 5.155880 -12.500000
v -7.961900 5.454050 -12.500000
v -6.326700 -8.555080 -12.500000
v -8.249500 5.649490 -12.500000
v -6.636520 -8.712940 -12.500000
v -8.733960 5.978730 -12.500000
v -7.158430 -8.978870 -12.500000
v -9.008710 6.191860 -12.500000
v -9.471550 6.550870 -12.500000
v -7.457720 -9.155880 -12.500000
v -7.961900 -9.454050 -12.500000
v -8.249500 -9.649490 -12.500000
v -9.471550 -10.550900 -12.500000
v -9.910920 6.938230 -12.500000
v -10.171800 7.168180 -12.500000
v -10.831800 7.828250 -12.500000
v -9.008710 -10.191900 -12.500000
v -11.061800 8.089080 -12.500000
v -8.733960 -9.978730 -12.500000
v -1.257330 19.981200 0.315325
v -1.379250 19.898400 0.315325
v -1.923320 20.647200 0.138751
v -14.085400 18.886200 -19.581100
v -14.001900 19.768900 -19.581100
v -14.376000 18.904500 -18.684900
v 5.770060 16.518500 -0.733680
v 5.665650 16.159100 -0.733680
v 4.921440 16.736400 -0.386788
v -1.411620 18.000000 0.433429
v -2.341890 17.852700 0.315325
v -2.346520 18.000000 0.315325
v -3.476960 28.701000 -24.419700
v -3.662570 29.272200 -23.693600
v -4.142010 28.461500 -24.419700
v -10.929100 7.736860 -14.028800
v -11.552000 8.443360 -14.971200
v -11.552000 8.443360 -14.028800
v -10.929100 7.736860 -14.971200
v -11.506400 8.481070 -15.911600
v 11.623300 25.376400 -8.542780
v 11.284500 25.161400 -7.690140
v 11.137200 26.091600 -8.542780
v 14.113200 18.000000 -9.418930
v 14.085400 17.113800 -9.418930
v 13.766300 18.000000 -8.542780
v 5.046470 7.275690 -23.693600
v 5.420530 8.140090 -24.419700
v 4.790730 7.819190 -24.419700
v -7.194230 31.086300 -15.911600
v -7.222740 31.138100 -14.971200
v -8.033440 30.658700 -14.971200
v 8.166370 20.096800 -2.093790
v 8.281910 19.579900 -2.093790
v 7.395730 19.898900 -1.588870
v 9.597140 13.483900 -3.893400
v 9.294640 12.890200 -3.893400
v 8.975590 13.776400 -3.248330
v -5.497290 29.682300 -22.135600
v -5.690580 30.093100 -21.309900
v -6.219980 29.314100 -22.135600
v 14.638800 18.000000 -17.772100
v 14.815300 18.000000 -16.846500
v 14.609900 18.919200 -17.772100
v -7.099420 20.810900 -1.588870
v -7.261910 20.359500 -1.588870
v -8.018600 20.605400 -2.093790
v 1.870470 22.724300 -28.613200
v 1.570140 22.832400 -28.613200
v 1.540550 21.891000 -28.904400
v 0.000000 3.066570 -13.088400
v 0.000000 3.007400 -14.028800
v -0.941393 3.036990 -14.028800
v -10.871600 23.976700 -22.931300
v -10.474900 24.647600 -22.931300
v -11.314100 24.220000 -22.135600
v 9.102790 24.613600 -24.419700
v 9.588730 24.966600 -23.693600
v 8.669560 25.172100 -24.419700
v -7.843830 30.359900 -17.772100
v -7.052270 30.828000 -17.772100
v -7.938450 30.509000 -16.846500
v -5.388880 31.610800 -11.227900
v -5.302620 31.392900 -10.315100
v -6.232880 31.245500 -11.227900
v -0.941393 3.036990 -14.971200
v -1.871650 3.184320 -15.911600
v -1.879070 3.125620 -14.971200
v -3.265690 17.794500 0.138751
v -4.176610 17.737200 -0.095594
v -4.184870 18.000000 -0.095594
v 4.429050 26.056400 -2.647670
v 4.061790 25.388400 -2.093790
v 3.914450 26.318600 -2.647670
v 13.259700 16.324900 -7.690140
v 13.128400 15.495600 -7.690140
v 12.809300 16.381800 -6.864380
v 3.797270 22.590100 -0.733680
v 4.078000 22.342600 -0.733680
v 3.478230 21.703900 -0.386788
v -0.665994 28.585700 -3.893400
v -0.622861 27.900100 -3.248330
v -1.329360 28.523000 -3.893400
v -14.523300 19.834700 -11.227900
v -14.609900 18.919200 -11.227900
v -14.698500 19.856900 -12.153500
v 1.191870 17.243600 0.433429
v 1.142030 17.170300 0.433429
v 0.381177 17.723100 0.492598
v -11.415400 8.556360 -12.153500
v -11.506400 8.481070 -13.088400
v -4.632970 3.741190 -14.971200
v -5.519140 4.060230 -14.028800
v -4.632970 3.741190 -14.028800
v -5.519140 4.060230 -14.971200
v 6.796420 17.572400 -27.865100
v 6.809860 18.000000 -27.865100
v 5.957220 18.000000 -28.266300
v 6.476560 15.895600 -1.134900
v 7.261910 15.640500 -1.588870
v 6.331650 15.493100 -1.134900
v 9.588730 11.033400 -23.693600
v 10.007200 11.649200 -23.693600
v 9.102790 11.386400 -24.419700
v -13.766300 18.000000 -20.457200
v -13.739200 18.864400 -20.457200
v 3.085300 5.983550 -22.931300
v 3.833730 6.200990 -22.931300
v 2.947550 6.520040 -23.693600
v 8.091640 29.137200 -20.457200
v 8.295540 29.417800 -19.581100
v 7.562240 29.916200 -19.581100
v 0.622861 8.099900 -25.751700
v 0.000000 8.080320 -25.751700
v 0.000000 7.393400 -25.106600
v 4.920020 5.573450 -21.309900
v 5.690580 5.906900 -21.309900
v 4.752900 5.995530 -22.135600
v 5.046470 28.724300 -5.306390
v 4.790730 28.180800 -4.580320
v 4.142010 28.461500 -4.580320
v -2.506880 24.331600 -1.134900
v -2.193000 23.538900 -0.733680
v -2.899500 24.161700 -1.134900
v -9.900100 18.622900 -25.751700
v -10.523000 19.329400 -25.106600
v -10.585700 18.666000 -25.106600
v 4.516070 27.597100 -3.893400
v 9.948200 26.229900 -6.864380
v 10.036800 25.292200 -6.068750
v 9.559150 25.908000 -6.068750
v 14.202500 22.614700 -15.911600
v 14.258800 22.633000 -14.971200
v 13.884800 23.497400 -15.911600
v 10.812600 25.855800 -21.309900
v 10.298000 26.519200 -21.309900
v 9.948200 26.229900 -22.135600
v -3.509810 31.669800 -19.581100
v -3.582230 31.951900 -18.684900
v -4.361220 31.422500 -19.581100
v 11.552000 27.556600 -14.028800
v 11.506400 27.518900 -13.088400
v 10.929100 28.263100 -14.028800
v -12.911100 18.000000 -6.864380
v -12.885700 17.189300 -6.864380
v -13.338700 17.160800 -7.690140
v -5.081070 18.000000 -0.386788
v -5.071040 17.681000 -0.386788
v -5.957220 18.000000 -0.733680
v -12.186500 20.324700 -6.068750
v -12.308400 19.554900 -6.068750
v -12.809300 19.618200 -6.864380
v -14.521600 21.728500 -14.028800
v -14.668900 20.798200 -13.088400
v -14.727000 20.809300 -14.028800
v -13.333800 21.423500 -20.457200
v -13.092500 22.254000 -20.457200
v -13.422500 22.361200 -19.581100
v -7.908010 8.440850 -22.931300
v -7.554960 8.867630 -23.693600
v -8.113470 9.360030 -23.693600
v -5.390250 15.463500 -0.733680
v -5.967520 14.719300 -1.134900
v -6.161740 15.100500 -1.134900
v -1.898900 10.604300 -27.411100
v -2.359540 10.738100 -27.411100
v -2.605400 9.981400 -26.906200
v -3.423540 4.666170 -20.457200
v -4.130040 5.289040 -21.309900
v -4.254030 4.907450 -20.457200
v 10.461500 13.858000 -4.580320
v 10.180800 13.209300 -4.580320
v -10.222600 7.114000 -13.088400
v -9.518930 6.493590 -13.088400
v -10.263100 7.070870 -14.028800
v 4.488100 11.822700 -27.411100
v 4.340770 12.752900 -27.865100
v 4.002730 12.490700 -27.865100
v 0.706497 6.770540 -24.419700
v 0.000000 6.748330 -24.419700
v 0.000000 6.147670 -23.693600
v 11.623300 10.623600 -20.457200
v 11.284500 10.838600 -21.309900
v 11.137200 9.908360 -20.457200
v 14.258800 13.367000 -14.028800
v 13.939800 12.480900 -14.028800
v 13.884800 12.502600 -13.088400
v 12.308400 19.554900 -22.931300
v 12.809300 19.618200 -22.135600
v 12.186500 20.324700 -22.931300
v 11.828900 18.744200 -23.693600
v 11.758900 19.485500 -23.693600
v 11.162900 19.410200 -24.419700
v 7.118740 13.482300 -26.906200
v 7.388360 13.938200 -26.906200
v 6.446970 13.908600 -27.411100
v 10.263100 28.929100 -14.971200
v 9.556640 29.552000 -14.971200
v 9.518930 29.506400 -15.911600
v -4.832380 16.429900 -28.613200
v -3.980040 16.706800 -28.904400
v -4.921440 16.736400 -28.613200
v -1.725380 31.657800 -20.457200
v -1.768850 32.001900 -19.581100
v -2.579550 31.522500 -20.457200
v -8.774980 28.607100 -8.542780
v -9.149040 27.742700 -7.690140
v -9.423690 28.035200 -8.542780
v 1.856850 32.698500 -12.153500
v 2.743030 32.379500 -11.227900
v 1.834720 32.523300 -11.227900
v 14.874400 19.879100 -14.971200
v 14.727000 20.809300 -14.028800
v 14.727000 20.809300 -14.971200
v 14.874400 19.879100 -14.028800
v 13.669800 21.509800 -9.418930
v 13.863200 20.644600 -9.418930
v 13.522500 20.579600 -8.542780
v 2.798250 3.331080 -13.088400
v 1.879070 3.125620 -14.028800
v 1.871650 3.184320 -13.088400
v 3.323760 5.054790 -21.309900
v 4.130040 5.289040 -21.309900
v 3.210870 5.494500 -22.135600
v -2.341890 18.147300 0.315325
v 0.829732 19.142000 0.433429
v 0.899803 19.087700 0.433429
v 0.276941 18.381200 0.492598
v 6.161740 15.100500 -1.134900
v 5.967520 14.719300 -1.134900
v 5.390250 15.463500 -0.733680
v -10.812600 25.855800 -7.690140
v -10.445300 25.589000 -6.864380
v -10.901200 24.918100 -6.864380
v 10.298000 26.519200 -7.690140
v 10.812600 25.855800 -7.690140
v 11.535000 22.567000 -6.068750
v 11.799000 21.833700 -6.068750
v 11.020000 22.363100 -5.306390
v 10.523000 19.329400 -3.893400
v 9.841460 19.243300 -3.248330
v 9.743970 19.858800 -3.248330
v 14.090200 22.578200 -16.846500
v 13.774900 23.453900 -16.846500
v 13.610800 23.388900 -17.772100
v 14.698500 19.856900 -16.846500
v 14.523300 19.834700 -17.772100
v 12.081400 26.777600 -13.088400
v 12.509000 25.938400 -12.153500
v 11.985800 26.708200 -12.153500
v 9.518930 29.506400 -13.088400
v 10.141800 28.799900 -12.153500
v 9.443640 29.415400 -12.153500
v 13.392900 23.302600 -18.684900
v 13.033500 24.133100 -18.684900
v 12.770000 24.009100 -19.581100
v 9.860490 28.500400 -18.684900
v 10.020900 28.671200 -17.772100
v 9.331090 29.279400 -17.772100
v 1.554910 30.308400 -22.931300
v 1.618190 30.809300 -22.135600
v 0.778992 30.381700 -22.931300
v 2.605400 26.018600 -26.906200
v 2.096770 26.166400 -26.906200
v 1.898900 25.395700 -27.411100
v -1.277280 18.601000 0.433429
v -1.312500 18.519700 0.433429
v -2.123190 18.999100 0.315325
v -3.246350 18.410100 0.138751
v -3.265690 18.205500 0.138751
v -0.839201 31.338700 -7.690140
v -0.810696 30.885700 -6.864380
v -1.675090 31.259700 -7.690140
v 4.926180 25.762400 -2.647670
v 4.517690 25.118700 -2.093790
v -11.229500 17.293500 -4.580320
v -11.828900 17.255800 -5.306390
v -11.852300 18.000000 -5.306390
v -13.245500 24.232900 -17.772100
v -13.405300 24.308100 -16.846500
v -13.610800 23.388900 -17.772100
v -14.933400 18.000000 -13.088400
v -14.904000 17.062300 -13.088400
v -14.963000 17.058600 -14.028800
v -14.090200 22.578200 -12.153500
v -13.922300 22.523600 -11.227900
v -14.178800 21.640500 -11.227900
v -13.739200 18.864400 -8.542780
v -13.338700 18.839200 -7.690140
v -13.766300 18.000000 -8.542780
v -7.575410 17.043000 -1.588870
v -7.500370 16.569200 -1.588870
v -8.281910 16.420100 -2.093790
v -9.331090 29.279400 -11.227900
v -9.181710 29.098800 -10.315100
v -9.860490 28.500400 -10.315100
v -7.908010 27.559100 -22.931300
v -7.292190 28.036800 -22.931300
v -8.229860 27.948200 -22.135600
v -11.162900 16.589800 -24.419700
v -11.229500 17.293500 -24.419700
v -11.828900 17.255800 -23.693600
v -10.461500 22.142000 -24.419700
v -10.724300 23.046500 -23.693600
v -11.020000 22.363100 -23.693600
v -8.548000 21.384400 -26.352300
v -8.318620 21.914400 -26.352300
v -8.975590 22.223600 -25.751700
v -7.562240 6.083820 -19.581100
v -8.295540 6.582170 -19.581100
v -8.466700 6.346590 -18.684900
v 2.644550 4.136770 -19.581100
v 2.579550 4.477520 -20.457200
v 1.768850 3.998070 -19.581100
v -10.724300 12.953500 -23.693600
v -10.461500 13.858000 -24.419700
v -11.020000 13.636900 -23.693600
v -6.383540 4.434290 -14.971200
v -6.358340 4.487830 -15.911600
v -7.222740 4.861890 -14.971200
v -12.063500 11.368000 -8.542780
v -11.916200 10.437800 -9.418930
v -12.367500 11.200900 -9.418930
v -8.091640 6.862810 -20.457200
v -7.855810 7.187410 -21.309900
v -8.774980 7.392870 -20.457200
v -4.991070 17.047900 -28.613200
v -5.041000 17.363200 -28.613200
v -5.910240 17.253400 -28.266300
v 1.675090 4.740290 -21.309900
v 1.618190 5.190680 -22.135600
v 0.810696 5.114350 -22.135600
v 8.955450 12.316700 -25.106600
v 9.294640 12.890200 -25.106600
v 8.375460 12.684800 -25.751700
v -2.506880 11.668400 -27.865100
v -2.810860 10.900600 -27.411100
v 10.929100 7.736860 -14.971200
v 11.506400 8.481070 -15.911600
v 10.886000 7.777360 -15.911600
v 14.090200 13.421800 -12.153500
v 14.202500 13.385300 -13.088400
v 3.640510 3.821150 -17.772100
v 3.582230 4.048130 -18.684900
v 2.743030 3.620540 -17.772100
v 14.149300 15.300900 -18.684900
v 13.863200 15.355400 -19.581100
v 13.669800 14.490200 -19.581100
v 12.509000 25.938400 -16.846500
v 11.985800 26.708200 -16.846500
v 11.843000 26.604400 -17.772100
v 8.639970 9.886520 -23.693600
v 8.669560 10.827900 -24.419700
v 8.202110 10.297700 -24.419700
v 7.395730 19.898900 -27.411100
v 7.261910 20.359500 -27.411100
v 6.476560 20.104400 -27.865100
v 14.552900 15.223900 -16.846500
v 14.379500 15.257000 -17.772100
v 14.349900 14.315600 -16.846500
v 9.860490 7.499640 -18.684900
v 10.671200 7.979080 -17.772100
v 10.500400 8.139510 -18.684900
v 10.020900 7.328810 -17.772100
v 0.636827 12.959000 -28.613200
v 0.952097 13.008900 -28.613200
v 0.524503 13.848100 -28.904400
v 10.701000 21.477000 -24.419700
v 10.461500 22.142000 -24.419700
v 9.861770 21.904500 -25.106600
v -3.914450 26.318600 -26.352300
v -4.223590 26.975600 -25.751700
v -4.429050 26.056400 -26.352300
v 4.130040 30.711000 -21.309900
v 3.323760 30.945200 -21.309900
v 3.210870 30.505500 -22.135600
v -4.920020 30.426600 -21.309900
v -4.130040 30.711000 -21.309900
v -5.067720 30.799600 -20.457200
v -1.576370 20.867400 -29.138800
v -1.393210 20.960700 -29.138800
v -1.781830 21.786600 -28.904400
v -6.476560 20.104400 -27.865100
v -7.261910 20.359500 -27.411100
v -7.395730 19.898900 -27.411100
v 8.548000 21.384400 -2.647670
v 8.743640 20.841000 -2.647670
v 8.018600 20.605400 -2.093790
v 13.699400 13.548800 -18.684900
v 13.422500 13.638800 -19.581100
v 13.392900 12.697400 -18.684900
v 5.497360 4.115250 -13.088400
v 5.519140 4.060230 -14.028800
v 4.632970 3.741190 -14.028800
v 12.505500 14.789100 -22.135600
v 12.016400 14.914700 -22.931300
v 11.799000 14.166300 -22.931300
v 7.222740 4.861890 -14.971200
v 6.383540 4.434290 -14.028800
v 7.222740 4.861890 -14.028800
v 6.383540 4.434290 -14.971200
v 10.386300 12.290100 -5.306390
v 9.859910 12.579500 -4.580320
v 3.728510 3.478420 -14.971200
v 4.632970 3.741190 -14.971200
v 3.713790 3.535730 -15.911600
v -3.980040 16.706800 -0.095594
v -4.832380 16.429900 -0.386788
v -4.921440 16.736400 -0.386788
v 0.397814 17.747500 0.492598
v 2.762770 19.753300 0.138751
v 2.867400 19.576400 0.138751
v 1.981230 19.257300 0.315325
v 5.081070 18.000000 -0.386788
v 5.957220 18.000000 -0.733680
v 5.071040 17.681000 -0.386788
v 7.628820 14.410100 -2.093790
v 7.388360 13.938200 -2.093790
v 6.908920 14.748900 -1.588870
v -8.375460 23.315200 -3.248330
v -8.692680 22.778800 -3.248330
v -9.294640 23.109800 -3.893400
v 3.214190 17.386900 0.138751
v 4.110740 17.215800 -0.095594
v 3.169350 17.186200 0.138751
v 7.839180 21.103800 -2.093790
v -1.871650 32.815700 -15.911600
v -1.879070 32.874400 -14.971200
v -2.798250 32.668900 -15.911600
v 4.578190 32.090200 -12.153500
v 5.388880 31.610800 -11.227900
v 4.523620 31.922300 -11.227900
v 9.423690 28.035200 -20.457200
v 8.996100 28.874400 -19.581100
v 8.774980 28.607100 -20.457200
v 9.861770 21.904500 -3.893400
v 9.434170 21.065300 -3.248330
v 9.223080 21.651700 -3.248330
v 3.980040 19.293200 -0.095594
v 4.053390 19.040700 -0.095594
v 3.169350 18.813800 0.138751
v 1.879070 32.874400 -14.028800
v 1.871650 32.815700 -13.088400
v 0.941393 32.963000 -14.028800
v 12.367500 24.799100 -9.418930
v 12.456100 23.861400 -8.542780
v 12.063500 24.632000 -8.542780
v 5.195420 31.122100 -9.418930
v 5.067720 30.799600 -8.542780
v 4.361220 31.422500 -9.418930
v 8.708230 29.985800 -12.153500
v 8.604440 29.843000 -11.227900
v 7.292190 28.036800 -6.068750
v 7.908010 27.559100 -6.068750
v 6.966620 27.588700 -5.306390
v 8.580920 11.765600 -25.106600
v 13.922300 13.476400 -17.772100
v 13.951900 14.417800 -18.684900
v 11.314100 24.220000 -6.864380
v 10.871600 23.976700 -6.068750
v 10.474900 24.647600 -6.068750
v 14.815700 19.871700 -15.911600
v 14.668900 20.798200 -15.911600
v 8.604440 29.843000 -17.772100
v 7.938450 30.509000 -16.846500
v 7.843830 30.359900 -17.772100
v 11.415400 27.443600 -16.846500
v 11.279400 27.331100 -17.772100
v 7.843830 30.359900 -11.227900
v 7.718270 30.162000 -10.315100
v 6.939370 30.622700 -10.315100
v 9.661160 28.288100 -9.418930
v 9.423690 28.035200 -8.542780
v 8.996100 28.874400 -9.418930
v 13.939800 23.519100 -14.028800
v 14.258800 22.633000 -14.028800
v 13.884800 23.497400 -13.088400
v 13.245500 24.232900 -17.772100
v 12.828000 25.052300 -17.772100
v -4.151870 17.475500 -0.095594
v -5.041000 17.363200 -0.386788
v -13.922300 13.476400 -11.227900
v -14.090200 13.421800 -12.153500
v -14.178800 14.359500 -11.227900
v -13.863200 20.644600 -9.418930
v -14.001900 19.768900 -9.418930
v -14.149300 20.699100 -10.315100
v -11.162900 16.589800 -4.580320
v -11.758900 16.514500 -5.306390
v -13.739200 17.135600 -8.542780
v -13.884800 12.502600 -15.911600
v -14.202500 13.385300 -15.911600
v -14.258800 13.367000 -14.971200
v -7.172080 26.669600 -24.419700
v -7.554960 27.132400 -23.693600
v -8.113470 26.640000 -23.693600
v -13.884800 23.497400 -13.088400
v -13.774900 23.453900 -12.153500
v -13.512200 24.358300 -13.088400
v -13.939800 23.519100 -14.028800
v -14.815300 18.000000 -12.153500
v -3.476960 28.701000 -4.580320
v -3.904550 27.861800 -3.893400
v -4.142010 28.461500 -4.580320
v -0.427594 24.796400 -1.134900
v -0.853501 24.756200 -1.134900
v -0.956997 25.575400 -1.588870
v -14.085400 18.886200 -9.418930
v -14.113200 18.000000 -9.418930
v -9.193610 18.000000 -2.647670
v -9.175460 17.422700 -2.647670
v -9.900100 17.377100 -3.248330
v -12.622700 24.939400 -18.684900
v -12.359900 25.843800 -17.772100
v -12.828000 25.052300 -17.772100
v -12.063500 24.632000 -20.457200
v -12.367500 24.799100 -19.581100
v -12.456100 23.861400 -20.457200
v -13.138100 25.222700 -14.028800
v -13.086300 25.194200 -13.088400
v -13.565700 24.383500 -14.028800
v -12.063500 24.632000 -8.542780
v -11.711900 24.438700 -7.690140
v -12.093100 23.690600 -7.690140
v -9.500100 24.028900 -4.580320
v -9.859910 23.420500 -4.580320
v -10.007200 24.350800 -5.306390
v -9.331090 6.720650 -17.772100
v -10.020900 7.328810 -17.772100
v -10.141800 7.200090 -16.846500
v -14.609900 18.919200 -17.772100
v -14.638800 18.000000 -17.772100
v -8.281910 19.579900 -26.906200
v -9.030760 19.722700 -26.352300
v -9.121110 19.152300 -26.352300
v -8.639970 26.113500 -23.693600
v -9.043740 26.492600 -22.931300
v -9.559150 25.908000 -22.931300
v -7.938450 5.491010 -16.846500
v -8.708230 6.014150 -16.846500
v -8.777650 5.918600 -15.911600
v -8.996100 7.125580 -19.581100
v -9.423690 7.964780 -20.457200
v -14.001900 16.231100 -9.418930
v -13.863200 15.355400 -9.418930
v -14.149300 15.300900 -10.315100
v -12.945200 14.676200 -7.690140
v -12.711000 13.870000 -7.690140
v -13.333800 14.576500 -8.542780
v -10.087500 14.722400 -3.893400
v -9.861770 14.095400 -3.893400
v -10.701000 14.523000 -4.580320
v -9.588730 11.033400 -5.306390
v -10.523000 16.670600 -3.893400
v -10.418700 16.012500 -3.893400
v -11.052400 15.891600 -4.580320
v -5.195420 4.877870 -19.581100
v -5.861410 5.543860 -20.457200
v -6.009110 5.229980 -19.581100
v 0.937677 3.096040 -13.088400
v 0.439692 20.305000 -29.315300
v 0.410109 21.246300 -29.138800
v 0.294096 20.328000 -29.315300
v -5.109770 8.705360 -25.106600
v -4.778840 9.307320 -25.751700
v -5.315230 9.624540 -25.751700
v 0.839201 4.661270 -21.309900
v -3.582230 4.048130 -18.684900
v -3.509810 4.330180 -19.581100
v -4.361220 4.577540 -19.581100
v -2.324690 5.813540 -22.931300
v -2.947550 6.520040 -23.693600
v -3.085300 5.983550 -22.931300
v 3.648900 12.250200 -27.865100
v 3.501560 13.180500 -28.266300
v 3.192040 12.970200 -28.266300
v -2.504370 4.871630 -21.309900
v -2.419300 5.317560 -22.135600
v -3.323760 5.054790 -21.309900
v -0.778992 5.618270 -22.931300
v -0.744213 6.171060 -23.693600
v -1.485490 6.241130 -23.693600
v 0.000000 4.233680 -20.457200
v -0.839201 4.661270 -21.309900
v -0.864394 4.260850 -20.457200
v 10.386300 12.290100 -23.693600
v 9.859910 12.579500 -24.419700
v 1.257330 16.018800 -29.315300
v 1.379250 16.101600 -29.315300
v 0.829732 16.858000 -29.433400
v 0.577271 8.824540 -26.352300
v 0.000000 8.806390 -26.352300
v 4.254030 4.907450 -20.457200
v 5.067720 5.200400 -20.457200
v 6.799090 5.632500 -19.581100
v 6.631970 5.936480 -20.457200
v 5.861410 5.543860 -20.457200
v 14.404400 18.000000 -18.684900
v 14.376000 18.904500 -18.684900
v 14.113200 18.000000 -19.581100
v 8.838280 27.411800 -22.135600
v 9.149040 27.742700 -21.309900
v 8.519230 28.298000 -21.309900
v 7.575410 18.957000 -27.411100
v 8.281910 19.579900 -26.906200
v 7.500370 19.430800 -27.411100
v 9.919680 18.000000 -25.751700
v 10.606600 18.000000 -25.106600
v 9.900100 18.622900 -25.751700
v -1.293190 21.980000 -28.904400
v -1.263610 22.921400 -28.613200
v -1.570140 22.832400 -28.613200
v 2.108350 29.052400 -24.419700
v 1.410210 29.162900 -24.419700
v 1.329360 28.523000 -25.106600
v 1.056720 26.364800 -26.906200
v 0.529402 26.414600 -26.906200
v 0.479445 25.620600 -27.411100
v 5.538880 15.807000 -28.266300
v 5.665650 16.159100 -28.266300
v 4.832380 16.429900 -28.613200
v 8.492630 8.956260 -22.931300
v 8.113470 9.360030 -23.693600
v 7.908010 8.440850 -22.931300
v 3.277620 7.912520 -25.106600
v 3.904550 8.138230 -25.106600
v 3.065350 8.565830 -25.751700
v 8.955450 23.683300 -25.106600
v 9.500100 24.028900 -24.419700
v 8.580920 24.234400 -25.106600
v 8.904770 20.286400 -26.352300
v 9.608030 20.466900 -25.751700
v 8.743640 20.841000 -26.352300
v 6.219980 29.314100 -22.135600
v 6.438680 29.711900 -21.309900
v 5.690580 30.093100 -21.309900
v 4.223590 26.975600 -25.751700
v 3.651680 27.223100 -25.751700
v 3.384390 26.548000 -26.352300
v -0.778992 30.381700 -22.931300
v 0.000000 30.911100 -22.135600
v -0.810696 30.885700 -22.135600
v 3.713790 32.464300 -15.911600
v 3.728510 32.521600 -14.971200
v 2.798250 32.668900 -15.911600
v 7.052270 30.828000 -17.772100
v 6.308060 31.405300 -16.846500
v 6.232880 31.245500 -17.772100
v -0.784165 22.110700 -28.904400
v -0.952097 22.991100 -28.613200
v -2.743030 32.379500 -17.772100
v -3.640510 32.178800 -17.772100
v -3.684420 32.349900 -16.846500
v -0.956997 25.575400 -27.411100
v -1.056720 26.364800 -26.906200
v -1.579860 26.281900 -26.906200
v -5.029850 21.192000 -28.266300
v -4.819490 21.501600 -28.266300
v -5.749750 21.648900 -27.865100
v -4.363130 29.020000 -23.693600
v -5.046470 28.724300 -23.693600
v -2.324690 30.186500 -22.931300
v -1.618190 30.809300 -22.135600
v -2.419300 30.682400 -22.135600
v -1.410210 29.162900 -24.419700
v -0.744213 29.828900 -23.693600
v -1.485490 29.758900 -23.693600
v 1.840880 23.665700 -28.266300
v 1.263610 22.921400 -28.613200
v 12.711000 22.130000 -7.690140
v 12.279200 21.989800 -6.864380
v 12.004500 22.752900 -6.864380
v 8.001730 5.391290 -13.088400
v 8.033440 5.341330 -14.028800
v 7.194230 4.913740 -13.088400
v 13.092500 13.746000 -8.542780
v 12.799600 12.932300 -8.542780
v 12.711000 13.870000 -7.690140
v 13.422500 22.361200 -9.418930
v 13.333800 21.423500 -8.542780
v 13.092500 22.254000 -8.542780
v 9.223080 14.348300 -3.248330
v 8.548000 14.615600 -2.647670
v 13.774900 12.546100 -16.846500
v 13.610800 12.611100 -17.772100
v 13.405300 11.691900 -16.846500
v 14.638800 18.000000 -11.227900
v 14.815300 18.000000 -12.153500
v 14.609900 17.080800 -11.227900
v 13.086300 10.805800 -15.911600
v 12.982800 10.862700 -16.846500
v 13.333800 14.576500 -8.542780
v 13.422500 13.638800 -9.418930
v 0.941393 3.036990 -14.971200
v 1.871650 3.184320 -15.911600
v 0.937677 3.096040 -15.911600
v 7.843830 5.640090 -17.772100
v 8.466700 6.346590 -18.684900
v 7.718270 5.837960 -18.684900
v 8.996100 7.125580 -19.581100
v 8.295540 6.582170 -19.581100
v 9.331090 6.720650 -17.772100
v 9.181710 6.901210 -18.684900
v 12.081400 9.222350 -13.088400
v 11.506400 8.481070 -13.088400
v 12.186500 15.675300 -6.068750
v 12.505500 14.789100 -6.864380
v 12.016400 14.914700 -6.068750
v 1.879070 3.125620 -14.971200
v 2.798250 3.331080 -15.911600
v 4.184870 18.000000 -0.095594
v 4.176610 17.737200 -0.095594
v 3.265690 17.794500 0.138751
v 2.056270 19.130400 0.315325
v 9.900100 18.622900 -3.248330
v 9.175460 18.577300 -2.647670
v 3.533400 20.242400 -0.095594
v 3.667230 20.016100 -0.095594
v 9.411810 26.838300 -6.864380
v -1.768850 32.001900 -9.418930
v -2.579550 31.522500 -8.542780
v -2.644550 31.863200 -9.418930
v -8.318620 21.914400 -2.647670
v -8.548000 21.384400 -2.647670
v -8.975590 22.223600 -3.248330
v -1.400490 18.176900 0.433429
v -1.408840 18.088600 0.433429
v 2.193000 23.538900 -0.733680
v 2.163410 22.597500 -0.386788
v 1.870470 22.724300 -0.386788
v 4.451210 31.699400 -10.315100
v 3.582230 31.951900 -10.315100
v 8.033440 30.658700 -14.028800
v 8.777650 30.081400 -13.088400
v 8.001730 30.608700 -13.088400
v 13.086300 25.194200 -13.088400
v 12.982800 25.137300 -12.153500
v 12.608700 26.001700 -13.088400
v 14.379500 20.743000 -11.227900
v 14.149300 20.699100 -10.315100
v 13.951900 21.582200 -10.315100
v 11.251700 18.000000 -4.580320
v 11.852300 18.000000 -5.306390
v 11.229500 17.293500 -4.580320
v 12.093100 23.690600 -7.690140
v 11.711900 24.438700 -7.690140
v 10.724300 23.046500 -5.306390
v 10.461500 22.142000 -4.580320
v 13.512200 24.358300 -13.088400
v 13.405300 24.308100 -12.153500
v 5.683300 26.955400 -3.893400
v 5.830640 26.025200 -3.248330
v 5.315230 26.375500 -3.248330
v -3.684420 32.349900 -12.153500
v -3.640510 32.178800 -11.227900
v -4.578190 32.090200 -12.153500
v 10.035200 27.423700 -8.542780
v 10.607100 26.775000 -8.542780
v 9.742740 27.149000 -7.690140
v 6.760900 26.172500 -3.893400
v 6.323040 25.643200 -3.248330
v 6.234400 26.580900 -3.893400
v 5.497360 31.884800 -15.911600
v 4.632970 32.258800 -14.971200
v 4.614680 32.202500 -15.911600
v 3.833730 29.799000 -6.068750
v 4.363130 29.020000 -5.306390
v 3.662570 29.272200 -5.306390
v 7.437780 23.403900 -2.647670
v 7.118740 22.517700 -2.093790
v 6.821020 22.955800 -2.093790
v 10.701000 21.477000 -4.580320
v 10.087500 21.277600 -3.893400
v 8.669560 25.172100 -4.580320
v 9.102790 24.613600 -4.580320
v 8.580920 24.234400 -3.893400
v 6.647580 28.474900 -6.068750
v 6.350790 28.007200 -5.306390
v 13.092500 13.746000 -20.457200
v 12.799600 12.932300 -20.457200
v 8.975590 13.776400 -25.751700
v 8.318620 14.085600 -26.352300
v 8.056420 13.570900 -26.352300
v 14.001900 16.231100 -19.581100
v 13.739200 17.135600 -20.457200
v 13.657800 16.274600 -20.457200
v 13.522500 20.579600 -20.457200
v 13.333800 21.423500 -20.457200
v 12.945200 21.323800 -21.309900
v 14.379500 20.743000 -17.772100
v 14.178800 21.640500 -17.772100
v 13.951900 21.582200 -18.684900
v 13.565700 24.383500 -14.028800
v 10.874400 26.996100 -19.581100
v 10.288100 27.661200 -19.581100
v 10.035200 27.423700 -20.457200
v 13.086300 25.194200 -15.911600
v 12.658700 26.033400 -14.971200
v 12.608700 26.001700 -15.911600
v 3.423540 31.333800 -20.457200
v 10.607100 26.775000 -20.457200
v 10.263100 28.929100 -14.028800
v 10.222600 28.886000 -13.088400
v 10.886000 28.222600 -13.088400
v 10.799900 28.141800 -12.153500
v 12.982800 25.137300 -16.846500
v 7.855810 28.812600 -21.309900
v 7.161380 29.284500 -21.309900
v 6.918130 28.901200 -22.135600
v 12.129300 26.812400 -14.971200
v 11.552000 27.556600 -14.971200
v 12.129300 26.812400 -14.028800
v 10.288100 27.661200 -9.418930
v 12.658700 26.033400 -14.028800
v 14.521600 21.728500 -14.971200
v 14.464300 21.713800 -15.911600
v 9.443640 29.415400 -16.846500
v 11.506400 27.518900 -15.911600
v 10.929100 28.263100 -14.971200
v -7.500370 19.430800 -1.588870
v -6.689240 19.276000 -1.134900
v -7.575410 18.957000 -1.588870
v -5.071040 18.319000 -0.386788
v -12.809300 16.381800 -6.864380
v -12.682400 15.580700 -6.864380
v -13.128400 15.495600 -7.690140
v -13.669800 14.490200 -9.418930
v -12.359900 10.156200 -11.227900
v -12.509000 10.061600 -12.153500
v -12.828000 10.947700 -11.227900
v -6.689240 16.724000 -1.134900
v -11.225500 12.717700 -6.068750
v -11.314100 11.780000 -6.864380
v -11.682300 12.502700 -6.864380
v -13.422500 13.638800 -9.418930
v -13.951900 14.417800 -10.315100
v -12.770000 11.990900 -9.418930
v -13.033500 11.866900 -10.315100
v -13.392900 12.697400 -10.315100
v -13.657800 19.725400 -8.542780
v -11.314100 24.220000 -6.864380
v -11.682300 23.497300 -6.864380
v -14.786100 18.930300 -12.153500
v -14.904000 18.937700 -13.088400
v -14.464300 21.713800 -13.088400
v -14.349900 21.684400 -12.153500
v -14.552900 20.776100 -12.153500
v -13.405300 24.308100 -12.153500
v -11.653400 9.533300 -18.684900
v -11.417800 9.704460 -19.581100
v -11.916200 10.437800 -19.581100
v -13.863200 20.644600 -19.581100
v -14.149300 20.699100 -18.684900
v -14.815700 19.871700 -13.088400
v -13.951900 21.582200 -10.315100
v -13.669800 21.509800 -9.418930
v -8.166370 20.096800 -2.093790
v -8.904770 20.286400 -2.647670
v -1.898370 19.379200 0.315325
v -1.981230 19.257300 0.315325
v -2.647220 19.923300 0.138751
v -12.682400 20.419300 -6.864380
v -8.431250 18.000000 -2.093790
v -13.522500 20.579600 -8.542780
v -13.333800 21.423500 -8.542780
v -12.093100 12.309400 -7.690140
v -11.711900 24.438700 -21.309900
v -11.284500 25.161400 -21.309900
v -9.411810 26.838300 -22.135600
v -8.492630 27.043700 -22.931300
v -8.838280 27.411800 -22.135600
v -14.258800 22.633000 -14.971200
v -14.258800 22.633000 -14.028800
v -14.521600 21.728500 -14.971200
v -13.699400 22.451200 -18.684900
v -13.951900 21.582200 -18.684900
v -13.138100 25.222700 -14.971200
v -13.565700 24.383500 -14.971200
v -5.420530 27.859900 -4.580320
v -5.109770 27.294600 -3.893400
v -6.028940 27.500100 -4.580320
v -11.415400 27.443600 -16.846500
v -10.799900 28.141800 -16.846500
v -11.506400 27.518900 -15.911600
v -12.982800 25.137300 -16.846500
v -13.086300 25.194200 -15.911600
v -14.202500 22.614700 -15.911600
v -14.464300 21.713800 -15.911600
v -6.133100 31.033500 -10.315100
v -6.799090 30.367500 -9.418930
v -6.939370 30.622700 -10.315100
v -8.604440 29.843000 -11.227900
v -6.631970 30.063500 -20.457200
v -6.799090 30.367500 -19.581100
v -7.562240 29.916200 -19.581100
v -14.904000 17.062300 -15.911600
v -14.815300 18.000000 -16.846500
v -14.933400 18.000000 -15.911600
v -3.797270 22.590100 -28.266300
v -4.002730 23.509300 -27.865100
v -4.340770 23.247100 -27.865100
v -5.830640 26.025200 -25.751700
v -5.683300 26.955400 -25.106600
v -6.234400 26.580900 -25.106600
v -7.099420 20.810900 -27.411100
v -8.018600 20.605400 -26.906200
v -10.180800 22.790700 -24.419700
v -9.859910 23.420500 -24.419700
v -9.294640 23.109800 -25.106600
v -9.597140 22.516100 -25.106600
v -7.052270 5.171960 -17.772100
v -7.843830 5.640090 -17.772100
v -3.833730 6.200990 -22.931300
v -9.518930 6.493590 -15.911600
v -9.556640 6.448000 -14.971200
v -7.437780 12.596100 -26.352300
v -7.762420 13.073800 -26.352300
v -8.375460 12.684800 -25.751700
v -6.631970 5.936480 -20.457200
v -7.376360 6.376710 -20.457200
v -8.492630 8.956260 -22.931300
v -7.231130 11.209500 -25.751700
v -7.260720 10.268100 -25.106600
v -6.790490 10.768900 -25.751700
v -7.731880 10.739300 -25.106600
v -9.597140 13.483900 -3.893400
v -9.859910 12.579500 -4.580320
v -10.180800 13.209300 -4.580320
v -12.162000 10.281700 -10.315100
v -12.622700 11.060600 -10.315100
v -10.585700 17.334000 -3.893400
v 0.000000 18.471200 0.492598
v -0.029584 18.470200 0.492598
v -0.088636 19.408800 0.433429
v 5.538880 15.807000 -0.733680
v 6.446970 13.908600 -1.588870
v 5.749750 14.351100 -1.134900
v -1.430770 25.500400 -1.588870
v -1.276040 24.689200 -1.134900
v -1.693540 24.595900 -1.134900
v -9.175460 18.577300 -2.647670
v -9.900100 18.622900 -3.248330
v -11.415400 8.556360 -16.846500
v -11.985800 9.291770 -16.846500
v -8.001730 5.391290 -15.911600
v 2.699120 3.850740 -18.684900
v -1.725380 4.342230 -20.457200
v 0.000000 3.007400 -14.971200
v 0.000000 3.066570 -15.911600
v 0.919174 3.390130 -17.772100
v 0.000000 3.361250 -17.772100
v 0.000000 3.184670 -16.846500
v -6.595910 19.693500 -27.865100
v -7.500370 19.430800 -27.411100
v -0.412882 18.227000 -29.492600
v -0.397814 18.252500 -29.492600
v -1.191870 18.756400 -29.433400
v -7.702300 9.797890 -24.419700
v -8.202110 10.297700 -24.419700
v -3.476960 7.299030 -24.419700
v -3.662570 6.727770 -23.693600
v -5.771590 24.146100 -26.906200
v -5.566130 23.226900 -27.411100
v -5.226940 23.566100 -27.411100
v -6.146120 23.771600 -26.906200
v -3.667230 15.983900 -28.904400
v -3.786580 16.218200 -28.904400
v -4.452570 15.552200 -28.613200
v 1.152260 8.878890 -26.352300
v 0.529402 9.585390 -26.906200
v -0.706497 6.770540 -24.419700
v -1.329360 7.477030 -25.106600
v -1.410210 6.837060 -24.419700
v -3.210870 5.494500 -22.135600
v -6.647580 7.525090 -22.931300
v -6.350790 7.992750 -23.693600
v -7.292190 7.963170 -22.931300
v -1.768850 3.998070 -19.581100
v -2.644550 4.136770 -19.581100
v -2.699120 3.850740 -18.684900
v 0.000000 4.634900 -21.309900
v 0.000000 5.088870 -22.135600
v 9.043740 9.507370 -22.931300
v 8.091640 6.862810 -20.457200
v 7.855810 7.187410 -21.309900
v 7.161380 6.715470 -21.309900
v 8.774980 7.392870 -20.457200
v 8.519230 7.702010 -21.309900
v 6.966620 8.411270 -23.693600
v 6.613560 8.897210 -24.419700
v 6.350790 7.992750 -23.693600
v 4.363130 6.979990 -23.693600
v 3.662570 6.727770 -23.693600
v -3.065350 8.565830 -25.751700
v -3.384390 9.452000 -26.352300
v -3.651680 8.776920 -25.751700
v -0.956997 10.424600 -27.411100
v -1.276040 11.310800 -27.865100
v -1.430770 10.499600 -27.411100
v 4.142010 7.538460 -24.419700
v 3.384390 9.452000 -26.352300
v 3.103750 10.160800 -26.906200
v 2.605400 9.981400 -26.906200
v 0.778992 5.618270 -22.931300
v 0.000000 5.593790 -22.931300
v -2.220900 6.357610 -23.693600
v 14.178800 14.359500 -17.772100
v 13.033500 11.866900 -18.684900
v 12.770000 11.990900 -19.581100
v 11.417800 9.704460 -19.581100
v 10.874400 9.003900 -19.581100
v 10.222600 7.114000 -15.911600
v 10.141800 7.200090 -16.846500
v 9.518930 6.493590 -15.911600
v 12.682400 20.419300 -22.135600
v 12.505500 21.210900 -22.135600
v 5.861410 30.456100 -20.457200
v 5.067720 30.799600 -20.457200
v 14.149300 20.699100 -18.684900
v 12.016400 21.085300 -22.931300
v 11.799000 21.833700 -22.931300
v 11.480000 20.947600 -23.693600
v 10.871600 23.976700 -22.931300
v 10.474900 24.647600 -22.931300
v 10.007200 24.350800 -23.693600
v 10.180800 22.790700 -24.419700
v 9.597140 22.516100 -25.106600
v 4.488100 24.177300 -27.411100
v 4.091370 24.447000 -27.411100
v 3.648900 23.749800 -27.865100
v 6.691140 14.321500 -27.411100
v 6.908920 14.748900 -27.411100
v 5.967520 14.719300 -27.865100
v 9.900100 17.377100 -25.751700
v 9.434170 21.065300 -25.751700
v 8.548000 21.384400 -26.352300
v 10.523000 19.329400 -25.106600
v 10.418700 19.987500 -25.106600
v 9.743970 19.858800 -25.751700
v 2.536460 23.390300 -28.266300
v 2.899500 24.161700 -27.865100
v 2.193000 23.538900 -28.266300
v 7.099420 20.810900 -27.411100
v 6.331650 20.506900 -27.865100
v 7.839180 21.103800 -26.906200
v 7.628820 21.589900 -26.906200
v 6.908920 21.251100 -27.411100
v 11.052400 15.891600 -24.419700
v 10.418700 16.012500 -25.106600
v 10.273400 15.362200 -25.106600
v 1.056720 9.635230 -26.906200
v -0.519653 19.312500 -29.433400
v -0.863810 20.181700 -29.315300
v -0.999098 20.123200 -29.315300
v 7.588970 7.554680 -22.135600
v 6.918130 7.098770 -22.135600
v 11.642400 15.779100 -23.693600
v 11.758900 16.514500 -23.693600
v 11.162900 16.589800 -24.419700
v 3.476960 7.299030 -24.419700
v 6.595910 16.306500 -27.865100
v 5.770060 16.518500 -28.266300
v 11.535000 13.433000 -22.931300
v 11.020000 13.636900 -23.693600
v 10.724300 12.953500 -23.693600
v 10.701000 14.523000 -24.419700
v 10.087500 14.722400 -25.106600
v 9.861770 14.095400 -25.106600
v -5.967520 21.280700 -27.865100
v 2.864740 14.949400 -28.904400
v 2.239940 15.614700 -29.138800
v 2.085750 15.478800 -29.138800
v -4.061790 25.388400 -26.906200
v -1.312500 18.519700 -29.433400
v -2.123190 18.999100 -29.315300
v -2.181740 18.863800 -29.315300
v 0.000000 28.606600 -25.106600
v 0.000000 29.251700 -24.419700
v -0.706497 29.229500 -24.419700
v 0.000000 30.406200 -22.931300
v 3.684420 32.349900 -12.153500
v 3.640510 32.178800 -11.227900
v 3.509810 31.669800 -9.418930
v 0.000000 32.638800 -17.772100
v 0.000000 32.815300 -16.846500
v -0.919174 32.609900 -17.772100
v 6.631970 30.063500 -20.457200
v 1.871650 32.815700 -15.911600
v 1.879070 32.874400 -14.971200
v 0.941393 32.963000 -14.971200
v -0.864394 31.739200 -20.457200
v -0.886175 32.085400 -19.581100
v -3.833730 29.799000 -22.931300
v -3.989760 30.279200 -22.135600
v -4.752900 30.004500 -22.135600
v -2.644550 31.863200 -19.581100
v 1.856850 32.698500 -16.846500
v 0.930262 32.786100 -16.846500
v 0.919174 32.609900 -17.772100
v 4.254030 31.092500 -20.457200
v 4.361220 31.422500 -19.581100
v -10.288100 27.661200 -19.581100
v -9.423690 28.035200 -20.457200
v -9.661160 28.288100 -19.581100
v -10.035200 27.423700 -20.457200
v 2.579550 31.522500 -20.457200
v 2.644550 31.863200 -19.581100
v 1.768850 32.001900 -19.581100
v 0.886175 32.085400 -9.418930
v 0.864394 31.739200 -8.542780
v 0.000000 31.766300 -8.542780
v -9.742740 27.149000 -21.309900
v -10.607100 26.775000 -20.457200
v -10.298000 26.519200 -21.309900
v -2.947550 29.480000 -23.693600
v -3.085300 30.016400 -22.931300
v -8.056420 22.429100 -26.352300
v -7.762420 22.926200 -26.352300
v -8.692680 22.778800 -25.751700
v -6.293460 24.701900 -26.352300
v -6.323040 25.643200 -25.751700
v -6.790490 25.231100 -25.751700
v -2.637750 28.273400 -25.106600
v -2.798170 28.898200 -24.419700
v 6.177350 22.488100 -27.411100
v 6.821020 22.955800 -26.906200
v 5.883350 22.867100 -27.411100
v 4.184870 18.000000 -28.904400
v 3.272150 18.000000 -29.138800
v 3.265690 17.794500 -29.138800
v 14.202500 22.614700 -13.088400
v 14.904000 18.937700 -13.088400
v 14.786100 18.930300 -12.153500
v 13.365100 18.000000 -7.690140
v 13.338700 17.160800 -7.690140
v 11.799000 14.166300 -6.068750
v 11.480000 15.052400 -5.306390
v 14.379500 15.257000 -11.227900
v 14.349900 14.315600 -12.153500
v 14.178800 14.359500 -11.227900
v 3.786580 16.218200 -0.095594
v 3.667230 15.983900 -0.095594
v 2.867400 16.423600 0.138751
v 14.376000 17.095500 -10.315100
v 14.963000 18.941400 -14.028800
v 14.933400 18.000000 -13.088400
v 14.609900 17.080800 -17.772100
v 13.922300 13.476400 -11.227900
v 13.610800 12.611100 -11.227900
v 13.774900 12.546100 -12.153500
v 13.405300 11.691900 -12.153500
v 2.776110 3.447090 -16.846500
v 1.856850 3.301500 -16.846500
v 2.419300 5.317560 -22.135600
v 2.324690 5.813540 -22.931300
v 7.194230 4.913740 -15.911600
v 7.137340 5.017230 -16.846500
v 6.308060 4.594690 -16.846500
v 8.604440 6.157000 -17.772100
v 6.358340 4.487830 -15.911600
v 5.519140 4.060230 -14.971200
v 9.443640 6.584600 -16.846500
v 8.708230 6.014150 -16.846500
v 10.222600 7.114000 -13.088400
v 9.518930 6.493590 -13.088400
v 13.512200 11.641700 -13.088400
v 13.138100 10.777300 -14.028800
v 13.086300 10.805800 -13.088400
v 9.193610 18.000000 -2.647670
v 8.431250 18.000000 -2.093790
v -3.728510 3.478420 -14.971200
v -3.728510 3.478420 -14.028800
v 3.246350 18.410100 0.138751
v 3.265690 18.205500 0.138751
v 2.341890 18.147300 0.315325
v 3.385630 15.540200 -0.095594
v 3.224490 15.332500 -0.095594
v 2.521230 15.914300 0.138751
v 9.175460 17.422700 -2.647670
v 8.414610 17.470600 -2.093790
v 0.000000 17.528800 0.492598
v 0.000000 16.588400 0.433429
v -0.088636 16.591200 0.433429
v -0.029584 17.529800 0.492598
v -0.176923 16.599500 0.433429
v 4.053390 16.959300 -0.095594
v 3.980040 16.706800 -0.095594
v 11.020000 13.636900 -5.306390
v 10.724300 12.953500 -5.306390
v 6.595910 16.306500 -1.134900
v 7.395730 16.101100 -1.588870
v 3.280670 23.967500 -1.134900
v 3.648900 23.749800 -1.134900
v 3.192040 23.029800 -0.733680
v 8.364770 19.056700 -2.093790
v 7.620550 18.479400 -1.588870
v 7.575410 18.957000 -1.588870
v 6.918130 28.901200 -6.864380
v 6.219980 29.314100 -6.864380
v -4.991070 18.952100 -0.386788
v -4.151870 18.524500 -0.095594
v -5.041000 18.636800 -0.386788
v 3.703940 21.478200 -0.386788
v 3.224490 20.667500 -0.095594
v 3.050640 20.864700 -0.095594
v 2.016070 21.667200 -0.095594
v 2.242360 21.533400 -0.095594
v 1.576370 20.867400 0.138751
v -10.288100 27.661200 -9.418930
v -10.035200 27.423700 -8.542780
v -10.874400 26.996100 -9.418930
v 2.419300 30.682400 -6.864380
v 2.324690 30.186500 -6.068750
v 1.618190 30.809300 -6.864380
v -8.955450 23.683300 -3.893400
v -12.004500 22.752900 -6.864380
v -2.385290 20.239900 0.138751
v -2.521230 20.085700 0.138751
v -3.050640 20.864700 -0.095594
v -3.272150 18.000000 0.138751
v -0.300329 17.637000 0.492598
v -0.276941 17.618800 0.492598
v -0.899803 16.912300 0.433429
v -0.470231 18.029600 0.492598
v -0.471161 18.000000 0.492598
v -2.798250 32.668900 -13.088400
v -3.713790 32.464300 -13.088400
v -3.728510 32.521600 -14.028800
v -1.805350 32.290800 -10.315100
v -2.699120 32.149300 -10.315100
v 0.930262 32.786100 -12.153500
v 0.919174 32.609900 -11.227900
v 5.453880 31.774900 -12.153500
v 6.308060 31.405300 -12.153500
v 4.632970 32.258800 -14.028800
v 5.497360 31.884800 -13.088400
v 4.614680 32.202500 -13.088400
v 10.671200 28.020900 -11.227900
v 11.279400 27.331100 -11.227900
v 10.500400 27.860500 -10.315100
v 10.886000 28.222600 -15.911600
v 10.799900 28.141800 -16.846500
v 5.519140 31.939800 -14.028800
v 6.358340 31.512200 -13.088400
v 14.290800 16.194600 -10.315100
v 13.657800 19.725400 -8.542780
v 13.259700 19.675100 -7.690140
v 13.338700 18.839200 -7.690140
v 14.523300 19.834700 -11.227900
v 12.911100 18.000000 -6.864380
v 12.799600 23.067700 -8.542780
v 12.426600 22.920000 -7.690140
v 11.052400 20.108400 -4.580320
v 10.418700 19.987500 -3.893400
v 12.945200 21.323800 -7.690140
v 10.874400 26.996100 -9.418930
v 7.161380 29.284500 -7.690140
v 12.162000 25.718300 -10.315100
v 12.622700 24.939400 -10.315100
v 11.916200 25.562200 -9.418930
v 13.392900 23.302600 -10.315100
v 13.122100 23.195400 -9.418930
v -7.083790 23.860200 -2.647670
v -6.821020 22.955800 -2.093790
v -7.437780 23.403900 -2.647670
v 8.466700 29.653400 -10.315100
v 8.295540 29.417800 -9.418930
v 7.562240 29.916200 -9.418930
v 0.622861 27.900100 -3.248330
v 0.577271 27.175500 -2.647670
v 0.000000 27.193600 -2.647670
v 6.146120 23.771600 -2.093790
v 6.293460 24.701900 -2.647670
v 6.701850 24.293500 -2.647670
v 5.771590 24.146100 -2.093790
v 4.567030 29.535000 -6.068750
v 6.799090 30.367500 -9.418930
v 4.752900 30.004500 -6.864380
v 7.938450 30.509000 -12.153500
v 7.052270 30.828000 -11.227900
v 10.007200 24.350800 -5.306390
v 9.500100 24.028900 -4.580320
v 5.749750 21.648900 -1.134900
v 5.967520 21.280700 -1.134900
v 5.029850 21.192000 -0.733680
v 10.585700 18.666000 -3.893400
v 10.606600 18.000000 -3.893400
v 8.955450 23.683300 -3.893400
v 8.025190 23.830600 -3.248330
v 7.099420 20.810900 -1.588870
v 9.294640 23.109800 -3.893400
v 9.597140 22.516100 -3.893400
v 8.975590 22.223600 -3.248330
v 9.132370 25.555000 -5.306390
v 8.639970 26.113500 -5.306390
v 12.367500 11.200900 -19.581100
v 12.456100 12.138600 -20.457200
v 12.063500 11.368000 -20.457200
v 14.085400 18.886200 -19.581100
v 12.711000 13.870000 -21.309900
v 12.279200 14.010200 -22.135600
v 12.622700 11.060600 -18.684900
v 11.916200 10.437800 -19.581100
v 12.406200 18.000000 -22.931300
v 12.381700 18.779000 -22.931300
v 11.852300 18.000000 -23.693600
v 13.766300 18.000000 -20.457200
v 13.338700 17.160800 -21.309900
v 14.349900 21.684400 -16.846500
v 13.512200 24.358300 -15.911600
v 13.138100 25.222700 -14.971200
v 11.052400 20.108400 -24.419700
v 10.898200 20.798200 -24.419700
v 5.046470 28.724300 -23.693600
v 5.282310 29.225500 -22.931300
v 4.567030 29.535000 -22.931300
v 4.429050 26.056400 -26.352300
v 4.778840 26.692700 -25.751700
v 9.181710 29.098800 -18.684900
v 3.582230 31.951900 -18.684900
v 2.743030 32.379500 -17.772100
v 2.699120 32.149300 -18.684900
v 8.033440 30.658700 -14.971200
v 7.222740 31.138100 -14.971200
v 7.194230 31.086300 -15.911600
v 2.776110 32.552900 -16.846500
v 10.141800 28.799900 -16.846500
v 10.222600 28.886000 -15.911600
v 8.708230 29.985800 -16.846500
v 12.367500 24.799100 -19.581100
v 12.622700 24.939400 -18.684900
v 11.916200 25.562200 -19.581100
v 11.843000 26.604400 -11.227900
v 6.133100 31.033500 -10.315100
v 13.939800 23.519100 -14.971200
v 13.405300 24.308100 -16.846500
v 12.081400 26.777600 -15.911600
v 12.359900 25.843800 -11.227900
v 11.653400 26.466700 -10.315100
v 14.376000 18.904500 -10.315100
v 14.085400 18.886200 -9.418930
v 14.001900 19.768900 -9.418930
v -5.945460 17.625900 -0.733680
v -5.910240 17.253400 -0.733680
v -6.796420 17.572400 -1.134900
v -3.246350 17.589900 0.138751
v -4.110740 17.215800 -0.095594
v -4.176610 18.262800 -0.095594
v -10.671200 7.979080 -17.772100
v -10.500400 8.139510 -18.684900
v -11.279400 8.668910 -17.772100
v -14.668900 15.201800 -15.911600
v -14.698500 16.143100 -16.846500
v -14.815700 16.128300 -15.911600
v -12.308400 16.445100 -22.931300
v -12.381700 17.221000 -22.931300
v -12.809300 16.381800 -22.135600
v -14.379500 15.257000 -11.227900
v -13.699400 13.548800 -10.315100
v -11.229500 18.706500 -4.580320
v -10.606600 18.000000 -3.893400
v -11.251700 18.000000 -4.580320
v -11.272200 14.337400 -5.306390
v -11.480000 15.052400 -5.306390
v -10.724300 12.953500 -5.306390
v -10.386300 12.290100 -5.306390
v -10.871600 12.023300 -6.068750
v -10.901200 11.081900 -6.864380
v -11.284500 10.838600 -7.690140
v -5.538880 20.193000 -0.733680
v -5.665650 19.840900 -0.733680
v -6.331650 20.506900 -1.134900
v -6.756160 18.853500 -1.134900
v -10.874400 9.003900 -9.418930
v -11.098800 8.818290 -10.315100
v -11.653400 9.533300 -10.315100
v -13.259700 19.675100 -7.690140
v -14.085400 17.113800 -9.418930
v -14.376000 17.095500 -10.315100
v -14.523300 16.165300 -11.227900
v -14.698500 16.143100 -12.153500
v -13.657800 16.274600 -8.542780
v -14.376000 18.904500 -10.315100
v -14.404400 18.000000 -10.315100
v -11.225500 23.282300 -6.068750
v -11.623300 25.376400 -8.542780
v -11.284500 25.161400 -7.690140
v -14.609900 17.080800 -11.227900
v -14.638800 18.000000 -11.227900
v -14.379500 20.743000 -11.227900
v -13.774900 12.546100 -12.153500
v -13.405300 11.691900 -12.153500
v -13.884800 12.502600 -13.088400
v -14.963000 18.941400 -14.028800
v -14.874400 19.879100 -14.028800
v -12.509000 25.938400 -12.153500
v -12.828000 25.052300 -11.227900
v -12.982800 25.137300 -12.153500
v -14.202500 22.614700 -13.088400
v -8.364770 16.943300 -2.093790
v -9.121110 16.847700 -2.647670
v -9.030760 19.722700 -2.647670
v -9.043740 26.492600 -6.068750
v -8.639970 26.113500 -5.306390
v -9.559150 25.908000 -6.068750
v -3.648900 23.749800 -1.134900
v -3.501560 22.819500 -0.733680
v -4.002730 23.509300 -1.134900
v -14.290800 19.805400 -10.315100
v -11.758900 19.485500 -5.306390
v -13.392900 23.302600 -10.315100
v -13.122100 23.195400 -9.418930
v -13.422500 22.361200 -9.418930
v -12.426600 22.920000 -7.690140
v -12.711000 22.130000 -7.690140
v -12.799600 23.067700 -8.542780
v -11.642400 20.220900 -5.306390
v -10.585700 18.666000 -3.893400
v -11.229500 18.706500 -24.419700
v -11.828900 18.744200 -23.693600
v -11.852300 18.000000 -23.693600
v -12.770000 24.009100 -19.581100
v -13.033500 24.133100 -18.684900
v -13.392900 23.302600 -18.684900
v -7.620550 17.520600 -27.411100
v -7.635620 18.000000 -27.411100
v -8.431250 18.000000 -26.906200
v -13.739200 17.135600 -20.457200
v -14.085400 17.113800 -19.581100
v -11.314100 11.780000 -22.135600
v -11.682300 12.502700 -22.135600
v -12.093100 12.309400 -21.309900
v -13.884800 23.497400 -15.911600
v -14.523300 19.834700 -17.772100
v -14.379500 20.743000 -17.772100
v -14.698500 19.856900 -16.846500
v -12.608700 26.001700 -15.911600
v -13.922300 22.523600 -17.772100
v -14.090200 22.578200 -16.846500
v -12.658700 26.033400 -14.028800
v -4.790730 28.180800 -4.580320
v -5.046470 28.724300 -5.306390
v -10.886000 28.222600 -13.088400
v -10.799900 28.141800 -12.153500
v -11.506400 27.518900 -13.088400
v -12.608700 26.001700 -13.088400
v -9.443640 29.415400 -12.153500
v -10.141800 28.799900 -12.153500
v -9.841460 19.243300 -25.751700
v -11.225500 23.282300 -22.931300
v -7.575410 18.957000 -27.411100
v -8.364770 19.056700 -26.906200
v -7.575410 17.043000 -27.411100
v -8.364770 16.943300 -26.906200
v -13.405300 11.691900 -16.846500
v -13.245500 11.767100 -17.772100
v -13.610800 12.611100 -17.772100
v -14.963000 17.058600 -14.971200
v -6.496390 23.374300 -26.906200
v -7.083790 23.860200 -26.352300
v -6.446970 22.091400 -27.411100
v -6.691140 21.678500 -27.411100
v -7.260720 25.731900 -25.106600
v -3.904550 27.861800 -25.106600
v -4.516070 27.597100 -25.106600
v -8.025190 23.830600 -25.751700
v -7.643240 24.323000 -25.751700
v -8.580920 24.234400 -25.106600
v -10.087500 14.722400 -25.106600
v -9.434170 14.934700 -25.751700
v -10.273400 15.362200 -25.106600
v -6.821020 22.955800 -26.906200
v -7.118740 22.517700 -26.906200
v -10.007200 24.350800 -23.693600
v -10.036800 25.292200 -22.931300
v -6.939370 5.377320 -18.684900
v -7.718270 5.837960 -18.684900
v -10.886000 7.777360 -15.911600
v -10.799900 7.858210 -16.846500
v -10.222600 7.114000 -15.911600
v -8.033440 5.341330 -14.971200
v -7.194230 4.913740 -13.088400
v -6.358340 4.487830 -13.088400
v -7.222740 4.861890 -14.028800
v -9.443640 6.584600 -16.846500
v -12.608700 9.998270 -13.088400
v -12.658700 9.966560 -14.028800
v -13.086300 10.805800 -13.088400
v -8.812430 5.870730 -14.028800
v -8.033440 5.341330 -14.028800
v -8.812430 5.870730 -14.971200
v -14.376000 17.095500 -18.684900
v -14.113200 18.000000 -19.581100
v -14.404400 18.000000 -18.684900
v -4.061790 10.611600 -26.906200
v -4.517690 10.881300 -26.906200
v -4.926180 10.237600 -26.352300
v -4.223590 9.024410 -25.751700
v -11.279400 8.668910 -11.227900
v -4.614680 3.797460 -13.088400
v -3.713790 3.535730 -13.088400
v 0.147339 20.341900 0.315325
v 0.176923 19.400500 0.433429
v 0.088636 19.408800 0.433429
v 4.110740 18.784200 -0.095594
v 5.029850 14.808000 -0.733680
v 4.819490 14.498400 -0.733680
v 7.620550 17.520600 -1.588870
v 7.575410 17.043000 -1.588870
v 6.796420 17.572400 -1.134900
v 2.667530 14.775500 -0.095594
v 2.085750 15.478800 0.138751
v -8.056420 13.570900 -2.647670
v -8.692680 13.221200 -3.248330
v -8.975590 13.776400 -3.248330
v -7.628820 21.589900 -2.093790
v -9.608030 15.533100 -3.248330
v -9.434170 14.934700 -3.248330
v -10.273400 15.362200 -3.893400
v -5.910240 18.746600 -0.733680
v -6.796420 18.427600 -1.134900
v -3.713790 3.535730 -15.911600
v -4.614680 3.797460 -15.911600
v -0.919174 3.390130 -17.772100
v -0.930262 3.213910 -16.846500
v -5.497360 4.115250 -13.088400
v 1.834720 3.476680 -17.772100
v -1.856850 3.301500 -16.846500
v 2.809330 3.272960 -14.028800
v 3.728510 3.478420 -14.028800
v 2.809330 3.272960 -14.971200
v -5.957220 18.000000 -28.266300
v -5.945460 18.374100 -28.266300
v -6.796420 18.427600 -27.865100
v -3.103750 10.160800 -26.906200
v -3.251090 11.091100 -27.411100
v -3.589850 10.371200 -26.906200
v -4.142010 7.538460 -24.419700
v -4.516070 8.402860 -25.106600
v -4.790730 7.819190 -24.419700
v -6.438680 6.288080 -21.309900
v -6.219980 6.685890 -22.135600
v -7.161380 6.715470 -21.309900
v -3.914450 9.681380 -26.352300
v -7.172080 9.330440 -24.419700
v -0.810696 5.114350 -22.135600
v -1.675090 4.740290 -21.309900
v -2.579550 4.477520 -20.457200
v -5.976740 7.128360 -22.931300
v -1.618190 5.190680 -22.135600
v 1.554910 5.691620 -22.931300
v 2.108350 6.947630 -24.419700
v 2.637750 7.726620 -25.106600
v 1.987480 7.581270 -25.106600
v 3.423540 4.666170 -20.457200
v 10.812600 10.144200 -21.309900
v 12.658700 9.966560 -14.971200
v 12.608700 9.998270 -15.911600
v 12.081400 9.222350 -15.911600
v 9.423690 7.964780 -20.457200
v 9.742740 8.850960 -21.309900
v 10.298000 9.480770 -21.309900
v 9.411810 9.161720 -22.135600
v 8.838280 8.588190 -22.135600
v 5.282310 6.774530 -22.931300
v 4.567030 6.465000 -22.931300
v 8.172530 11.239100 -25.106600
v 7.643240 11.677000 -25.751700
v 7.292190 7.963170 -22.931300
v 1.430770 10.499600 -27.411100
v 1.693540 11.404100 -27.865100
v 1.276040 11.310800 -27.865100
v -1.152260 8.878890 -26.352300
v -1.056720 9.635230 -26.906200
v -1.579860 9.718090 -26.906200
v 1.579860 9.718090 -26.906200
v 0.956997 10.424600 -27.411100
v -1.243270 8.158540 -25.751700
v -1.722710 8.969240 -26.352300
v 3.651680 8.776920 -25.751700
v 4.223590 9.024410 -25.751700
v 5.860220 10.916200 -26.352300
v 5.771590 11.853900 -26.906200
v 5.374280 11.503600 -26.906200
v -2.840980 9.256360 -26.352300
v -1.987480 7.581270 -25.106600
v -1.858760 8.256030 -25.751700
v -2.637750 7.726620 -25.106600
v 11.985800 9.291770 -16.846500
v 14.933400 18.000000 -15.911600
v 14.904000 18.937700 -15.911600
v 14.963000 18.941400 -14.971200
v 13.245500 11.767100 -17.772100
v 13.138100 10.777300 -14.971200
v 12.509000 10.061600 -16.846500
v 11.843000 9.395560 -17.772100
v 12.093100 12.309400 -21.309900
v 11.711900 11.561300 -21.309900
v 13.565700 11.616500 -14.028800
v 13.565700 11.616500 -14.971200
v 12.093100 23.690600 -21.309900
v 11.711900 24.438700 -21.309900
v 11.314100 24.220000 -22.135600
v 10.445300 25.589000 -22.135600
v 12.911100 18.000000 -22.135600
v 12.279200 21.989800 -22.135600
v 12.711000 22.130000 -21.309900
v 12.004500 22.752900 -22.135600
v 11.682300 23.497300 -22.135600
v 8.492630 27.043700 -22.931300
v 9.411810 26.838300 -22.135600
v 9.043740 26.492600 -22.931300
v 10.724300 23.046500 -23.693600
v 10.386300 23.709900 -23.693600
v 9.859910 23.420500 -24.419700
v 8.743640 15.159000 -26.352300
v 8.904770 15.713600 -26.352300
v 8.018600 15.394600 -26.906200
v 11.229500 18.706500 -24.419700
v 12.885700 17.189300 -22.135600
v 12.381700 17.221000 -22.931300
v 9.841460 19.243300 -25.751700
v 9.121110 16.847700 -26.352300
v 9.175460 17.422700 -26.352300
v 8.414610 17.470600 -26.906200
v 10.273400 20.637800 -25.106600
v 9.223080 21.651700 -25.751700
v 6.790490 25.231100 -25.751700
v 6.701850 24.293500 -26.352300
v 7.231130 24.790500 -25.751700
v 6.293460 24.701900 -26.352300
v 0.746637 23.910200 -28.266300
v 0.427594 24.796400 -27.865100
v 0.374057 23.945500 -28.266300
v 10.087500 21.277600 -25.106600
v 6.323040 25.643200 -25.751700
v 6.234400 26.580900 -25.106600
v 5.830640 26.025200 -25.751700
v 4.061790 25.388400 -26.906200
v 3.589850 25.628800 -26.906200
v 3.251090 24.908900 -27.411100
v 7.635620 18.000000 -27.411100
v 8.431250 18.000000 -26.906200
v 7.620550 18.479400 -27.411100
v 7.395730 16.101100 -27.411100
v 7.261910 15.640500 -27.411100
v 4.921440 16.736400 -28.613200
v 4.110740 17.215800 -28.904400
v 4.053390 16.959300 -28.904400
v 4.991070 17.047900 -28.613200
v 8.364770 16.943300 -26.906200
v 7.620550 17.520600 -27.411100
v -1.570140 13.167600 -28.613200
v -1.870470 13.275700 -28.613200
v -2.193000 12.461100 -28.266300
v -3.192040 12.970200 -28.266300
v -3.501560 13.180500 -28.266300
v -3.648900 12.250200 -27.865100
v 3.251090 11.091100 -27.411100
v 2.899500 11.838300 -27.865100
v 2.506880 11.668400 -27.865100
v 7.628820 14.410100 -26.906200
v 7.762420 13.073800 -26.352300
v 3.280670 12.032500 -27.865100
v 2.536460 12.609700 -28.266300
v 2.986580 13.889300 -28.613200
v 3.238790 14.085000 -28.613200
v 2.459800 14.614400 -28.904400
v 8.025190 12.169400 -25.751700
v 7.437780 12.596100 -26.352300
v 11.314100 11.780000 -22.135600
v 10.523000 16.670600 -25.106600
v 8.548000 14.615600 -26.352300
v 11.682300 12.502700 -22.135600
v 11.225500 12.717700 -22.931300
v -4.053390 19.040700 -28.904400
v -3.980040 19.293200 -28.904400
v -4.921440 19.263600 -28.613200
v -3.169350 18.813800 -29.138800
v 0.756386 16.808100 -29.433400
v 0.252460 17.602200 -29.492600
v 0.226983 17.587100 -29.492600
v 0.583554 20.272800 -29.315300
v 0.264512 19.386600 -29.433400
v -4.964170 22.661700 -27.865100
v -5.883350 22.867100 -27.411100
v -6.331650 20.506900 -27.865100
v -6.161740 20.899500 -27.865100
v -6.908920 21.251100 -27.411100
v -3.501560 22.819500 -28.266300
v -3.648900 23.749800 -27.865100
v -4.078000 22.342600 -28.266300
v -4.661670 22.964200 -27.865100
v -1.923320 20.647200 -29.138800
v -1.753300 20.762800 -29.138800
v -2.459800 21.385600 -28.904400
v -1.540550 21.891000 -28.904400
v -1.870470 22.724300 -28.613200
v -2.163410 22.597500 -28.613200
v 1.722710 27.030800 -26.352300
v 1.858760 27.744000 -25.751700
v 1.243270 27.841500 -25.751700
v 1.579860 26.281900 -26.906200
v 1.152260 27.121100 -26.352300
v 0.886175 32.085400 -19.581100
v 0.864394 31.739200 -20.457200
v 3.662570 29.272200 -23.693600
v 3.833730 29.799000 -22.931300
v 2.947550 29.480000 -23.693600
v 0.937677 32.904000 -13.088400
v 0.000000 32.815300 -12.153500
v 4.752900 30.004500 -22.135600
v 3.989760 30.279200 -22.135600
v 0.000000 32.113200 -19.581100
v 0.000000 31.766300 -20.457200
v -0.941393 32.963000 -14.971200
v -1.805350 32.290800 -18.684900
v -1.834720 32.523300 -17.772100
v 0.000000 29.852300 -23.693600
v -1.858760 27.744000 -25.751700
v -1.329360 28.523000 -25.106600
v -1.987480 28.418700 -25.106600
v -1.554910 30.308400 -22.931300
v -4.567030 29.535000 -22.931300
v -5.282310 29.225500 -22.931300
v -2.504370 31.128400 -21.309900
v -1.675090 31.259700 -21.309900
v -0.904460 32.376000 -18.684900
v -3.323760 30.945200 -21.309900
v -6.308060 31.405300 -16.846500
v -5.497360 31.884800 -15.911600
v -6.358340 31.512200 -15.911600
v -9.518930 29.506400 -15.911600
v -8.777650 30.081400 -15.911600
v -9.556640 29.552000 -14.971200
v -7.137340 30.982800 -12.153500
v -7.052270 30.828000 -11.227900
v -7.938450 30.509000 -12.153500
v -7.843830 30.359900 -11.227900
v -9.132370 25.555000 -23.693600
v -9.588730 24.966600 -23.693600
v -11.137200 26.091600 -20.457200
v -11.623300 25.376400 -20.457200
v -8.466700 29.653400 -10.315100
v -10.874400 26.996100 -19.581100
v -7.718270 30.162000 -18.684900
v -8.466700 29.653400 -18.684900
v -6.009110 30.770000 -19.581100
v -6.133100 31.033500 -18.684900
v -5.420530 27.859900 -24.419700
v -5.709900 28.386300 -23.693600
v -6.350790 28.007200 -23.693600
v -5.976740 28.871600 -22.931300
v -3.210870 30.505500 -22.135600
v -2.108350 29.052400 -24.419700
v -2.220900 29.642400 -23.693600
v -5.109770 27.294600 -25.106600
v -6.613560 27.102800 -24.419700
v -4.488100 24.177300 -27.411100
v -0.636827 23.041000 -28.613200
v -0.319042 23.071000 -28.613200
v -0.746637 23.910200 -28.266300
v 1.430770 25.500400 -27.411100
v 5.910240 18.746600 -28.266300
v 5.851700 19.116300 -28.266300
v 4.991070 18.952100 -28.613200
v 2.506880 24.331600 -27.865100
v 2.104360 24.476600 -27.865100
v 8.018600 20.605400 -26.906200
v 13.138100 25.222700 -14.028800
v 9.861770 14.095400 -3.893400
v 10.087500 14.722400 -3.893400
v 9.434170 14.934700 -3.248330
v 10.701000 14.523000 -4.580320
v 12.945200 14.676200 -7.690140
v 11.828900 17.255800 -5.306390
v 14.523300 16.165300 -11.227900
v 14.149300 15.300900 -10.315100
v 13.951900 14.417800 -10.315100
v 12.885700 17.189300 -6.864380
v 12.381700 17.221000 -6.068750
v 14.904000 17.062300 -13.088400
v 14.698500 16.143100 -12.153500
v 14.786100 17.069700 -12.153500
v 14.815700 16.128300 -13.088400
v 14.464300 14.286200 -13.088400
v 14.786100 18.930300 -16.846500
v 13.884800 12.502600 -15.911600
v 14.090200 13.421800 -16.846500
v 14.404400 18.000000 -10.315100
v 4.451210 4.300600 -18.684900
v 4.361220 4.577540 -19.581100
v 7.938450 5.491010 -16.846500
v 7.052270 5.171960 -17.772100
v 5.195420 4.877870 -19.581100
v 7.562240 6.083820 -19.581100
v 8.033440 5.341330 -14.971200
v 8.777650 5.918600 -15.911600
v 8.001730 5.391290 -15.911600
v 9.556640 6.448000 -14.028800
v 8.777650 5.918600 -13.088400
v 12.129300 9.187570 -14.971200
v 11.552000 8.443360 -14.971200
v 8.812430 5.870730 -14.971200
v 8.812430 5.870730 -14.028800
v 4.523620 4.077720 -17.772100
v 4.578190 3.909790 -16.846500
v 3.684420 3.650130 -16.846500
v 10.263100 7.070870 -14.971200
v 10.263100 7.070870 -14.028800
v 9.556640 6.448000 -14.971200
v 12.658700 9.966560 -14.028800
v 12.608700 9.998270 -13.088400
v 13.122100 12.804600 -9.418930
v 12.770000 11.990900 -9.418930
v 12.456100 12.138600 -8.542780
v 12.279200 14.010200 -6.864380
v 12.004500 13.247100 -6.864380
v 3.713790 3.535730 -13.088400
v 0.351056 16.632700 0.433429
v 0.264512 16.613400 0.433429
v 0.117172 17.543600 0.492598
v -0.899803 19.087700 0.433429
v -1.495730 19.808000 0.315325
v 6.809860 18.000000 -1.134900
v 10.523000 16.670600 -3.893400
v 10.418700 16.012500 -3.893400
v 9.743970 16.141200 -3.248330
v 6.908920 21.251100 -1.588870
v 4.002730 23.509300 -1.134900
v 4.340770 23.247100 -1.134900
v 1.808020 19.495700 0.315325
v 1.898370 19.379200 0.315325
v 1.087680 18.899800 0.433429
v 0.636827 23.041000 -0.386788
v 0.524503 22.151900 -0.095594
v 0.319042 23.071000 -0.386788
v -6.446970 22.091400 -1.588870
v -5.967520 21.280700 -1.134900
v -6.691140 21.678500 -1.588870
v 5.945460 17.625900 -0.733680
v 5.910240 17.253400 -0.733680
v 3.112000 16.988800 0.138751
v 4.597490 15.836600 -0.386788
v 4.452570 15.552200 -0.386788
v 5.220350 15.130100 -0.733680
v 8.414610 18.529400 -2.093790
v 6.689240 16.724000 -1.134900
v 5.851700 16.883700 -0.733680
v 3.251090 24.908900 -1.588870
v 2.899500 24.161700 -1.134900
v 2.506880 24.331600 -1.134900
v 5.109770 27.294600 -3.893400
v 4.778840 26.692700 -3.248330
v 3.915030 21.238800 -0.386788
v 4.110670 20.986600 -0.386788
v 3.385630 20.459800 -0.095594
v 6.595910 19.693500 -1.134900
v 5.851700 19.116300 -0.733680
v 5.770060 19.481500 -0.733680
v 4.661670 22.964200 -1.134900
v 0.427594 24.796400 -1.134900
v 0.746637 23.910200 -0.733680
v 0.374057 23.945500 -0.733680
v 4.921440 19.263600 -0.386788
v 5.910240 18.746600 -0.733680
v 5.945460 18.374100 -0.733680
v 5.071040 18.319000 -0.386788
v 1.293190 21.980000 -0.095594
v 1.540550 21.891000 -0.095594
v 1.011150 21.112000 0.138751
v 0.000000 22.184900 -0.095594
v -0.262770 22.176600 -0.095594
v -0.319042 23.071000 -0.386788
v -1.856850 32.698500 -12.153500
v -1.834720 32.523300 -11.227900
v -2.743030 32.379500 -11.227900
v -0.778992 30.381700 -6.068750
v -1.618190 30.809300 -6.864380
v 1.276040 24.689200 -1.134900
v 1.116270 23.851700 -0.733680
v -5.195420 31.122100 -9.418930
v -5.861410 30.456100 -8.542780
v -6.009110 30.770000 -9.418930
v -10.036800 25.292200 -6.068750
v -10.474900 24.647600 -6.068750
v -7.643240 24.323000 -3.248330
v -8.025190 23.830600 -3.248330
v -10.523000 19.329400 -3.893400
v 2.647220 16.076700 0.138751
v -2.328010 18.294100 0.315325
v -3.478230 14.296100 -0.386788
v -0.680055 19.237000 0.433429
v -0.756386 19.191900 0.433429
v 0.999098 20.123200 0.315325
v 1.130440 20.056300 0.315325
v 0.680055 19.237000 0.433429
v -1.871650 32.815700 -13.088400
v -4.578190 32.090200 -16.846500
v 2.809330 32.727000 -14.971200
v 8.091640 29.137200 -8.542780
v 7.376360 29.623300 -8.542780
v 0.000000 32.638800 -11.227900
v 0.000000 32.404400 -10.315100
v -0.904460 32.376000 -10.315100
v 1.834720 32.523300 -17.772100
v 7.194230 31.086300 -13.088400
v 7.137340 30.982800 -12.153500
v 8.777650 30.081400 -15.911600
v 12.308400 16.445100 -6.068750
v 11.162900 16.589800 -4.580320
v 12.505500 21.210900 -6.864380
v 12.016400 21.085300 -6.068750
v 14.698500 19.856900 -12.153500
v 14.609900 18.919200 -11.227900
v 14.290800 19.805400 -10.315100
v 12.186500 20.324700 -6.068750
v 11.758900 19.485500 -5.306390
v 11.642400 20.220900 -5.306390
v 10.386300 23.709900 -5.306390
v 9.859910 23.420500 -4.580320
v 11.828900 18.744200 -5.306390
v 11.229500 18.706500 -4.580320
v 11.162900 19.410200 -4.580320
v 10.273400 20.637800 -3.893400
v 12.308400 19.554900 -6.068750
v 12.381700 18.779000 -6.068750
v 12.809300 19.618200 -6.864380
v 11.480000 20.947600 -5.306390
v 11.272200 21.662600 -5.306390
v 9.043740 26.492600 -6.068750
v 8.229860 27.948200 -6.864380
v 8.838280 27.411800 -6.864380
v 11.098800 27.181700 -10.315100
v -1.243270 27.841500 -3.248330
v 2.359540 25.261900 -1.588870
v 2.104360 24.476600 -1.134900
v 1.898900 25.395700 -1.588870
v 3.423540 31.333800 -8.542780
v 2.579550 31.522500 -8.542780
v 2.947550 29.480000 -5.306390
v 2.798170 28.898200 -4.580320
v 2.108350 29.052400 -4.580320
v 2.637750 28.273400 -3.893400
v 2.466920 27.608000 -3.248330
v 1.858760 27.744000 -3.248330
v 2.504370 31.128400 -7.690140
v 5.403870 25.437800 -2.647670
v 7.643240 24.323000 -3.248330
v 7.588970 28.445300 -6.864380
v 2.840980 26.743600 -2.647670
v 2.605400 26.018600 -2.093790
v 2.286360 26.904800 -2.647670
v 1.768850 32.001900 -9.418930
v 1.725380 31.657800 -8.542780
v 1.675090 31.259700 -7.690140
v 0.810696 30.885700 -6.864380
v 5.690580 30.093100 -7.690140
v 5.497290 29.682300 -6.864380
v 5.861410 30.456100 -8.542780
v 6.631970 30.063500 -8.542780
v 8.519230 28.298000 -7.690140
v 9.331090 29.279400 -11.227900
v 8.492630 27.043700 -6.068750
v 8.113470 26.640000 -5.306390
v 9.181710 29.098800 -10.315100
v 10.020900 28.671200 -11.227900
v 8.812430 30.129300 -14.971200
v 9.556640 29.552000 -14.028800
v 8.812430 30.129300 -14.028800
v 9.121110 19.152300 -2.647670
v 9.030760 19.722700 -2.647670
v 5.860220 25.083800 -2.647670
v 7.083790 23.860200 -2.647670
v 8.375460 23.315200 -3.248330
v 11.225500 23.282300 -6.068750
v 10.901200 24.918100 -6.864380
v 10.445300 25.589000 -6.864380
v 14.376000 17.095500 -18.684900
v 13.365100 18.000000 -21.309900
v 13.338700 18.839200 -21.309900
v 14.290800 19.805400 -18.684900
v 14.001900 19.768900 -19.581100
v 11.098800 27.181700 -18.684900
v 10.036800 25.292200 -22.931300
v 9.559150 25.908000 -22.931300
v 13.922300 22.523600 -17.772100
v 13.699400 22.451200 -18.684900
v 13.092500 22.254000 -20.457200
v 12.799600 23.067700 -20.457200
v 5.497290 29.682300 -22.135600
v 7.292190 28.036800 -22.931300
v 7.588970 28.445300 -22.135600
v 6.647580 28.474900 -22.931300
v 6.613560 27.102800 -24.419700
v 6.966620 27.588700 -23.693600
v 6.350790 28.007200 -23.693600
v 6.133100 31.033500 -18.684900
v 5.302620 31.392900 -18.684900
v 4.920020 30.426600 -21.309900
v 8.001730 30.608700 -15.911600
v 7.376360 29.623300 -20.457200
v 7.222740 31.138100 -14.028800
v 8.466700 29.653400 -18.684900
v 10.671200 28.020900 -17.772100
v 10.500400 27.860500 -18.684900
v 9.860490 28.500400 -10.315100
v 14.668900 20.798200 -13.088400
v 12.828000 25.052300 -11.227900
v 13.033500 24.133100 -10.315100
v 12.885700 18.810700 -6.864380
v 11.415400 27.443600 -12.153500
v -4.991070 17.047900 -0.386788
v -5.770060 16.518500 -0.733680
v -5.851700 16.883700 -0.733680
v -5.945460 18.374100 -0.733680
v -6.809860 18.000000 -1.134900
v -7.620550 17.520600 -1.588870
v -7.635620 18.000000 -1.588870
v -14.815700 16.128300 -13.088400
v -14.874400 16.120900 -14.028800
v -14.786100 17.069700 -12.153500
v -13.939800 12.480900 -14.028800
v -14.258800 13.367000 -14.028800
v -14.349900 14.315600 -12.153500
v -14.464300 14.286200 -13.088400
v -13.138100 10.777300 -14.971200
v -13.086300 10.805800 -15.911600
v -13.512200 11.641700 -15.911600
v -13.512200 11.641700 -13.088400
v -13.138100 10.777300 -14.028800
v -13.565700 11.616500 -14.028800
v -13.122100 12.804600 -9.418930
v -11.985800 9.291770 -12.153500
v -12.081400 9.222350 -13.088400
v -11.799000 14.166300 -6.068750
v -12.279200 14.010200 -6.864380
v -12.505500 14.789100 -6.864380
v -13.522500 15.420400 -8.542780
v -12.799600 12.932300 -8.542780
v -10.812600 10.144200 -7.690140
v -7.118740 13.482300 -2.093790
v -7.437780 12.596100 -2.647670
v -7.762420 13.073800 -2.647670
v -12.381700 17.221000 -6.068750
v -12.406200 18.000000 -6.068750
v -14.552900 15.223900 -12.153500
v -14.668900 15.201800 -13.088400
v -14.521600 14.271500 -14.028800
v -11.162900 19.410200 -4.580320
v -11.828900 18.744200 -5.306390
v -13.092500 13.746000 -8.542780
v -13.259700 16.324900 -7.690140
v -14.290800 16.194600 -10.315100
v -14.874400 19.879100 -14.971200
v -14.963000 18.941400 -14.971200
v -14.552900 20.776100 -16.846500
v -14.668900 20.798200 -15.911600
v -14.727000 20.809300 -14.971200
v -13.657800 19.725400 -20.457200
v -13.522500 20.579600 -20.457200
v -13.939800 23.519100 -14.971200
v -4.832380 19.570100 -0.386788
v -1.576370 20.867400 0.138751
v -1.753300 20.762800 0.138751
v -2.637750 28.273400 -3.893400
v -2.466920 27.608000 -3.248330
v -3.065350 27.434200 -3.248330
v -0.205460 21.265700 0.138751
v -0.524503 22.151900 -0.095594
v -12.945200 21.323800 -7.690140
v -12.381700 18.779000 -6.068750
v -12.505500 21.210900 -6.864380
v -12.016400 21.085300 -6.068750
v -11.535000 22.567000 -6.068750
v -10.607100 26.775000 -8.542780
v -11.137200 26.091600 -8.542780
v -13.699400 22.451200 -10.315100
v -13.610800 23.388900 -11.227900
v -12.359900 25.843800 -11.227900
v -12.162000 25.718300 -10.315100
v -11.916200 25.562200 -9.418930
v -12.622700 24.939400 -10.315100
v -10.418700 19.987500 -3.893400
v -9.743970 19.858800 -3.248330
v -12.509000 25.938400 -16.846500
v -11.162900 19.410200 -24.419700
v -11.758900 19.485500 -23.693600
v -12.381700 18.779000 -22.931300
v -12.809300 19.618200 -22.135600
v -12.885700 18.810700 -22.135600
v -14.290800 19.805400 -18.684900
v -10.671200 28.020900 -17.772100
v -11.279400 27.331100 -17.772100
v -13.122100 23.195400 -19.581100
v -13.774900 23.453900 -16.846500
v -10.500400 27.860500 -18.684900
v -11.098800 27.181700 -18.684900
v -12.129300 26.812400 -14.028800
v -12.081400 26.777600 -13.088400
v -9.556640 29.552000 -14.028800
v -9.518930 29.506400 -13.088400
v -10.263100 28.929100 -14.028800
v -10.222600 28.886000 -13.088400
v -11.985800 26.708200 -12.153500
v -11.098800 27.181700 -10.315100
v -11.653400 26.466700 -10.315100
v -11.843000 26.604400 -11.227900
v -13.033500 24.133100 -10.315100
v -12.770000 24.009100 -9.418930
v -9.294640 12.890200 -25.106600
v -9.597140 13.483900 -25.106600
v -9.859910 12.579500 -24.419700
v -13.669800 21.509800 -19.581100
v -10.418700 19.987500 -25.106600
v -10.273400 20.637800 -25.106600
v -11.052400 20.108400 -24.419700
v -10.898200 20.798200 -24.419700
v -11.480000 20.947600 -23.693600
v -8.172530 24.760900 -25.106600
v -8.669560 25.172100 -24.419700
v -9.223080 21.651700 -25.751700
v -9.861770 21.904500 -25.106600
v -14.992600 18.000000 -14.971200
v -4.778840 26.692700 -25.751700
v -3.651680 27.223100 -25.751700
v -6.028940 27.500100 -24.419700
v -4.955760 24.821000 -26.906200
v -5.403870 25.437800 -26.352300
v -5.860220 25.083800 -26.352300
v -4.867130 23.883300 -27.411100
v -5.374280 24.496400 -26.906200
v -4.597490 20.163400 -28.613200
v -5.390250 20.536500 -28.266300
v -5.538880 20.193000 -28.266300
v -9.434170 21.065300 -25.751700
v -8.166370 20.096800 -26.906200
v -3.890990 19.540600 -28.904400
v -4.724260 19.870500 -28.613200
v -9.102790 24.613600 -24.419700
v -6.701850 24.293500 -26.352300
v -7.231130 24.790500 -25.751700
v -10.445300 25.589000 -22.135600
v -11.799000 21.833700 -22.931300
v -12.016400 21.085300 -22.931300
v -11.535000 22.567000 -22.931300
v -11.682300 23.497300 -22.135600
v -6.799090 5.632500 -19.581100
v -0.904460 3.624020 -18.684900
v -5.497360 4.115250 -15.911600
v -5.453880 4.225060 -16.846500
v -6.308060 4.594690 -16.846500
v -5.067720 5.200400 -20.457200
v -5.388880 4.389230 -17.772100
v -5.302620 4.607120 -18.684900
v -6.232880 4.754460 -17.772100
v -12.004500 13.247100 -22.135600
v -8.604440 6.157000 -17.772100
v -7.137340 5.017230 -16.846500
v -7.194230 4.913740 -15.911600
v -4.451210 4.300600 -18.684900
v -8.777650 5.918600 -13.088400
v -13.939800 12.480900 -14.971200
v -9.860490 7.499640 -18.684900
v -10.886000 7.777360 -13.088400
v -13.657800 16.274600 -20.457200
v -13.338700 17.160800 -21.309900
v -12.004500 22.752900 -22.135600
v -12.279200 21.989800 -22.135600
v -8.519230 7.702010 -21.309900
v -8.838280 8.588190 -22.135600
v -9.149040 8.257260 -21.309900
v -6.918130 7.098770 -22.135600
v -7.588970 7.554680 -22.135600
v -12.509000 10.061600 -16.846500
v -12.828000 10.947700 -17.772100
v -12.982800 10.862700 -16.846500
v -14.178800 14.359500 -17.772100
v -13.951900 14.417800 -18.684900
v -14.379500 15.257000 -17.772100
v -7.643240 11.677000 -25.751700
v -6.028940 8.499900 -24.419700
v -5.683300 9.044550 -25.106600
v -6.234400 9.419080 -25.106600
v -8.639970 9.886520 -23.693600
v -9.043740 9.507370 -22.931300
v -2.108350 6.947630 -24.419700
v -2.798170 7.101830 -24.419700
v -5.830640 9.974810 -25.751700
v -5.403870 10.562200 -26.352300
v -6.323040 10.356800 -25.751700
v -8.375460 12.684800 -3.248330
v -9.294640 12.890200 -3.893400
v -1.142030 18.829700 0.433429
v -0.381177 18.276900 0.492598
v -1.191870 18.756400 0.433429
v 0.088636 16.591200 0.433429
v 0.147339 15.658100 0.315325
v 2.346520 18.000000 0.315325
v 1.411620 18.000000 0.433429
v -0.829732 16.858000 0.433429
v 0.173446 17.561900 0.492598
v 0.519653 16.687500 0.433429
v 0.145597 17.551900 0.492598
v 3.533400 15.757600 -0.095594
v 4.290090 15.277400 -0.386788
v -6.446970 13.908600 -1.588870
v -7.388360 13.938200 -2.093790
v -8.743640 15.159000 -2.647670
v -8.548000 14.615600 -2.647670
v -9.030760 16.277300 -2.647670
v -8.904770 15.713600 -2.647670
v -10.461500 13.858000 -4.580320
v -11.020000 13.636900 -5.306390
v -9.102790 11.386400 -4.580320
v -10.007200 11.649200 -5.306390
v -8.166370 15.903200 -2.093790
v -5.770060 19.481500 -0.733680
v -6.595910 19.693500 -1.134900
v -5.851700 19.116300 -0.733680
v -6.161740 20.899500 -1.134900
v -1.579860 26.281900 -2.093790
v -9.597140 22.516100 -3.893400
v -11.480000 20.947600 -5.306390
v -11.052400 20.108400 -4.580320
v -3.684420 3.650130 -16.846500
v -3.640510 3.821150 -17.772100
v -4.578190 3.909790 -16.846500
v -6.383540 4.434290 -14.028800
v -0.937677 3.096040 -15.911600
v 0.941393 3.036990 -14.028800
v 0.930262 3.213910 -16.846500
v 0.904460 3.624020 -18.684900
v 0.000000 3.886790 -19.581100
v 0.000000 3.595590 -18.684900
v 4.614680 3.797460 -15.911600
v 0.374057 12.054500 -28.266300
v 0.319042 12.929000 -28.613200
v 0.000000 12.042800 -28.266300
v 0.784165 13.889300 -28.904400
v -4.832380 19.570100 -28.613200
v -5.665650 19.840900 -28.266300
v -0.264512 16.613400 -29.433400
v -0.117172 17.543600 -29.492600
v -0.351056 16.632700 -29.433400
v -2.647220 16.076700 -29.138800
v -1.981230 16.742700 -29.315300
v -2.762770 16.246700 -29.138800
v -2.867400 16.423600 -29.138800
v -3.533400 15.757600 -28.904400
v -8.281910 16.420100 -26.906200
v -9.121110 16.847700 -26.352300
v -9.900100 17.377100 -25.751700
v -9.193610 18.000000 -26.352300
v -9.919680 18.000000 -25.751700
v -0.999098 15.876800 -29.315300
v -0.680055 16.763000 -29.433400
v -1.130440 15.943700 -29.315300
v -4.053390 16.959300 -28.904400
v -4.110740 17.215800 -28.904400
v -4.920020 5.573450 -21.309900
v -4.752900 5.995530 -22.135600
v -5.690580 5.906900 -21.309900
v -9.411810 9.161720 -22.135600
v -11.843000 9.395560 -17.772100
v -12.359900 10.156200 -17.772100
v -3.904550 8.138230 -25.106600
v -6.613560 8.897210 -24.419700
v -6.701850 11.706500 -26.352300
v -6.146120 12.228400 -26.906200
v -7.083790 12.139800 -26.352300
v -3.277620 7.912520 -25.106600
v -1.554910 5.691620 -22.931300
v -5.046470 7.275690 -23.693600
v -5.420530 8.140090 -24.419700
v -0.886175 3.914640 -19.581100
v 3.509810 4.330180 -19.581100
v -0.665994 7.414330 -25.106600
v 1.410210 6.837060 -24.419700
v 1.329360 7.477030 -25.106600
v 10.445300 10.411000 -22.135600
v 10.474900 11.352400 -22.931300
v 10.036800 10.707800 -22.931300
v 9.948200 9.770130 -22.135600
v 9.559150 10.092000 -22.931300
v 8.229860 8.051800 -22.135600
v 5.109770 8.705360 -25.106600
v 4.516070 8.402860 -25.106600
v 9.132370 10.445000 -23.693600
v 3.989760 5.720790 -22.135600
v 6.219980 6.685890 -22.135600
v 5.497290 6.317660 -22.135600
v 7.554960 8.867630 -23.693600
v 7.172080 9.330440 -24.419700
v 7.231130 11.209500 -25.751700
v 6.701850 11.706500 -26.352300
v 5.709900 7.613730 -23.693600
v 4.955760 11.179000 -26.906200
v 0.000000 9.568750 -26.906200
v 0.000000 10.364400 -27.411100
v -0.479445 10.379400 -27.411100
v 2.104360 11.523400 -27.865100
v 1.840880 12.334300 -28.266300
v 0.613139 14.785800 -29.138800
v 0.813750 14.830700 -29.138800
v 0.439692 15.695000 -29.315300
v 6.760900 9.827470 -25.106600
v 7.260720 10.268100 -25.106600
v 6.323040 10.356800 -25.751700
v 2.193000 12.461100 -28.266300
v 1.870470 13.275700 -28.613200
v 1.570140 13.167600 -28.613200
v 2.286360 9.095230 -26.352300
v 2.096770 9.833630 -26.906200
v -4.363130 6.979990 -23.693600
v -6.966620 8.411270 -23.693600
v 13.939800 12.480900 -14.971200
v 13.512200 11.641700 -15.911600
v 12.828000 10.947700 -17.772100
v 14.815700 16.128300 -15.911600
v 14.786100 17.069700 -16.846500
v 14.698500 16.143100 -16.846500
v 12.129300 9.187570 -14.028800
v 11.552000 8.443360 -14.028800
v 12.509000 10.061600 -12.153500
v 9.149040 8.257260 -21.309900
v 12.359900 25.843800 -17.772100
v 9.661160 28.288100 -19.581100
v 11.653400 26.466700 -18.684900
v 12.063500 24.632000 -20.457200
v 11.284500 25.161400 -21.309900
v 8.975590 22.223600 -25.751700
v 13.422500 22.361200 -19.581100
v 13.122100 23.195400 -19.581100
v 9.132370 25.555000 -23.693600
v 8.639970 26.113500 -23.693600
v 11.225500 23.282300 -22.931300
v 10.901200 24.918100 -22.135600
v 8.025190 23.830600 -25.751700
v 6.446970 22.091400 -27.411100
v 11.229500 17.293500 -24.419700
v 11.251700 18.000000 -24.419700
v 13.657800 19.725400 -20.457200
v 13.259700 19.675100 -21.309900
v 13.259700 16.324900 -21.309900
v 11.272200 14.337400 -23.693600
v 10.461500 13.858000 -24.419700
v 12.682400 15.580700 -22.135600
v 12.186500 15.675300 -22.931300
v 8.364770 19.056700 -26.906200
v 9.121110 19.152300 -26.352300
v 9.175460 18.577300 -26.352300
v 8.414610 18.529400 -26.906200
v 6.689240 19.276000 -27.865100
v 6.595910 19.693500 -27.865100
v 8.056420 22.429100 -26.352300
v 8.692680 22.778800 -25.751700
v 7.762420 22.926200 -26.352300
v 5.226940 23.566100 -27.411100
v 5.771590 24.146100 -26.906200
v 4.867130 23.883300 -27.411100
v 5.041000 18.636800 -28.613200
v 4.151870 18.524500 -28.904400
v 9.294640 23.109800 -25.106600
v 8.318620 21.914400 -26.352300
v 11.272200 21.662600 -23.693600
v 11.020000 22.363100 -23.693600
v 5.976740 28.871600 -22.931300
v 9.030760 19.722700 -26.352300
v 0.784165 22.110700 -28.904400
v 0.524503 22.151900 -28.904400
v 6.476560 15.895600 -27.865100
v 9.743970 16.141200 -25.751700
v 9.608030 15.533100 -25.751700
v 7.099420 15.189100 -27.411100
v 1.386620 17.735500 -29.433400
v 1.400490 17.823100 -29.433400
v 0.462815 17.911700 -29.492600
v 4.452570 15.552200 -28.613200
v 3.786580 16.218200 -28.904400
v 3.667230 15.983900 -28.904400
v 4.597490 15.836600 -28.613200
v 2.163410 13.402500 -28.613200
v 5.315230 9.624540 -25.751700
v 4.778840 9.307320 -25.751700
v 0.000000 12.918900 -28.613200
v -0.746637 12.089800 -28.266300
v -0.952097 13.008900 -28.613200
v -1.116270 12.148300 -28.266300
v -1.481500 12.229900 -28.266300
v -1.263610 13.078600 -28.613200
v -1.840880 12.334300 -28.266300
v 2.016070 14.332800 -28.904400
v 2.242360 14.466600 -28.904400
v 1.576370 15.132600 -29.138800
v 7.839180 14.896200 -26.906200
v 6.331650 15.493100 -27.865100
v 11.480000 15.052400 -23.693600
v 10.898200 15.201800 -24.419700
v 6.177350 13.511900 -27.411100
v 5.749750 14.351100 -27.865100
v 5.509290 13.997300 -27.865100
v 4.517690 10.881300 -26.906200
v 4.091370 11.553000 -27.411100
v 2.722570 13.709900 -28.613200
v 4.061790 10.611600 -26.906200
v -2.163410 13.402500 -28.613200
v -1.781830 14.213400 -28.904400
v -2.447820 13.547400 -28.613200
v 2.447820 13.547400 -28.613200
v 7.731880 10.739300 -25.106600
v 7.702300 9.797890 -24.419700
v 10.901200 11.081900 -22.135600
v 6.689240 16.724000 -27.865100
v 5.910240 17.253400 -28.266300
v 5.851700 16.883700 -28.266300
v 13.122100 12.804600 -19.581100
v 0.000000 20.346500 -29.315300
v 0.000000 21.272100 -29.138800
v -0.205460 21.265700 -29.138800
v -0.147339 20.341900 -29.315300
v -0.410109 21.246300 -29.138800
v 2.864740 21.050600 -28.904400
v 3.478230 21.703900 -28.613200
v 2.667530 21.224500 -28.904400
v 1.923320 15.352800 -29.138800
v -5.041000 18.636800 -28.613200
v -4.991070 18.952100 -28.613200
v -5.910240 18.746600 -28.266300
v -3.385630 20.459800 -28.904400
v -3.224490 20.667500 -28.904400
v -3.915030 21.238800 -28.613200
v -2.447820 22.452600 -28.613200
v -2.869910 23.220300 -28.266300
v -3.192040 23.029800 -28.266300
v -2.986580 22.110700 -28.613200
v -4.091370 24.447000 -27.411100
v -4.517690 25.118700 -26.906200
v -4.342620 22.078000 -28.266300
v -2.242360 21.533400 -28.904400
v -2.722570 22.290100 -28.613200
v -1.606300 19.710500 -29.315300
v -1.495730 19.808000 -29.315300
v -2.085750 20.521200 -29.138800
v -2.521230 20.085700 -29.138800
v -2.385290 20.239900 -29.138800
v -3.050640 20.864700 -28.904400
v -0.294096 20.328000 -29.315300
v -0.439692 20.305000 -29.315300
v 2.466920 27.608000 -25.751700
v 2.637750 28.273400 -25.106600
v 0.622861 27.900100 -25.751700
v 0.577271 27.175500 -26.352300
v 3.904550 27.861800 -25.106600
v 4.142010 28.461500 -24.419700
v 3.476960 28.701000 -24.419700
v 4.523620 31.922300 -17.772100
v 3.640510 32.178800 -17.772100
v 5.519140 31.939800 -14.971200
v 3.684420 32.349900 -16.846500
v 0.937677 32.904000 -15.911600
v -5.453880 31.774900 -12.153500
v -3.713790 32.464300 -15.911600
v -4.614680 32.202500 -15.911600
v -4.523620 31.922300 -11.227900
v -2.699120 32.149300 -18.684900
v 1.725380 31.657800 -20.457200
v 1.675090 31.259700 -21.309900
v 0.706497 29.229500 -24.419700
v -2.359540 25.261900 -27.411100
v -1.898900 25.395700 -27.411100
v -2.605400 26.018600 -26.906200
v 0.839201 31.338700 -21.309900
v 0.904460 32.376000 -18.684900
v 0.000000 32.404400 -18.684900
v -5.195420 31.122100 -19.581100
v -5.861410 30.456100 -20.457200
v -4.523620 31.922300 -17.772100
v -8.001730 30.608700 -13.088400
v -8.777650 30.081400 -13.088400
v -3.509810 31.669800 -9.418930
v -3.423540 31.333800 -8.542780
v -4.361220 31.422500 -9.418930
v -11.417800 26.295500 -19.581100
v -5.302620 31.392900 -18.684900
v -5.388880 31.610800 -17.772100
v -6.232880 31.245500 -17.772100
v -11.653400 26.466700 -18.684900
v -11.843000 26.604400 -17.772100
v -6.438680 29.711900 -21.309900
v 0.000000 26.431300 -26.906200
v -3.423540 31.333800 -20.457200
v -6.966620 27.588700 -23.693600
v -2.193000 23.538900 -28.266300
v -1.693540 24.595900 -27.865100
v -2.104360 24.476600 -27.865100
v 1.276040 24.689200 -27.865100
v 0.853501 24.756200 -27.865100
v 2.447820 22.452600 -28.613200
v 2.163410 22.597500 -28.613200
v 3.678490 24.691100 -27.411100
v 5.566130 23.226900 -27.411100
v 4.964170 22.661700 -27.865100
v 1.693540 24.595900 -27.865100
v 3.915030 21.238800 -28.613200
v 4.590120 21.797300 -28.266300
v 3.703940 21.478200 -28.613200
v 14.552900 20.776100 -16.846500
v 14.815700 19.871700 -13.088400
v 8.692680 13.221200 -3.248330
v 8.056420 13.570900 -2.647670
v 8.318620 14.085600 -2.647670
v 11.314100 11.780000 -6.864380
v 10.901200 11.081900 -6.864380
v 11.272200 14.337400 -5.306390
v 12.682400 15.580700 -6.864380
v 13.128400 20.504400 -7.690140
v 13.699400 13.548800 -10.315100
v 14.001900 16.231100 -9.418930
v 13.863200 15.355400 -9.418930
v 13.739200 17.135600 -8.542780
v 13.657800 16.274600 -8.542780
v 13.522500 15.420400 -8.542780
v 13.669800 14.490200 -9.418930
v 14.727000 15.190700 -14.971200
v 14.668900 15.201800 -15.911600
v 14.521600 14.271500 -14.971200
v 14.523300 16.165300 -17.772100
v 14.290800 16.194600 -18.684900
v 13.392900 12.697400 -10.315100
v 14.552900 15.223900 -12.153500
v 14.202500 13.385300 -15.911600
v 14.464300 14.286200 -15.911600
v 6.133100 4.966500 -18.684900
v 6.009110 5.229980 -19.581100
v 5.497360 4.115250 -15.911600
v 6.939370 5.377320 -18.684900
v 6.358340 4.487830 -13.088400
v 1.805350 3.709180 -18.684900
v 10.886000 7.777360 -13.088400
v 10.929100 7.736860 -14.028800
v -1.871650 3.184320 -13.088400
v 12.063500 11.368000 -8.542780
v 12.367500 11.200900 -9.418930
v 11.916200 10.437800 -9.418930
v 2.722570 22.290100 -0.386788
v 2.986580 22.110700 -0.386788
v 2.459800 21.385600 -0.095594
v 1.753300 20.762800 0.138751
v 1.257330 19.981200 0.315325
v 2.304950 17.560300 0.315325
v 2.304950 18.439700 0.315325
v 2.272800 18.583600 0.315325
v 6.796420 18.427600 -1.134900
v 4.452570 20.447800 -0.386788
v 4.991070 18.952100 -0.386788
v 2.960730 19.393200 0.138751
v 3.042370 19.204600 0.138751
v 2.123190 18.999100 0.315325
v 7.261910 20.359500 -1.588870
v 6.331650 20.506900 -1.134900
v 6.689240 19.276000 -1.134900
v -3.214190 18.613100 0.138751
v -2.304950 18.439700 0.315325
v 5.041000 17.363200 -0.386788
v 4.991070 17.047900 -0.386788
v 4.151870 17.475500 -0.095594
v 4.110670 15.013400 -0.386788
v 3.915030 14.761200 -0.386788
v 4.724260 16.129500 -0.386788
v 3.384390 26.548000 -2.647670
v 3.103750 25.839200 -2.093790
v 4.867130 23.883300 -1.588870
v 5.226940 23.566100 -1.588870
v 1.693540 24.595900 -1.134900
v 1.840880 23.665700 -0.733680
v 1.481500 23.770100 -0.733680
v 3.678490 24.691100 -1.588870
v 4.290090 20.722600 -0.386788
v 4.342620 22.078000 -0.733680
v 4.964170 22.661700 -1.134900
v 0.952097 22.991100 -0.386788
v 0.853501 24.756200 -1.134900
v 2.869910 23.220300 -0.733680
v 1.430770 25.500400 -1.588870
v 3.890990 19.540600 -0.095594
v 3.112000 19.011200 0.138751
v 2.181740 18.863800 0.315325
v 0.583554 20.272800 0.315325
v 0.351056 19.367300 0.433429
v 0.264512 19.386600 0.433429
v 0.613139 21.214200 0.138751
v 0.439692 20.305000 0.315325
v 0.410109 21.246300 0.138751
v 2.699120 32.149300 -10.315100
v 1.805350 32.290800 -10.315100
v 0.778992 30.381700 -6.068750
v 0.000000 30.911100 -6.864380
v 0.000000 32.113200 -9.418930
v 0.904460 32.376000 -10.315100
v -2.504370 31.128400 -7.690140
v -8.519230 28.298000 -7.690140
v -8.229860 27.948200 -6.864380
v -8.838280 27.411800 -6.864380
v -3.323760 30.945200 -7.690140
v -4.130040 30.711000 -7.690140
v -4.254030 31.092500 -8.542780
v -5.497290 29.682300 -6.864380
v -5.282310 29.225500 -6.068750
v -6.219980 29.314100 -6.864380
v -0.577271 27.175500 -2.647670
v 0.000000 31.365100 -7.690140
v -7.731880 25.260700 -3.893400
v -7.702300 26.202100 -4.580320
v -7.260720 25.731900 -3.893400
v -8.202110 25.702300 -4.580320
v -6.146120 23.771600 -2.093790
v -5.883350 22.867100 -1.588870
v -6.496390 23.374300 -2.093790
v -8.580920 24.234400 -3.893400
v -9.861770 21.904500 -3.893400
v -10.087500 21.277600 -3.893400
v -10.701000 21.477000 -4.580320
v -9.102790 24.613600 -4.580320
v -10.386300 23.709900 -5.306390
v -10.871600 23.976700 -6.068750
v -0.426319 18.200600 0.492598
v -0.438074 18.173400 0.492598
v -0.276941 18.381200 0.492598
v -0.300329 18.363000 0.492598
v 2.056270 16.869600 0.315325
v 1.981230 16.742700 0.315325
v 1.237020 17.319900 0.433429
v 2.231670 18.725100 0.315325
v 1.312500 18.519700 0.433429
v -4.340770 23.247100 -1.134900
v -4.488100 24.177300 -1.588870
v -2.181740 18.863800 0.315325
v -3.042370 19.204600 0.138751
v 0.294096 15.672000 0.315325
v 0.439692 15.695000 0.315325
v -0.147339 20.341900 0.315325
v -0.294096 20.328000 0.315325
v -0.410109 21.246300 0.138751
v -0.412882 18.227000 0.492598
v -1.130440 20.056300 0.315325
v -3.582230 31.951900 -10.315100
v -6.939370 30.622700 -18.684900
v -0.930262 32.786100 -12.153500
v -0.937677 32.904000 -13.088400
v -0.919174 32.609900 -11.227900
v 0.000000 32.933400 -15.911600
v 0.000000 29.852300 -5.306390
v 0.706497 29.229500 -4.580320
v 0.000000 29.251700 -4.580320
v -1.725380 31.657800 -8.542780
v 3.713790 32.464300 -13.088400
v 2.776110 32.552900 -12.153500
v 6.358340 31.512200 -15.911600
v 7.137340 30.982800 -16.846500
v 12.406200 18.000000 -6.068750
v 11.682300 23.497300 -6.864380
v 12.682400 20.419300 -6.864380
v 9.608030 20.466900 -3.248330
v 13.245500 24.232900 -11.227900
v 4.223590 26.975600 -3.248330
v 3.476960 28.701000 -4.580320
v 1.152260 27.121100 -2.647670
v 1.579860 26.281900 -2.093790
v 1.056720 26.364800 -2.093790
v 0.000000 26.431300 -2.093790
v 3.210870 30.505500 -6.864380
v 3.085300 30.016400 -6.068750
v 4.955760 24.821000 -2.093790
v 4.488100 24.177300 -1.588870
v 4.091370 24.447000 -1.588870
v 7.231130 24.790500 -3.248330
v 7.260720 25.731900 -3.893400
v 7.731880 25.260700 -3.893400
v 6.790490 25.231100 -3.248330
v 8.202110 25.702300 -4.580320
v 7.702300 26.202100 -4.580320
v 5.976740 28.871600 -6.068750
v 5.709900 28.386300 -5.306390
v 5.420530 27.859900 -4.580320
v 9.149040 27.742700 -7.690140
v 7.855810 28.812600 -7.690140
v 4.920020 30.426600 -7.690140
v 4.130040 30.711000 -7.690140
v 8.774980 28.607100 -8.542780
v 6.383540 31.565700 -14.028800
v 6.232880 31.245500 -11.227900
v 6.009110 30.770000 -9.418930
v 6.756160 17.146500 -1.134900
v 11.052400 15.891600 -4.580320
v 7.762420 22.926200 -2.647670
v 8.692680 22.778800 -3.248330
v 11.758900 16.514500 -5.306390
v 11.642400 15.779100 -5.306390
v 8.318620 21.914400 -2.647670
v 13.333800 14.576500 -20.457200
v 13.522500 15.420400 -20.457200
v 11.623300 25.376400 -20.457200
v 11.137200 26.091600 -20.457200
v 12.456100 23.861400 -20.457200
v 12.426600 22.920000 -21.309900
v 2.798170 28.898200 -24.419700
v 8.229860 27.948200 -22.135600
v 9.742740 27.149000 -21.309900
v 4.451210 31.699400 -18.684900
v 6.383540 31.565700 -14.971200
v 4.578190 32.090200 -16.846500
v 5.195420 31.122100 -19.581100
v 7.718270 30.162000 -18.684900
v 6.799090 30.367500 -19.581100
v 6.939370 30.622700 -18.684900
v 14.521600 21.728500 -14.028800
v 13.565700 24.383500 -14.971200
v 14.464300 21.713800 -13.088400
v 14.552900 20.776100 -12.153500
v 14.349900 21.684400 -12.153500
v -4.452570 15.552200 -0.386788
v -4.290090 15.277400 -0.386788
v -5.029850 14.808000 -0.733680
v -4.819490 14.498400 -0.733680
v -5.749750 14.351100 -1.134900
v -5.665650 16.159100 -0.733680
v -6.595910 16.306500 -1.134900
v -6.756160 17.146500 -1.134900
v -5.220350 15.130100 -0.733680
v -6.331650 15.493100 -1.134900
v -6.908920 14.748900 -1.588870
v -1.408840 17.911400 0.433429
v -14.727000 15.190700 -14.028800
v -14.874400 16.120900 -14.971200
v -14.521600 14.271500 -14.971200
v -12.982800 10.862700 -12.153500
v -14.090200 13.421800 -16.846500
v -14.349900 14.315600 -16.846500
v -14.464300 14.286200 -15.911600
v -11.417800 9.704460 -9.418930
v -11.843000 9.395560 -11.227900
v -11.711900 11.561300 -7.690140
v -11.535000 13.433000 -6.068750
v -12.456100 12.138600 -8.542780
v -10.445300 10.411000 -6.864380
v -11.642400 15.779100 -5.306390
v -12.186500 15.675300 -6.068750
v -12.016400 14.914700 -6.068750
v -13.565700 11.616500 -14.971200
v -12.308400 16.445100 -6.068750
v -14.992600 18.000000 -14.028800
v -3.980040 19.293200 -0.095594
v -4.921440 19.263600 -0.386788
v -6.177350 22.488100 -1.588870
v -1.808020 19.495700 0.315325
v -1.087680 18.899800 0.433429
v -0.529402 26.414600 -2.093790
v -1.152260 27.121100 -2.647670
v -4.452570 20.447800 -0.386788
v -3.786580 19.781800 -0.095594
v -4.597490 20.163400 -0.386788
v -4.061790 25.388400 -2.093790
v -4.517690 25.118700 -2.093790
v -4.926180 25.762400 -2.647670
v -1.898900 25.395700 -1.588870
v -12.885700 18.810700 -6.864380
v -11.020000 22.363100 -5.306390
v -11.272200 21.662600 -5.306390
v -11.799000 21.833700 -6.068750
v -10.461500 22.142000 -4.580320
v -13.128400 20.504400 -7.690140
v -11.417800 26.295500 -9.418930
v -12.279200 21.989800 -6.864380
v -11.985800 26.708200 -16.846500
v -12.081400 26.777600 -15.911600
v -10.886000 28.222600 -15.911600
v -10.141800 28.799900 -16.846500
v -10.222600 28.886000 -15.911600
v -10.901200 24.918100 -22.135600
v -11.916200 25.562200 -19.581100
v -12.911100 18.000000 -22.135600
v -12.279200 14.010200 -22.135600
v -12.505500 14.789100 -22.135600
v -12.711000 13.870000 -21.309900
v -12.799600 23.067700 -20.457200
v -13.512200 24.358300 -15.911600
v -12.658700 26.033400 -14.971200
v -11.552000 27.556600 -14.028800
v -10.929100 28.263100 -14.971200
v -10.929100 28.263100 -14.028800
v -11.552000 27.556600 -14.971200
v -10.500400 27.860500 -10.315100
v -11.279400 27.331100 -11.227900
v -12.456100 23.861400 -8.542780
v -5.690580 30.093100 -7.690140
v -7.562240 29.916200 -9.418930
v -8.091640 29.137200 -8.542780
v -8.295540 29.417800 -9.418930
v -10.020900 28.671200 -11.227900
v -7.620550 18.479400 -27.411100
v -8.414610 18.529400 -26.906200
v -10.701000 14.523000 -24.419700
v -10.898200 15.201800 -24.419700
v -11.480000 15.052400 -23.693600
v -9.030760 16.277300 -26.352300
v -11.799000 14.166300 -22.931300
v -12.016400 14.914700 -22.931300
v -11.052400 15.891600 -24.419700
v -11.642400 15.779100 -23.693600
v -8.375460 23.315200 -25.751700
v -8.955450 23.683300 -25.106600
v -9.500100 24.028900 -24.419700
v -14.523300 16.165300 -17.772100
v -14.609900 17.080800 -17.772100
v -7.731880 25.260700 -25.106600
v -7.388360 22.061800 -26.906200
v -4.110670 20.986600 -28.613200
v -4.590120 21.797300 -28.266300
v -5.509290 22.002700 -27.865100
v -9.608030 20.466900 -25.751700
v -9.743970 19.858800 -25.751700
v -9.175460 18.577300 -26.352300
v -10.523000 16.670600 -25.106600
v -6.177350 22.488100 -27.411100
v -8.202110 25.702300 -24.419700
v -7.702300 26.202100 -24.419700
v -10.386300 23.709900 -23.693600
v -10.812600 25.855800 -21.309900
v -12.093100 23.690600 -21.309900
v -12.505500 21.210900 -22.135600
v -12.711000 22.130000 -21.309900
v -4.523620 4.077720 -17.772100
v -2.798250 3.331080 -15.911600
v -6.133100 4.966500 -18.684900
v -11.098800 8.818290 -18.684900
v -10.874400 9.003900 -19.581100
v -9.556640 6.448000 -14.028800
v -10.263100 7.070870 -14.971200
v -12.770000 11.990900 -19.581100
v -13.122100 12.804600 -19.581100
v -13.392900 12.697400 -18.684900
v -8.229860 8.051800 -22.135600
v -9.948200 9.770130 -22.135600
v -10.445300 10.411000 -22.135600
v -10.812600 10.144200 -21.309900
v -10.901200 11.081900 -22.135600
v -11.284500 10.838600 -21.309900
v -9.559150 10.092000 -22.931300
v -6.908920 14.748900 -27.411100
v -6.331650 15.493100 -27.865100
v -7.099420 15.189100 -27.411100
v -3.050640 15.135300 -28.904400
v -3.478230 14.296100 -28.613200
v -2.864740 14.949400 -28.904400
v -3.703940 14.521800 -28.613200
v -8.025190 12.169400 -25.751700
v -10.036800 10.707800 -22.931300
v -8.001730 5.391290 -13.088400
v -2.085750 15.478800 0.138751
v -2.667530 14.775500 -0.095594
v -2.864740 14.949400 -0.095594
v 1.606300 19.710500 0.315325
v 0.966323 19.029000 0.433429
v 1.710540 19.606300 0.315325
v 2.239940 20.385300 0.138751
v 2.385290 20.239900 0.138751
v 1.277280 18.601000 0.433429
v 0.426319 18.200600 0.492598
v 0.412882 18.227000 0.492598
v 1.142030 18.829700 0.433429
v 1.576370 15.132600 0.138751
v -8.580920 11.765600 -3.893400
v -9.743970 16.141200 -3.248330
v -8.955450 12.316700 -3.893400
v -9.500100 11.971100 -4.580320
v -9.841460 16.756700 -3.248330
v -9.223080 14.348300 -3.248330
v -8.025190 12.169400 -3.248330
v -10.036800 10.707800 -6.068750
v -8.281910 19.579900 -2.093790
v -9.121110 19.152300 -2.647670
v -8.743640 20.841000 -2.647670
v -7.395730 16.101100 -1.588870
v -8.414610 17.470600 -2.093790
v -9.919680 18.000000 -3.248330
v -7.395730 19.898900 -1.588870
v -7.620550 18.479400 -1.588870
v -8.364770 19.056700 -2.093790
v -8.414610 18.529400 -2.093790
v -7.839180 21.103800 -2.093790
v -9.434170 21.065300 -3.248330
v -9.841460 19.243300 -3.248330
v -1.879070 3.125620 -14.028800
v -2.798250 3.331080 -13.088400
v -2.809330 3.272960 -14.971200
v -2.743030 3.620540 -17.772100
v -2.776110 3.447090 -16.846500
v -1.834720 3.476680 -17.772100
v 1.408840 17.911400 -29.433400
v 0.471161 18.000000 -29.492600
v 0.470231 17.970400 -29.492600
v 0.725113 15.768300 -29.315300
v 0.519653 16.687500 -29.433400
v 0.436215 16.657500 -29.433400
v 0.410109 14.753700 -29.138800
v 3.915030 14.761200 -28.613200
v 4.110670 15.013400 -28.613200
v 3.385630 15.540200 -28.904400
v -2.104360 11.523400 -27.865100
v -2.016070 14.332800 -28.904400
v -1.576370 15.132600 -29.138800
v -2.242360 14.466600 -28.904400
v -6.756160 17.146500 -27.865100
v -6.796420 17.572400 -27.865100
v -4.597490 15.836600 -28.613200
v -5.390250 15.463500 -28.266300
v -0.613139 21.214200 -29.138800
v 5.945460 18.374100 -28.266300
v 6.796420 18.427600 -27.865100
v -4.176610 17.737200 -28.904400
v -3.265690 17.794500 -29.138800
v -4.184870 18.000000 -28.904400
v -9.175460 17.422700 -26.352300
v -6.809860 18.000000 -27.865100
v -3.533400 20.242400 -28.904400
v -4.290090 20.722600 -28.613200
v -4.452570 20.447800 -28.613200
v -4.151870 18.524500 -28.904400
v -5.709900 7.613730 -23.693600
v -6.760900 9.827470 -25.106600
v -4.590120 14.202700 -28.266300
v -4.110670 15.013400 -28.613200
v -4.819490 14.498400 -28.266300
v -4.429050 9.943580 -26.352300
v -4.567030 6.465000 -22.931300
v -5.497290 6.317660 -22.135600
v -5.282310 6.774530 -22.931300
v 2.220900 6.357610 -23.693600
v 2.504370 4.871630 -21.309900
v 1.485490 6.241130 -23.693600
v 0.744213 6.171060 -23.693600
v -0.622861 8.099900 -25.751700
v 1.722710 8.969240 -26.352300
v 2.798170 7.101830 -24.419700
v 5.976740 7.128360 -22.931300
v 6.647580 7.525090 -22.931300
v 6.234400 9.419080 -25.106600
v 2.840980 9.256360 -26.352300
v 6.028940 8.499900 -24.419700
v 0.479445 10.379400 -27.411100
v 0.427594 11.203600 -27.865100
v 0.000000 11.190100 -27.865100
v -2.286360 9.095230 -26.352300
v -2.096770 9.833630 -26.906200
v 1.858760 8.256030 -25.751700
v 2.466920 8.391970 -25.751700
v -2.536460 12.609700 -28.266300
v -2.899500 11.838300 -27.865100
v -4.091370 11.553000 -27.411100
v -4.488100 11.822700 -27.411100
v -6.691140 14.321500 -27.411100
v -5.967520 14.719300 -27.865100
v 1.116270 12.148300 -28.266300
v -0.319042 12.929000 -28.613200
v 1.243270 8.158540 -25.751700
v -0.577271 8.824540 -26.352300
v -2.466920 8.391970 -25.751700
v -0.529402 9.585390 -26.906200
v 12.359900 10.156200 -17.772100
v 12.162000 10.281700 -18.684900
v 11.279400 8.668910 -17.772100
v 11.098800 8.818290 -18.684900
v 11.653400 9.533300 -18.684900
v 12.162000 25.718300 -18.684900
v 8.113470 26.640000 -23.693600
v 8.202110 25.702300 -24.419700
v 7.702300 26.202100 -24.419700
v 7.643240 24.323000 -25.751700
v 7.437780 23.403900 -26.352300
v 7.172080 26.669600 -24.419700
v 11.828900 17.255800 -23.693600
v 12.945200 14.676200 -21.309900
v 14.085400 17.113800 -19.581100
v 12.885700 18.810700 -22.135600
v 13.739200 18.864400 -20.457200
v 13.128400 15.495600 -21.309900
v 10.871600 12.023300 -22.931300
v 9.434170 14.934700 -25.751700
v 8.281910 16.420100 -26.906200
v 9.193610 18.000000 -26.352300
v 7.388360 22.061800 -26.906200
v 6.691140 21.678500 -27.411100
v 7.118740 22.517700 -26.906200
v 8.375460 23.315200 -25.751700
v 3.085300 30.016400 -22.931300
v 6.028940 27.500100 -24.419700
v 5.683300 26.955400 -25.106600
v 3.277620 28.087500 -25.106600
v 5.247080 22.340800 -27.865100
v 5.071040 18.319000 -28.613200
v 4.176610 18.262800 -28.904400
v 5.081070 18.000000 -28.613200
v 5.071040 17.681000 -28.613200
v 2.231670 17.274900 -29.315300
v 1.342530 17.563800 -29.433400
v 1.312500 17.480300 -29.433400
v 5.945460 17.625900 -28.266300
v 1.481500 12.229900 -28.266300
v 6.161740 15.100500 -27.865100
v -0.374057 12.054500 -28.266300
v -0.427594 11.203600 -27.865100
v -0.524503 13.848100 -28.904400
v -0.410109 14.753700 -29.138800
v -0.784165 13.889300 -28.904400
v 0.746637 12.089800 -28.266300
v 7.500370 16.569200 -27.411100
v 6.821020 13.044200 -26.906200
v 6.496390 12.625700 -26.906200
v 5.883350 13.132900 -27.411100
v 9.500100 11.971100 -24.419700
v 3.797270 13.409900 -28.266300
v 5.566130 12.773100 -27.411100
v 6.146120 12.228400 -26.906200
v 5.226940 12.433900 -27.411100
v 2.359540 10.738100 -27.411100
v 1.898900 10.604300 -27.411100
v 2.810860 10.900600 -27.411100
v 1.781830 14.213400 -28.904400
v 1.293190 14.020000 -28.904400
v 1.540550 14.109000 -28.904400
v 1.011150 14.888000 -29.138800
v 12.004500 13.247100 -22.135600
v 0.000000 24.809900 -27.865100
v 0.000000 23.957200 -28.266300
v 3.533400 15.757600 -28.904400
v 2.762770 16.246700 -29.138800
v 2.867400 16.423600 -29.138800
v 2.123190 17.000900 -29.315300
v 2.056270 16.869600 -29.315300
v 3.980040 16.706800 -28.904400
v 3.890990 16.459400 -28.904400
v -2.960730 19.393200 -29.138800
v -3.786580 19.781800 -28.904400
v -3.280670 23.967500 -27.865100
v -3.251090 24.908900 -27.411100
v -3.678490 24.691100 -27.411100
v -2.016070 21.667200 -28.904400
v -1.981230 19.257300 -29.315300
v -2.762770 19.753300 -29.138800
v -2.867400 19.576400 -29.138800
v -3.478230 21.703900 -28.613200
v -2.864740 21.050600 -28.904400
v -3.703940 21.478200 -28.613200
v -0.524503 22.151900 -28.904400
v -1.840880 23.665700 -28.266300
v 3.890990 19.540600 -28.904400
v 3.786580 19.781800 -28.904400
v 2.960730 19.393200 -29.138800
v 3.246350 18.410100 -29.138800
v 3.214190 18.613100 -29.138800
v 2.304950 18.439700 -29.315300
v 1.987480 28.418700 -25.106600
v -2.506880 24.331600 -27.865100
v -0.665994 28.585700 -25.106600
v 4.363130 29.020000 -23.693600
v 2.419300 30.682400 -22.135600
v 2.324690 30.186500 -22.931300
v 3.509810 31.669800 -19.581100
v 0.810696 30.885700 -22.135600
v 0.000000 32.992600 -14.028800
v 0.000000 32.933400 -13.088400
v -0.941393 32.963000 -14.028800
v -0.937677 32.904000 -15.911600
v -0.930262 32.786100 -16.846500
v -1.856850 32.698500 -16.846500
v -5.453880 31.774900 -16.846500
v -4.451210 31.699400 -18.684900
v -6.383540 31.565700 -14.971200
v -5.519140 31.939800 -14.028800
v -6.383540 31.565700 -14.028800
v -5.519140 31.939800 -14.971200
v -2.776110 32.552900 -16.846500
v 0.000000 31.365100 -21.309900
v -0.839201 31.338700 -21.309900
v 2.220900 29.642400 -23.693600
v 1.485490 29.758900 -23.693600
v 0.744213 29.828900 -23.693600
v 1.805350 32.290800 -18.684900
v -4.254030 31.092500 -20.457200
v -6.647580 28.474900 -22.931300
v -6.918130 28.901200 -22.135600
v -7.194230 31.086300 -13.088400
v -8.033440 30.658700 -14.028800
v -10.263100 28.929100 -14.971200
v -6.308060 31.405300 -12.153500
v -4.451210 31.699400 -10.315100
v -8.091640 29.137200 -20.457200
v -8.295540 29.417800 -19.581100
v -8.001730 30.608700 -15.911600
v -4.926180 25.762400 -26.352300
v -5.315230 26.375500 -25.751700
v -6.760900 26.172500 -25.106600
v -1.481500 23.770100 -28.266300
v -1.116270 23.851700 -28.266300
v -2.536460 23.390300 -28.266300
v -0.427594 24.796400 -27.865100
v -0.479445 25.620600 -27.411100
v 4.002730 23.509300 -27.865100
v 0.613139 21.214200 -29.138800
v 4.452570 20.447800 -28.613200
v 4.290090 20.722600 -28.613200
v 3.533400 20.242400 -28.904400
v 0.319042 23.071000 -28.613200
v 1.116270 23.851700 -28.266300
v 2.359540 25.261900 -27.411100
v 2.810860 25.099400 -27.411100
v 11.535000 13.433000 -6.068750
v 13.739200 18.864400 -8.542780
v 14.992600 18.000000 -14.028800
v 5.302620 4.607120 -18.684900
v 6.438680 6.288080 -21.309900
v 5.388880 4.389230 -17.772100
v 6.232880 4.754460 -17.772100
v 12.162000 10.281700 -10.315100
v 13.033500 11.866900 -10.315100
v 12.622700 11.060600 -10.315100
v 2.521230 20.085700 0.138751
v 1.781830 21.786600 -0.095594
v 0.784165 22.110700 -0.095594
v -1.040730 22.053400 -0.095594
v -0.813750 21.169300 0.138751
v -1.293190 21.980000 -0.095594
v 1.277280 17.399000 0.433429
v 0.412882 17.773000 0.492598
v 5.041000 18.636800 -0.386788
v 4.151870 18.524500 -0.095594
v 4.176610 18.262800 -0.095594
v 6.691140 14.321500 -1.588870
v 6.476560 20.104400 -1.134900
v 5.665650 19.840900 -0.733680
v 7.500370 19.430800 -1.588870
v -1.263610 22.921400 -0.386788
v -1.570140 22.832400 -0.386788
v -1.840880 23.665700 -0.733680
v -0.439692 20.305000 0.315325
v -0.829732 19.142000 0.433429
v -0.999098 20.123200 0.315325
v 3.890990 16.459400 -0.095594
v 4.832380 16.429900 -0.386788
v 8.018600 15.394600 -2.093790
v 7.839180 14.896200 -2.093790
v 7.099420 15.189100 -1.588870
v 0.529402 26.414600 -2.093790
v 0.479445 25.620600 -1.588870
v 3.501560 22.819500 -0.733680
v 2.864740 21.050600 -0.095594
v 6.177350 22.488100 -1.588870
v 5.509290 22.002700 -1.134900
v 5.247080 22.340800 -1.134900
v 4.590120 21.797300 -0.733680
v -1.481500 23.770100 -0.733680
v 2.810860 25.099400 -1.588870
v 2.096770 26.166400 -2.093790
v 0.956997 25.575400 -1.588870
v 2.536460 23.390300 -0.733680
v 2.447820 22.452600 -0.386788
v 0.725113 20.231700 0.315325
v 1.570140 22.832400 -0.386788
v 0.000000 23.957200 -0.733680
v -1.781830 21.786600 -0.095594
v -2.016070 21.667200 -0.095594
v 0.294096 20.328000 0.315325
v 0.262770 22.176600 -0.095594
v 0.205460 21.265700 0.138751
v -0.706497 29.229500 -4.580320
v 0.744213 29.828900 -5.306390
v 1.410210 29.162900 -4.580320
v 0.000000 30.406200 -6.068750
v -0.864394 31.739200 -8.542780
v -0.886175 32.085400 -9.418930
v -3.914450 26.318600 -2.647670
v -4.429050 26.056400 -2.647670
v -3.085300 30.016400 -6.068750
v -2.947550 29.480000 -5.306390
v -3.833730 29.799000 -6.068750
v -3.210870 30.505500 -6.864380
v -1.858760 27.744000 -3.248330
v -5.566130 23.226900 -1.588870
v -4.964170 22.661700 -1.134900
v -6.908920 21.251100 -1.588870
v -4.819490 21.501600 -0.733680
v -4.290090 20.722600 -0.386788
v -5.029850 21.192000 -0.733680
v -3.251090 24.908900 -1.588870
v -3.678490 24.691100 -1.588870
v -7.762420 22.926200 -2.647670
v -7.388360 22.061800 -2.093790
v -8.056420 22.429100 -2.647670
v -0.264512 19.386600 0.433429
v -0.351056 19.367300 0.433429
v -0.583554 20.272800 0.315325
v -0.462815 17.911700 0.492598
v -0.456359 17.882800 0.492598
v -1.386620 17.735500 0.433429
v -1.237020 17.319900 0.433429
v -1.191870 17.243600 0.433429
v -1.981230 16.742700 0.315325
v 1.342530 18.436200 0.433429
v -2.960730 19.393200 0.138751
v -0.200610 17.573700 0.492598
v -0.173446 17.561900 0.492598
v -0.519653 16.687500 0.433429
v 0.300329 17.637000 0.492598
v 0.899803 16.912300 0.433429
v 0.276941 17.618800 0.492598
v -1.237020 18.680100 0.433429
v -1.386620 18.264500 0.433429
v -2.272800 18.583600 0.315325
v -3.169350 18.813800 0.138751
v 2.762770 16.246700 0.138751
v -0.397814 18.252500 0.492598
v 1.393210 20.960700 0.138751
v -0.966323 19.029000 0.433429
v -1.606300 19.710500 0.315325
v -0.322532 18.343500 0.492598
v -1.342530 18.436200 0.433429
v -0.448101 18.145600 0.492598
v -1.367280 18.351100 0.433429
v 3.728510 32.521600 -14.028800
v 2.809330 32.727000 -14.028800
v 2.798250 32.668900 -13.088400
v 5.453880 31.774900 -16.846500
v 5.388880 31.610800 -17.772100
v 10.180800 22.790700 -4.580320
v 8.904770 20.286400 -2.647670
v 8.172530 24.760900 -3.893400
v 9.588730 24.966600 -5.306390
v 11.417800 26.295500 -9.418930
v 3.277620 28.087500 -3.893400
v 1.987480 28.418700 -3.893400
v 1.329360 28.523000 -3.893400
v -0.479445 25.620600 -1.588870
v 0.000000 24.809900 -1.134900
v 0.000000 25.635600 -1.588870
v 0.000000 23.081100 -0.386788
v 3.323760 30.945200 -7.690140
v 2.220900 29.642400 -5.306390
v 5.282310 29.225500 -6.068750
v 6.438680 29.711900 -7.690140
v 7.554960 27.132400 -5.306390
v 6.028940 27.500100 -4.580320
v 6.496390 23.374300 -2.093790
v 5.883350 22.867100 -1.588870
v 5.302620 31.392900 -10.315100
v 10.585700 17.334000 -3.893400
v 7.388360 22.061800 -2.093790
v 6.446970 22.091400 -1.588870
v 10.898200 20.798200 -4.580320
v 7.172080 26.669600 -4.580320
v 10.607100 9.225020 -20.457200
v 13.669800 21.509800 -19.581100
v 14.090200 22.578200 -12.153500
v 13.922300 22.523600 -11.227900
v 13.610800 23.388900 -11.227900
v 13.774900 23.453900 -12.153500
v 14.178800 21.640500 -11.227900
v 12.770000 24.009100 -9.418930
v -3.169350 17.186200 0.138751
v -3.112000 16.988800 0.138751
v -6.476560 15.895600 -1.134900
v -7.099420 15.189100 -1.588870
v -7.839180 14.896200 -2.093790
v -7.628820 14.410100 -2.093790
v -14.552900 15.223900 -16.846500
v -12.129300 9.187570 -14.971200
v -12.129300 9.187570 -14.028800
v -12.367500 11.200900 -19.581100
v -12.622700 11.060600 -18.684900
v -13.774900 12.546100 -16.846500
v -13.245500 11.767100 -11.227900
v -13.610800 12.611100 -11.227900
v -11.137200 9.908360 -8.542780
v -12.004500 13.247100 -6.864380
v -12.426600 13.080000 -7.690140
v -10.474900 11.352400 -6.068750
v -10.898200 15.201800 -4.580320
v -14.202500 13.385300 -13.088400
v -14.815700 19.871700 -15.911600
v -14.786100 17.069700 -16.846500
v -3.890990 19.540600 -0.095594
v -4.053390 19.040700 -0.095594
v -4.110740 18.784200 -0.095594
v -3.112000 19.011200 0.138751
v -5.390250 20.536500 -0.733680
v -4.590120 21.797300 -0.733680
v -5.509290 22.002700 -1.134900
v -1.056720 26.364800 -2.093790
v -1.116270 23.851700 -0.733680
v -6.234400 26.580900 -3.893400
v -5.830640 26.025200 -3.248330
v -6.323040 25.643200 -3.248330
v -13.365100 18.000000 -7.690140
v -10.898200 20.798200 -4.580320
v -10.273400 20.637800 -3.893400
v -9.948200 26.229900 -22.135600
v -9.149040 27.742700 -21.309900
v -12.186500 20.324700 -22.931300
v -12.682400 20.419300 -22.135600
v -14.178800 21.640500 -17.772100
v -8.604440 29.843000 -17.772100
v -9.181710 29.098800 -18.684900
v -13.245500 24.232900 -11.227900
v -12.367500 24.799100 -9.418930
v -9.948200 26.229900 -6.864380
v -9.588730 24.966600 -5.306390
v -8.708230 29.985800 -12.153500
v -10.671200 28.020900 -11.227900
v -11.415400 27.443600 -12.153500
v -9.861770 14.095400 -25.106600
v -10.418700 16.012500 -25.106600
v -13.338700 18.839200 -21.309900
v -13.259700 19.675100 -21.309900
v -12.308400 19.554900 -22.931300
v -10.701000 21.477000 -24.419700
v -11.272200 21.662600 -23.693600
v -14.290800 16.194600 -18.684900
v -14.001900 16.231100 -19.581100
v -3.238790 21.915000 -28.613200
v -7.437780 23.403900 -26.352300
v -8.904770 20.286400 -26.352300
v -8.743640 20.841000 -26.352300
v -10.606600 18.000000 -25.106600
v -7.628820 21.589900 -26.906200
v -7.839180 21.103800 -26.906200
v -12.426600 22.920000 -21.309900
v -1.805350 3.709180 -18.684900
v -9.661160 7.711910 -19.581100
v -10.288100 8.338840 -19.581100
v -9.181710 6.901210 -18.684900
v -12.658700 9.966560 -14.971200
v -12.945200 14.676200 -21.309900
v -13.128400 15.495600 -21.309900
v -13.522500 15.420400 -20.457200
v -12.063500 11.368000 -20.457200
v -10.474900 11.352400 -22.931300
v -10.007200 11.649200 -23.693600
v -10.871600 12.023300 -22.931300
v -10.298000 9.480770 -21.309900
v -12.608700 9.998270 -15.911600
v -10.607100 9.225020 -20.457200
v -11.137200 9.908360 -20.457200
v -13.033500 11.866900 -18.684900
v -12.162000 10.281700 -18.684900
v -11.535000 13.433000 -22.931300
v -8.669560 10.827900 -24.419700
v -7.395730 16.101100 -27.411100
v -7.500370 16.569200 -27.411100
v -8.018600 15.394600 -26.906200
v -8.166370 15.903200 -26.906200
v -8.904770 15.713600 -26.352300
v -8.056420 13.570900 -26.352300
v -8.318620 14.085600 -26.352300
v -8.975590 13.776400 -25.751700
v -6.293460 11.298100 -26.352300
v -4.955760 11.179000 -26.906200
v -5.374280 11.503600 -26.906200
v -5.860220 10.916200 -26.352300
v -8.172530 11.239100 -25.106600
v -8.580920 11.765600 -25.106600
v -9.742740 8.850960 -21.309900
v -0.937677 3.096040 -13.088400
v -2.809330 3.272960 -14.028800
v 0.601040 19.277300 0.433429
v 0.226983 18.412900 0.492598
v 0.200610 18.426300 0.492598
v -0.147339 15.658100 0.315325
v -0.294096 15.672000 0.315325
v -0.088286 17.537200 0.492598
v -0.059051 17.532600 0.492598
v -0.448101 17.854400 0.492598
v -1.367280 17.648900 0.433429
v 0.583554 15.727200 0.315325
v 1.898370 16.620800 0.315325
v 1.087680 17.100200 0.433429
v 0.436215 16.657500 0.433429
v -4.590120 14.202700 -0.733680
v -4.342620 13.922000 -0.733680
v -8.318620 14.085600 -2.647670
v -8.018600 15.394600 -2.093790
v -9.608030 20.466900 -3.248330
v -6.476560 20.104400 -1.134900
v 1.725380 4.342230 -20.457200
v 0.886175 3.914640 -19.581100
v -2.385290 15.760100 -29.138800
v -1.710540 16.393700 -29.315300
v -2.521230 15.914300 -29.138800
v -0.436215 16.657500 -29.433400
v -0.519653 16.687500 -29.433400
v -0.725113 15.768300 -29.315300
v -1.087680 18.899800 -29.433400
v -1.029030 18.966300 -29.433400
v -1.710540 19.606300 -29.315300
v 0.252460 18.397800 -29.492600
v 0.756386 19.191900 -29.433400
v 0.226983 18.412900 -29.492600
v -4.342620 13.922000 -28.266300
v -2.722570 13.709900 -28.613200
v -2.986580 13.889300 -28.613200
v -5.770060 16.518500 -28.266300
v -5.851700 16.883700 -28.266300
v -4.151870 17.475500 -28.904400
v -6.689240 16.724000 -27.865100
v -5.665650 16.159100 -28.266300
v -6.177350 13.511900 -27.411100
v -5.749750 14.351100 -27.865100
v -6.446970 13.908600 -27.411100
v -1.379250 16.101600 -29.315300
v -1.495730 16.192000 -29.315300
v -2.085750 15.478800 -29.138800
v -4.290090 15.277400 -28.613200
v -5.883350 13.132900 -27.411100
v -6.496390 12.625700 -26.906200
v -2.304950 18.439700 -29.315300
v -2.272800 18.583600 -29.315300
v -3.246350 17.589900 -29.138800
v -2.341890 17.852700 -29.315300
v 1.781830 21.786600 -28.904400
v 1.393210 20.960700 -29.138800
v 0.276941 18.381200 -29.492600
v 0.176923 19.400500 -29.433400
v 0.147339 20.341900 -29.315300
v -5.071040 17.681000 -28.613200
v -6.689240 19.276000 -27.865100
v -6.756160 18.853500 -27.865100
v -4.110740 18.784200 -28.904400
v -8.692680 13.221200 -25.751700
v -3.989760 5.720790 -22.135600
v 0.864394 4.260850 -20.457200
v 0.665994 7.414330 -25.106600
v 10.035200 8.576310 -20.457200
v 6.790490 10.768900 -25.751700
v 5.683300 9.044550 -25.106600
v 3.589850 10.371200 -26.906200
v 3.914450 9.681380 -26.352300
v 3.678490 11.308900 -27.411100
v -2.869910 12.779600 -28.266300
v -3.280670 12.032500 -27.865100
v -1.693540 11.404100 -27.865100
v -5.771590 11.853900 -26.906200
v 12.426600 13.080000 -21.309900
v 14.258800 13.367000 -14.971200
v 14.521600 14.271500 -14.028800
v 14.874400 16.120900 -14.971200
v 14.963000 17.058600 -14.971200
v 14.992600 18.000000 -14.971200
v 14.963000 17.058600 -14.028800
v 14.904000 17.062300 -15.911600
v 9.661160 7.711910 -19.581100
v 10.288100 8.338840 -19.581100
v 11.417800 26.295500 -19.581100
v 11.642400 20.220900 -23.693600
v 5.420530 27.859900 -24.419700
v 5.709900 28.386300 -23.693600
v 6.496390 23.374300 -26.906200
v 7.083790 23.860200 -26.352300
v 6.146120 23.771600 -26.906200
v 5.374280 24.496400 -26.906200
v 5.860220 25.083800 -26.352300
v 12.809300 16.381800 -22.135600
v 9.597140 13.483900 -25.106600
v 9.841460 16.756700 -25.751700
v 9.030760 16.277300 -26.352300
v 10.585700 17.334000 -25.106600
v 8.166370 15.903200 -26.906200
v 7.575410 17.043000 -27.411100
v 6.756160 17.146500 -27.865100
v 5.665650 19.840900 -28.266300
v 3.065350 27.434200 -25.751700
v 3.914450 26.318600 -26.352300
v 4.790730 28.180800 -24.419700
v 4.516070 27.597100 -25.106600
v 8.166370 20.096800 -26.906200
v 6.756160 18.853500 -27.865100
v 4.176610 17.737200 -28.904400
v 5.041000 17.363200 -28.613200
v 4.151870 17.475500 -28.904400
v 8.692680 13.221200 -25.751700
v 2.667530 14.775500 -28.904400
v 1.029030 17.033700 -29.433400
v 1.606300 16.289500 -29.315300
v 1.710540 16.393700 -29.315300
v 0.966323 16.971000 -29.433400
v 1.981230 16.742700 -29.315300
v 3.169350 17.186200 -29.138800
v 3.112000 16.988800 -29.138800
v 4.867130 12.116700 -27.411100
v 4.661670 13.035800 -27.865100
v 2.385290 15.760100 -29.138800
v 2.521230 15.914300 -29.138800
v 1.263610 13.078600 -28.613200
v 1.040730 13.946600 -28.904400
v -0.853501 11.243800 -27.865100
v -0.262770 13.823400 -28.904400
v -0.205460 14.734300 -29.138800
v 5.390250 15.463500 -28.266300
v 7.083790 12.139800 -26.352300
v 0.322532 18.343500 -29.492600
v 0.899803 19.087700 -29.433400
v 0.300329 18.363000 -29.492600
v 0.999098 15.876800 -29.315300
v 0.601040 16.722700 -29.433400
v 1.393210 15.039300 -29.138800
v 2.328010 17.705900 -29.315300
v 2.341890 17.852700 -29.315300
v 2.647220 16.076700 -29.138800
v -3.112000 19.011200 -29.138800
v -3.667230 20.016100 -28.904400
v -3.589850 25.628800 -26.906200
v -3.384390 26.548000 -26.352300
v -2.667530 21.224500 -28.904400
v -1.277280 18.601000 -29.433400
v -2.239940 20.385300 -29.138800
v 0.000000 22.184900 -28.904400
v -0.262770 22.176600 -28.904400
v -1.040730 22.053400 -28.904400
v -0.176923 19.400500 -29.433400
v 0.205460 21.265700 -29.138800
v 0.262770 22.176600 -28.904400
v 2.869910 23.220300 -28.266300
v 3.280670 23.967500 -27.865100
v 5.390250 20.536500 -28.266300
v 5.220350 20.869900 -28.266300
v 4.955760 24.821000 -26.906200
v 0.956997 25.575400 -27.411100
v -4.790730 28.180800 -24.419700
v -0.622861 27.900100 -25.751700
v -0.529402 26.414600 -26.906200
v -1.152260 27.121100 -26.352300
v 0.000000 32.992600 -14.971200
v -2.809330 32.727000 -14.028800
v -6.358340 31.512200 -13.088400
v -4.632970 32.258800 -14.028800
v -4.632970 32.258800 -14.971200
v 2.504370 31.128400 -21.309900
v -9.443640 29.415400 -16.846500
v -8.708230 29.985800 -16.846500
v -5.497360 31.884800 -13.088400
v -7.718270 30.162000 -10.315100
v -7.161380 29.284500 -21.309900
v -7.376360 29.623300 -20.457200
v -8.774980 28.607100 -20.457200
v -8.996100 28.874400 -19.581100
v -7.588970 28.445300 -22.135600
v -7.855810 28.812600 -21.309900
v -8.519230 28.298000 -21.309900
v -7.137340 30.982800 -16.846500
v -9.331090 29.279400 -17.772100
v -9.860490 28.500400 -18.684900
v -2.899500 24.161700 -27.865100
v -1.276040 24.689200 -27.865100
v -0.813750 21.169300 -29.138800
v 4.921440 19.263600 -28.613200
v 4.110740 18.784200 -28.904400
v 3.501560 22.819500 -28.266300
v 3.192040 23.029800 -28.266300
v 5.770060 19.481500 -28.266300
v 5.509290 22.002700 -27.865100
v 1.379250 19.898400 -29.315300
v 0.829732 19.142000 -29.433400
v 0.264512 16.613400 -29.433400
v 0.117172 17.543600 -29.492600
v 0.088286 17.537200 -29.492600
v 0.000000 23.081100 -28.613200
v 3.103750 25.839200 -26.906200
v 10.898200 15.201800 -4.580320
v 12.426600 13.080000 -7.690140
v 13.245500 11.767100 -11.227900
v 12.828000 10.947700 -11.227900
v 11.682300 12.502700 -6.864380
v 4.614680 3.797460 -13.088400
v 11.623300 10.623600 -8.542780
v 12.359900 10.156200 -11.227900
v 12.982800 10.862700 -12.153500
v 12.093100 12.309400 -7.690140
v 2.864740 14.949400 -0.095594
v 4.819490 21.501600 -0.733680
v 1.263610 22.921400 -0.386788
v 1.040730 22.053400 -0.095594
v 0.813750 21.169300 0.138751
v -0.436215 19.342500 0.433429
v 2.272800 17.416400 0.315325
v 2.231670 17.274900 0.315325
v 0.363035 17.699700 0.492598
v 0.322532 18.343500 0.492598
v 0.300329 18.363000 0.492598
v 1.710540 16.393700 0.315325
v 1.029030 17.033700 0.433429
v 3.246350 17.589900 0.138751
v 2.328010 17.705900 0.315325
v 3.272150 18.000000 0.138751
v 3.214190 18.613100 0.138751
v 4.724260 19.870500 -0.386788
v 4.832380 19.570100 -0.386788
v 6.756160 18.853500 -1.134900
v 5.538880 20.193000 -0.733680
v 4.597490 20.163400 -0.386788
v -1.393210 20.960700 0.138751
v -1.540550 21.891000 -0.095594
v -2.163410 22.597500 -0.386788
v 3.904550 27.861800 -3.893400
v 3.651680 27.223100 -3.248330
v 3.589850 25.628800 -2.093790
v -0.725113 20.231700 0.315325
v -0.519653 19.312500 0.433429
v -0.863810 20.181700 0.315325
v -0.613139 21.214200 0.138751
v 1.485490 29.758900 -5.306390
v -0.744213 29.828900 -5.306390
v -1.410210 29.162900 -4.580320
v -2.419300 30.682400 -6.864380
v -5.067720 30.799600 -8.542780
v -4.920020 30.426600 -7.690140
v -6.631970 30.063500 -8.542780
v -3.989760 30.279200 -6.864380
v -4.567030 29.535000 -6.068750
v -4.752900 30.004500 -6.864380
v -6.438680 29.711900 -7.690140
v -5.976740 28.871600 -6.068750
v -6.350790 28.007200 -5.306390
v -6.647580 28.474900 -6.068750
v -2.220900 29.642400 -5.306390
v -2.108350 29.052400 -4.580320
v -7.118740 22.517700 -2.093790
v -2.869910 23.220300 -0.733680
v -3.192040 23.029800 -0.733680
v -3.280670 23.967500 -1.134900
v -4.955760 24.821000 -2.093790
v -4.867130 23.883300 -1.588870
v -5.374280 24.496400 -2.093790
v -3.384390 26.548000 -2.647670
v -4.223590 26.975600 -3.248330
v -5.749750 21.648900 -1.134900
v -10.180800 22.790700 -4.580320
v -0.456359 18.117200 0.492598
v 1.367280 17.648900 0.433429
v 1.342530 17.563800 0.433429
v 0.756386 19.191900 0.433429
v 0.252460 18.397800 0.492598
v -0.462815 18.088300 0.492598
v -4.110670 20.986600 -0.386788
v 1.393210 15.039300 0.138751
v 3.050640 15.135300 -0.095594
v 2.328010 18.294100 0.315325
v 1.400490 18.176900 0.433429
v 2.341890 17.852700 0.315325
v 1.386620 18.264500 0.433429
v 0.462815 18.088300 0.492598
v 0.381177 18.276900 0.492598
v 2.667530 21.224500 -0.095594
v 2.085750 20.521200 0.138751
v 0.436215 19.342500 0.433429
v 0.519653 19.312500 0.433429
v -1.029030 18.966300 0.433429
v -0.343461 18.322500 0.492598
v -0.176923 19.400500 0.433429
v -0.381177 17.723100 0.492598
v -1.142030 17.170300 0.433429
v -0.601040 19.277300 0.433429
v 3.065350 27.434200 -3.248330
v 0.665994 28.585700 -3.893400
v 0.000000 28.606600 -3.893400
v 0.000000 27.919700 -3.248330
v -0.952097 22.991100 -0.386788
v 3.989760 30.279200 -6.864380
v 6.613560 27.102800 -4.580320
v 5.374280 24.496400 -2.093790
v 4.254030 31.092500 -8.542780
v 10.273400 15.362200 -3.893400
v 7.628820 21.589900 -2.093790
v 8.056420 22.429100 -2.647670
v 6.691140 21.678500 -1.588870
v 13.128400 20.504400 -21.309900
v 13.863200 20.644600 -19.581100
v 6.009110 30.770000 -19.581100
v -0.226983 17.587100 0.492598
v -0.601040 16.722700 0.433429
v -2.123190 17.000900 0.315325
v -2.867400 16.423600 0.138751
v -2.960730 16.606800 0.138751
v -0.351056 16.632700 0.433429
v -0.264512 16.613400 0.433429
v -0.583554 15.727200 0.315325
v -4.110670 15.013400 -0.386788
v -7.261910 15.640500 -1.588870
v -12.186500 15.675300 -22.931300
v -14.349900 21.684400 -16.846500
v -3.667230 20.016100 -0.095594
v -3.385630 20.459800 -0.095594
v -3.533400 20.242400 -0.095594
v -4.724260 19.870500 -0.386788
v -2.536460 23.390300 -0.733680
v -2.447820 22.452600 -0.386788
v -0.784165 22.110700 -0.095594
v -0.746637 23.910200 -0.733680
v -1.722710 27.030800 -2.647670
v -1.485490 29.758900 -5.306390
v -2.605400 26.018600 -2.093790
v -2.359540 25.261900 -1.588870
v -2.810860 25.099400 -1.588870
v -2.104360 24.476600 -1.134900
v -4.516070 27.597100 -3.893400
v -3.651680 27.223100 -3.248330
v -9.223080 21.651700 -3.248330
v -13.092500 22.254000 -8.542780
v -12.162000 25.718300 -18.684900
v -12.129300 26.812400 -14.971200
v -10.020900 28.671200 -17.772100
v -10.298000 26.519200 -7.690140
v -9.411810 26.838300 -6.864380
v -11.272200 14.337400 -23.693600
v -10.585700 17.334000 -25.106600
v -9.841460 16.756700 -25.751700
v -11.251700 18.000000 -24.419700
v -13.365100 18.000000 -21.309900
v -11.642400 20.220900 -23.693600
v -10.087500 21.277600 -25.106600
v -5.247080 22.340800 -27.865100
v -8.414610 17.470600 -26.906200
v -13.128400 20.504400 -21.309900
v -10.035200 8.576310 -20.457200
v -12.682400 15.580700 -22.135600
v -11.225500 12.717700 -22.931300
v -11.623300 10.623600 -20.457200
v -9.132370 10.445000 -23.693600
v -10.386300 12.290100 -23.693600
v -8.743640 15.159000 -26.352300
v -9.608030 15.533100 -25.751700
v -9.102790 11.386400 -24.419700
v -1.898370 16.620800 0.315325
v -2.647220 16.076700 0.138751
v 0.117172 18.456400 0.492598
v -1.606300 16.289500 0.315325
v -1.029030 17.033700 0.433429
v -0.966323 16.971000 0.433429
v -1.710540 16.393700 0.315325
v -0.470231 17.970400 0.492598
v -1.342530 17.563800 0.433429
v -2.272800 17.416400 0.315325
v 0.448101 18.145600 0.492598
v 0.438074 18.173400 0.492598
v 0.176923 16.599500 0.433429
v 1.312500 17.480300 0.433429
v -0.173446 18.438100 0.492598
v -0.200610 18.426300 0.492598
v 1.808020 16.504300 0.315325
v 1.204560 14.957600 0.138751
v 0.999098 15.876800 0.315325
v -2.459800 14.614400 -0.095594
v -3.385630 15.540200 -28.904400
v -0.899803 16.912300 -29.433400
v -1.606300 16.289500 -29.315300
v 0.059051 18.467400 -29.492600
v 0.029584 18.470200 -29.492600
v -0.381177 17.723100 -29.492600
v -0.397814 17.747500 -29.492600
v -1.191870 17.243600 -29.433400
v -0.029584 18.470200 -29.492600
v -0.088636 19.408800 -29.433400
v 3.246350 17.589900 -29.138800
v 0.205460 14.734300 -29.138800
v 0.000000 15.653500 -29.315300
v 0.000000 14.727900 -29.138800
v -0.583554 15.727200 -29.315300
v -1.011150 14.888000 -29.138800
v 0.262770 13.823400 -28.904400
v 0.000000 13.815100 -28.904400
v -3.169350 17.186200 -29.138800
v -5.945460 17.625900 -28.266300
v -6.821020 13.044200 -26.906200
v -8.548000 14.615600 -26.352300
v -5.029850 14.808000 -28.266300
v -5.220350 15.130100 -28.266300
v -6.595910 16.306500 -27.865100
v -7.261910 15.640500 -27.411100
v -6.476560 15.895600 -27.865100
v -3.042370 16.795400 -29.138800
v -3.112000 16.988800 -29.138800
v -3.890990 16.459400 -28.904400
v -1.753300 15.237200 -29.138800
v -2.459800 14.614400 -28.904400
v -2.960730 16.606800 -29.138800
v -3.272150 18.000000 -29.138800
v -5.538880 15.807000 -28.266300
v -1.312500 17.480300 -29.433400
v -0.448101 17.854400 -29.492600
v -1.342530 17.563800 -29.433400
v -1.142030 18.829700 -29.433400
v -1.898370 19.379200 -29.315300
v -3.246350 18.410100 -29.138800
v -1.408840 17.911400 -29.433400
v -1.411620 18.000000 -29.433400
v -3.214190 18.613100 -29.138800
v -3.265690 18.205500 -29.138800
v -4.176610 18.262800 -28.904400
v 1.293190 21.980000 -28.904400
v 3.042370 16.795400 -29.138800
v 2.181740 17.136200 -29.315300
v 1.481500 23.770100 -28.266300
v 0.952097 22.991100 -28.613200
v 2.459800 21.385600 -28.904400
v 2.722570 22.290100 -28.613200
v 2.242360 21.533400 -28.904400
v -1.011150 21.112000 -29.138800
v -1.204560 21.042400 -29.138800
v -5.071040 18.319000 -28.613200
v -5.081070 18.000000 -28.613200
v -3.678490 11.308900 -27.411100
v -4.867130 12.116700 -27.411100
v -7.388360 13.938200 -26.906200
v -7.628820 14.410100 -26.906200
v -7.118740 13.482300 -26.906200
v 7.376360 6.376710 -20.457200
v 4.429050 9.943580 -26.352300
v 4.926180 10.237600 -26.352300
v 6.293460 11.298100 -26.352300
v 5.830640 9.974810 -25.751700
v -2.239940 15.614700 -29.138800
v -2.667530 14.775500 -28.904400
v -3.797270 13.409900 -28.266300
v 14.874400 16.120900 -14.028800
v 14.668900 15.201800 -13.088400
v 10.799900 7.858210 -16.846500
v 11.535000 22.567000 -22.931300
v 7.731880 25.260700 -25.106600
v 7.260720 25.731900 -25.106600
v 7.908010 27.559100 -22.931300
v 8.172530 24.760900 -25.106600
v 2.521230 20.085700 -29.138800
v 3.050640 20.864700 -28.904400
v 2.385290 20.239900 -29.138800
v 5.403870 25.437800 -26.352300
v 4.926180 25.762400 -26.352300
v 4.517690 25.118700 -26.906200
v 10.585700 18.666000 -25.106600
v 5.749750 21.648900 -27.865100
v 2.840980 26.743600 -26.352300
v 2.286360 26.904800 -26.352300
v 4.819490 21.501600 -28.266300
v 5.029850 21.192000 -28.266300
v 9.223080 14.348300 -25.751700
v 4.342620 13.922000 -28.266300
v 4.590120 14.202700 -28.266300
v 3.703940 14.521800 -28.613200
v 3.050640 15.135300 -28.904400
v 3.224490 15.332500 -28.904400
v 1.808020 16.504300 -29.315300
v 1.087680 17.100200 -29.433400
v 4.724260 16.129500 -28.613200
v 2.869910 12.779600 -28.266300
v 10.180800 13.209300 -24.419700
v 5.247080 13.659200 -27.865100
v 4.078000 13.657400 -28.266300
v 3.478230 14.296100 -28.613200
v 5.403870 10.562200 -26.352300
v 0.853501 11.243800 -27.865100
v 1.130440 15.943700 -29.315300
v -0.147339 15.658100 -29.315300
v -0.294096 15.672000 -29.315300
v 2.960730 16.606800 -29.138800
v -0.117172 18.456400 -29.492600
v -0.264512 19.386600 -29.433400
v -0.351056 19.367300 -29.433400
v 3.042370 19.204600 -29.138800
v 2.123190 18.999100 -29.315300
v 3.980040 19.293200 -28.904400
v 3.112000 19.011200 -29.138800
v 3.214190 17.386900 -29.138800
v -5.851700 19.116300 -28.266300
v -2.647220 19.923300 -29.138800
v -3.065350 27.434200 -25.751700
v -1.379250 19.898400 -29.315300
v -1.257330 19.981200 -29.315300
v -0.374057 23.945500 -28.266300
v -2.286360 26.904800 -26.352300
v -2.466920 27.608000 -25.751700
v -2.840980 26.743600 -26.352300
v -2.810860 25.099400 -27.411100
v 0.665994 28.585700 -25.106600
v -1.879070 32.874400 -14.028800
v -2.776110 32.552900 -12.153500
v -7.222740 31.138100 -14.028800
v -4.614680 32.202500 -13.088400
v -9.661160 28.288100 -9.418930
v -2.096770 26.166400 -26.906200
v 0.000000 25.635600 -27.411100
v -0.853501 24.756200 -27.865100
v 3.667230 20.016100 -28.904400
v 2.867400 19.576400 -29.138800
v 1.386620 18.264500 -29.433400
v 1.367280 18.351100 -29.433400
v 0.456359 18.117200 -29.492600
v 3.169350 18.813800 -29.138800
v 6.161740 20.899500 -27.865100
v 5.967520 21.280700 -27.865100
v 4.597490 20.163400 -28.613200
v 1.808020 19.495700 -29.315300
v 1.710540 19.606300 -29.315300
v 1.087680 18.899800 -29.433400
v 1.277280 18.601000 -29.433400
v 1.237020 18.680100 -29.433400
v 2.986580 22.110700 -28.613200
v 4.661670 22.964200 -27.865100
v 4.340770 23.247100 -27.865100
v 4.342620 22.078000 -28.266300
v 4.078000 22.342600 -28.266300
v 2.085750 20.521200 -29.138800
v 1.040730 22.053400 -28.904400
v 11.225500 12.717700 -6.068750
v 10.871600 12.023300 -6.068750
v 5.453880 4.225060 -16.846500
v 11.711900 11.561300 -7.690140
v 2.647220 19.923300 0.138751
v 2.123190 17.000900 0.315325
v 3.786580 19.781800 -0.095594
v 6.161740 20.899500 -1.134900
v 5.390250 20.536500 -0.733680
v 5.220350 20.869900 -0.733680
v 9.919680 18.000000 -3.248330
v -1.204560 21.042400 0.138751
v -1.710540 19.606300 0.315325
v -2.239940 20.385300 0.138751
v -2.085750 20.521200 0.138751
v 7.635620 18.000000 -1.588870
v 8.743640 15.159000 -2.647670
v 5.566130 23.226900 -1.588870
v 0.000000 21.272100 0.138751
v 0.000000 20.346500 0.315325
v -1.011150 21.112000 0.138751
v 1.554910 30.308400 -6.068750
v 0.839201 31.338700 -7.690140
v -8.669560 25.172100 -4.580320
v -9.132370 25.555000 -5.306390
v -4.363130 29.020000 -5.306390
v -2.324690 30.186500 -6.068750
v -2.798170 28.898200 -4.580320
v -5.220350 20.869900 -0.733680
v -4.342620 22.078000 -0.733680
v -6.293460 24.701900 -2.647670
v -5.771590 24.146100 -2.093790
v -6.701850 24.293500 -2.647670
v -5.247080 22.340800 -1.134900
v -8.172530 24.760900 -3.893400
v -2.231670 18.725100 0.315325
v 0.756386 16.808100 0.433429
v 1.257330 16.018800 0.315325
v 0.680055 16.763000 0.433429
v -2.867400 19.576400 0.138751
v 0.863810 15.818300 0.315325
v 0.725113 15.768300 0.315325
v -0.117172 18.456400 0.492598
v 0.000000 15.653500 0.315325
v 1.408840 18.088600 0.433429
v 0.470231 18.029600 0.492598
v 0.029584 18.470200 0.492598
v 0.059051 17.532600 0.492598
v 0.029584 17.529800 0.492598
v 1.379250 19.898400 0.315325
v 1.923320 20.647200 0.138751
v 1.495730 19.808000 0.315325
v 3.238790 21.915000 -0.386788
v 1.204560 21.042400 0.138751
v 0.863810 20.181700 0.315325
v -0.117172 17.543600 0.492598
v -2.762770 19.753300 0.138751
v -0.145597 17.551900 0.492598
v -0.436215 16.657500 0.433429
v -0.680055 16.763000 0.433429
v -0.467445 17.940900 0.492598
v -1.400490 17.823100 0.433429
v -1.379250 16.101600 0.315325
v -1.495730 16.192000 0.315325
v 1.722710 27.030800 -2.647670
v 1.243270 27.841500 -3.248330
v 9.900100 17.377100 -3.248330
v 7.500370 16.569200 -1.588870
v 13.699400 22.451200 -10.315100
v -4.053390 16.959300 -0.095594
v -3.786580 16.218200 -0.095594
v -4.597490 15.836600 -0.386788
v -1.312500 17.480300 0.433429
v -1.277280 17.399000 0.433429
v -3.703940 14.521800 -0.386788
v -5.538880 15.807000 -0.733680
v -14.727000 15.190700 -14.971200
v -12.081400 9.222350 -15.911600
v -14.904000 18.937700 -15.911600
v -3.915030 21.238800 -0.386788
v -2.056270 19.130400 0.315325
v -3.224490 20.667500 -0.095594
v -3.703940 21.478200 -0.386788
v -1.870470 22.724300 -0.386788
v -4.661670 22.964200 -1.134900
v -6.613560 27.102800 -4.580320
v -7.172080 26.669600 -4.580320
v -8.113470 26.640000 -5.306390
v -3.103750 25.839200 -2.093790
v -3.589850 25.628800 -2.093790
v -2.096770 26.166400 -2.093790
v -6.918130 28.901200 -6.864380
v -7.588970 28.445300 -6.864380
v -5.315230 26.375500 -3.248330
v -5.683300 26.955400 -3.893400
v -4.778840 26.692700 -3.248330
v -1.987480 28.418700 -3.893400
v -2.840980 26.743600 -2.647670
v -12.945200 21.323800 -21.309900
v -7.161380 29.284500 -7.690140
v -7.376360 29.623300 -8.542780
v -9.742740 27.149000 -7.690140
v -8.996100 28.874400 -9.418930
v -6.966620 27.588700 -5.306390
v -7.908010 27.559100 -6.068750
v -7.855810 28.812600 -7.690140
v -9.223080 14.348300 -25.751700
v -9.743970 16.141200 -25.751700
v -14.149300 15.300900 -18.684900
v -12.426600 13.080000 -21.309900
v -12.799600 12.932300 -20.457200
v -12.885700 17.189300 -22.135600
v -11.758900 16.514500 -23.693600
v -12.456100 12.138600 -20.457200
v -13.422500 13.638800 -19.581100
v -13.669800 14.490200 -19.581100
v -11.711900 11.561300 -21.309900
v -9.588730 11.033400 -23.693600
v -9.500100 11.971100 -24.419700
v -0.725113 15.768300 0.315325
v -0.467445 18.059100 0.492598
v 1.191870 18.756400 0.433429
v 0.397814 18.252500 0.492598
v -0.412882 17.773000 0.492598
v 0.448101 17.854400 0.492598
v -0.363035 18.300300 0.492598
v -1.087680 17.100200 0.433429
v -2.304950 17.560300 0.315325
v -0.226983 18.412900 0.492598
v 0.088286 17.537200 0.492598
v 1.386620 17.735500 0.433429
v 0.343461 17.677500 0.492598
v 1.237020 18.680100 0.433429
v 1.753300 15.237200 0.138751
v -5.509290 13.997300 -1.134900
v -6.177350 13.511900 -1.588870
v -6.821020 13.044200 -2.093790
v -6.691140 14.321500 -1.588870
v -3.214190 17.386900 -29.138800
v -2.304950 17.560300 -29.315300
v -2.328010 18.294100 -29.315300
v -0.088286 17.537200 -29.492600
v 0.899803 16.912300 -29.433400
v 0.583554 15.727200 -29.315300
v -0.439692 15.695000 -29.315300
v -0.813750 14.830700 -29.138800
v -1.204560 14.957600 -29.138800
v -1.393210 15.039300 -29.138800
v -6.161740 15.100500 -27.865100
v -4.078000 13.657400 -28.266300
v -3.238790 14.085000 -28.613200
v -1.257330 16.018800 -29.315300
v 0.462815 18.088300 -29.492600
v -2.056270 16.869600 -29.315300
v -1.237020 17.319900 -29.433400
v -2.123190 17.000900 -29.315300
v -2.346520 18.000000 -29.315300
v 1.029030 18.966300 -29.433400
v 0.343461 18.322500 -29.492600
v -1.237020 18.680100 -29.433400
v 0.381177 18.276900 -29.492600
v 0.363035 18.300300 -29.492600
v -2.272800 17.416400 -29.315300
v -1.386620 18.264500 -29.433400
v -1.367280 18.351100 -29.433400
v -0.899803 19.087700 -29.433400
v -0.829732 19.142000 -29.433400
v 0.276941 17.618800 -29.492600
v 1.408840 18.088600 -29.433400
v 2.341890 18.147300 -29.315300
v 1.400490 18.176900 -29.433400
v 1.495730 19.808000 -29.315300
v -0.756386 16.808100 -29.433400
v 0.863810 20.181700 -29.315300
v 1.011150 21.112000 -29.138800
v 0.725113 20.231700 -29.315300
v 0.519653 19.312500 -29.433400
v -0.436215 19.342500 -29.433400
v -0.583554 20.272800 -29.315300
v -0.725113 20.231700 -29.315300
v -5.770060 19.481500 -28.266300
v -5.220350 20.869900 -28.266300
v -4.964170 13.338300 -27.865100
v -5.226940 12.433900 -27.411100
v -4.661670 13.035800 -27.865100
v -5.566130 12.773100 -27.411100
v 11.415400 8.556360 -16.846500
v 7.554960 27.132400 -23.693600
v 5.315230 26.375500 -25.751700
v 12.308400 16.445100 -22.931300
v 5.109770 27.294600 -25.106600
v 2.304950 17.560300 -29.315300
v 4.290090 15.277400 -28.613200
v -1.087680 17.100200 -29.433400
v -1.142030 17.170300 -29.433400
v 1.277280 17.399000 -29.433400
v 1.237020 17.319900 -29.433400
v 4.819490 14.498400 -28.266300
v 4.964170 13.338300 -27.865100
v -1.040730 13.946600 -28.904400
v -1.293190 14.020000 -28.904400
v 1.753300 15.237200 -29.138800
v 0.863810 15.818300 -29.315300
v -0.613139 14.785800 -29.138800
v 2.346520 18.000000 -29.315300
v 1.411620 18.000000 -29.433400
v 2.272800 17.416400 -29.315300
v 3.265690 18.205500 -29.138800
v -3.103750 25.839200 -26.906200
v -3.277620 28.087500 -25.106600
v -0.966323 19.029000 -29.433400
v 0.000000 27.919700 -25.751700
v 0.000000 27.193600 -26.352300
v -8.812430 30.129300 -14.028800
v -8.812430 30.129300 -14.971200
v 0.173446 18.438100 -29.492600
v 0.145597 18.448100 -29.492600
v 1.606300 19.710500 -29.315300
v 0.966323 19.029000 -29.433400
v 4.832380 19.570100 -28.613200
v -0.322532 18.343500 -29.492600
v 4.110670 20.986600 -28.613200
v 3.385630 20.459800 -28.904400
v 2.016070 21.667200 -28.904400
v 1.130440 20.056300 -29.315300
v 0.999098 20.123200 -29.315300
v 0.680055 19.237000 -29.433400
v 0.813750 21.169300 -29.138800
v 3.224490 20.667500 -28.904400
v 1.204560 21.042400 -29.138800
v 11.284500 10.838600 -7.690140
v 1.400490 17.823100 0.433429
v 0.471161 18.000000 0.492598
v -2.459800 21.385600 -0.095594
v -2.242360 21.533400 -0.095594
v -0.438074 17.826600 0.492598
v -1.554910 30.308400 -6.068750
v -2.986580 22.110700 -0.386788
v -3.238790 21.915000 -0.386788
v -5.226940 23.566100 -1.588870
v -10.724300 23.046500 -5.306390
v -0.363035 17.699700 0.492598
v -2.722570 22.290100 -0.386788
v -2.667530 21.224500 -0.095594
v 2.960730 16.606800 0.138751
v 2.181740 17.136200 0.315325
v 0.813750 14.830700 0.138751
v 1.011150 14.888000 0.138751
v 2.239940 15.614700 0.138751
v 2.385290 15.760100 0.138751
v 1.606300 16.289500 0.315325
v -0.410109 14.753700 0.138751
v 1.367280 18.351100 0.433429
v 0.252460 17.602200 0.492598
v 0.226983 17.587100 0.492598
v 0.456359 18.117200 0.492598
v 0.088286 18.462800 0.492598
v 1.029030 18.966300 0.433429
v 0.438074 17.826600 0.492598
v -0.252460 17.602200 0.492598
v -0.756386 16.808100 0.433429
v 0.829732 16.858000 0.433429
v -0.343461 17.677500 0.492598
v 8.364770 16.943300 -2.093790
v 8.281910 16.420100 -2.093790
v 9.608030 15.533100 -3.248330
v 9.030760 16.277300 -2.647670
v -3.214190 17.386900 0.138751
v -2.181740 17.136200 0.315325
v -2.231670 17.274900 0.315325
v -3.042370 16.795400 0.138751
v -3.533400 15.757600 -0.095594
v -3.890990 16.459400 -0.095594
v -2.521230 15.914300 0.138751
v -3.224490 15.332500 -0.095594
v -3.385630 15.540200 -0.095594
v -3.915030 14.761200 -0.386788
v -0.439692 15.695000 0.315325
v -5.247080 13.659200 -1.134900
v -11.623300 10.623600 -8.542780
v -14.786100 18.930300 -16.846500
v -0.636827 23.041000 -0.386788
v -0.374057 23.945500 -0.733680
v -6.760900 26.172500 -3.893400
v -6.790490 25.231100 -3.248330
v -4.091370 24.447000 -1.588870
v -5.403870 25.437800 -2.647670
v -5.709900 28.386300 -5.306390
v -5.860220 25.083800 -2.647670
v -7.231130 24.790500 -3.248330
v -3.277620 28.087500 -3.893400
v -7.292190 28.036800 -6.068750
v -7.554960 27.132400 -5.306390
v -12.406200 18.000000 -22.931300
v -13.699400 13.548800 -18.684900
v -13.922300 13.476400 -17.772100
v -13.259700 16.324900 -21.309900
v -13.333800 14.576500 -20.457200
v -8.955450 12.316700 -25.106600
v -10.180800 13.209300 -24.419700
v -1.257330 16.018800 0.315325
v -1.011150 14.888000 0.138751
v -0.252460 18.397800 0.492598
v 0.000000 19.411600 0.433429
v 0.456359 17.882800 0.492598
v -0.426319 17.799400 0.492598
v 0.363035 18.300300 0.492598
v 1.408840 17.911400 0.433429
v 0.966323 16.971000 0.433429
v -0.863810 15.818300 0.315325
v -1.204560 14.957600 0.138751
v -0.813750 14.830700 0.138751
v -0.412882 17.773000 -29.492600
v -0.426319 17.799400 -29.492600
v -1.277280 17.399000 -29.433400
v -0.438074 17.826600 -29.492600
v -0.829732 16.858000 -29.433400
v 1.367280 17.648900 -29.433400
v 0.456359 17.882800 -29.492600
v 0.448101 17.854400 -29.492600
v 0.680055 16.763000 -29.433400
v -0.322532 17.656500 -29.492600
v -0.966323 16.971000 -29.433400
v 0.294096 15.672000 -29.315300
v 0.147339 15.658100 -29.315300
v 0.448101 18.145600 -29.492600
v 1.312500 18.519700 -29.433400
v 0.438074 18.173400 -29.492600
v -0.863810 15.818300 -29.315300
v -4.724260 16.129500 -28.613200
v -3.224490 15.332500 -28.904400
v -5.247080 13.659200 -27.865100
v -5.509290 13.997300 -27.865100
v -4.340770 12.752900 -27.865100
v -7.839180 14.896200 -26.906200
v -1.923320 15.352800 -29.138800
v -1.808020 16.504300 -29.315300
v -1.029030 17.033700 -29.433400
v -2.181740 17.136200 -29.315300
v 0.601040 19.277300 -29.433400
v -0.381177 18.276900 -29.492600
v -2.056270 19.130400 -29.315300
v -2.231670 17.274900 -29.315300
v -0.467445 18.059100 -29.492600
v -0.462815 18.088300 -29.492600
v -1.400490 18.176900 -29.433400
v 0.088636 16.591200 -29.433400
v 0.176923 16.599500 -29.433400
v 0.029584 17.529800 -29.492600
v -3.042370 19.204600 -29.138800
v -2.231670 18.725100 -29.315300
v -0.438074 18.173400 -29.492600
v -0.426319 18.200600 -29.492600
v 0.343461 17.677500 -29.492600
v 0.322532 17.656500 -29.492600
v 0.200610 18.426300 -29.492600
v 0.351056 19.367300 -29.433400
v 0.117172 18.456400 -29.492600
v -0.343461 17.677500 -29.492600
v -0.363035 17.699700 -29.492600
v 0.000000 17.528800 -29.492600
v 14.727000 15.190700 -14.028800
v 6.760900 26.172500 -25.106600
v 1.898370 16.620800 -29.315300
v 1.495730 16.192000 -29.315300
v 5.029850 14.808000 -28.266300
v 5.220350 15.130100 -28.266300
v -1.540550 14.109000 -28.904400
v -0.636827 12.959000 -28.613200
v 1.204560 14.957600 -29.138800
v -0.462815 17.911700 -29.492600
v -0.467445 17.940900 -29.492600
v -1.400490 17.823100 -29.433400
v 0.438074 17.826600 -29.492600
v 0.467445 17.940900 -29.492600
v -0.456359 18.117200 -29.492600
v -0.448101 18.145600 -29.492600
v -0.577271 27.175500 -26.352300
v -1.722710 27.030800 -26.352300
v -1.130440 20.056300 -29.315300
v -0.756386 19.191900 -29.433400
v -0.680055 19.237000 -29.433400
v -1.243270 27.841500 -25.751700
v -1.430770 25.500400 -27.411100
v -2.809330 32.727000 -14.971200
v -3.728510 32.521600 -14.971200
v 2.328010 18.294100 -29.315300
v 4.053390 19.040700 -28.904400
v 5.538880 20.193000 -28.266300
v 4.724260 19.870500 -28.613200
v 1.923320 20.647200 -29.138800
v 1.257330 19.981200 -29.315300
v 1.576370 20.867400 -29.138800
v 1.753300 20.762800 -29.138800
v 3.797270 22.590100 -28.266300
v 0.462815 17.911700 0.492598
v 2.644550 31.863200 -9.418930
v -3.797270 22.590100 -0.733680
v -3.478230 21.703900 -0.386788
v -4.078000 22.342600 -0.733680
v 0.059051 18.467400 0.492598
v 0.426319 17.799400 0.492598
v -0.397814 17.747500 0.492598
v 0.343461 18.322500 0.492598
v -2.286360 26.904800 -2.647670
v 9.841460 16.756700 -3.248330
v 9.121110 16.847700 -2.647670
v 8.166370 15.903200 -2.093790
v 8.904770 15.713600 -2.647670
v -2.328010 17.705900 0.315325
v -4.724260 16.129500 -0.386788
v -2.239940 15.614700 0.138751
v -2.056270 16.869600 0.315325
v -1.576370 15.132600 0.138751
v -1.753300 15.237200 0.138751
v -3.662570 29.272200 -5.306390
v -13.863200 15.355400 -19.581100
v -13.092500 13.746000 -20.457200
v 0.467445 17.940900 0.492598
v 0.601040 16.722700 0.433429
v 0.200610 17.573700 0.492598
v -0.088286 18.462800 0.492598
v 0.470231 17.970400 0.492598
v 0.322532 17.656500 0.492598
v 1.379250 16.101600 0.315325
v 0.145597 18.448100 0.492598
v -1.393210 15.039300 0.138751
v 0.000000 16.588400 -29.433400
v -0.088636 16.591200 -29.433400
v -0.300329 17.637000 -29.492600
v -0.145597 17.551900 -29.492600
v -0.252460 17.602200 -29.492600
v -0.276941 17.618800 -29.492600
v -3.915030 14.761200 -28.613200
v -4.002730 12.490700 -27.865100
v -1.898370 16.620800 -29.315300
v -1.367280 17.648900 -29.433400
v 0.381177 17.723100 -29.492600
v 0.363035 17.699700 -29.492600
v -0.029584 17.529800 -29.492600
v -0.176923 16.599500 -29.433400
v 0.000000 18.471200 -29.492600
v 0.436215 19.342500 -29.433400
v -1.386620 17.735500 -29.433400
v 0.412882 18.227000 -29.492600
v 1.191870 18.756400 -29.433400
v 0.397814 18.252500 -29.492600
v -1.342530 18.436200 -29.433400
v -0.226983 18.412900 -29.492600
v -0.200610 18.426300 -29.492600
v -0.601040 19.277300 -29.433400
v -0.363035 18.300300 -29.492600
v 0.351056 16.632700 -29.433400
v 0.145597 17.551900 -29.492600
v 0.000000 19.411600 -29.433400
v 1.981230 19.257300 -29.315300
v 1.142030 18.829700 -29.433400
v 0.088286 18.462800 -29.492600
v 0.059051 17.532600 -29.492600
v 1.342530 18.436200 -29.433400
v 2.231670 18.725100 -29.315300
v 1.191870 17.243600 -29.433400
v 1.142030 17.170300 -29.433400
v -0.173446 18.438100 -29.492600
v -0.145597 18.448100 -29.492600
v 2.181740 18.863800 -29.315300
v 2.056270 19.130400 -29.315300
v 0.636827 23.041000 -28.613200
v 0.467445 18.059100 0.492598
v -2.864740 21.050600 -0.095594
v -0.145597 18.448100 0.492598
v 1.923320 15.352800 0.138751
v -0.999098 15.876800 0.315325
v -2.762770 16.246700 0.138751
v -2.385290 15.760100 0.138751
v -3.667230 15.983900 -0.095594
v -8.492630 27.043700 -6.068750
v -0.470231 17.970400 -29.492600
v 0.426319 18.200600 -29.492600
v 0.470231 18.029600 -29.492600
v 0.467445 18.059100 -29.492600
v -0.088286 18.462800 -29.492600
v 0.426319 17.799400 -29.492600
v -2.328010 17.705900 -29.315300
v -2.341890 18.147300 -29.315300
v -0.471161 18.000000 -29.492600
v -0.470231 18.029600 -29.492600
v -1.408840 18.088600 -29.433400
v -1.808020 19.495700 -29.315300
v 0.088636 19.408800 -29.433400
v 0.200610 17.573700 -29.492600
v 2.762770 19.753300 -29.138800
v 2.647220 19.923300 -29.138800
v 1.898370 19.379200 -29.315300
v 2.272800 18.583600 -29.315300
v 0.412882 17.773000 -29.492600
v -0.456359 17.882800 -29.492600
v 3.238790 21.915000 -28.613200
v 3.042370 16.795400 0.138751
v 0.173446 18.438100 0.492598
v -0.059051 18.467400 0.492598
v -0.322532 17.656500 0.492598
v -1.808020 16.504300 0.315325
v -3.050640 15.135300 -0.095594
v -0.613139 14.785800 0.138751
v -0.343461 18.322500 -29.492600
v -0.601040 16.722700 -29.433400
v -0.226983 17.587100 -29.492600
v -0.276941 18.381200 -29.492600
v 0.397814 17.747500 -29.492600
v 0.173446 17.561900 -29.492600
v 0.300329 17.637000 -29.492600
v 2.239940 20.385300 -29.138800
v -0.252460 18.397800 -29.492600
v -0.200610 17.573700 -29.492600
v -0.173446 17.561900 -29.492600
v -0.059051 18.467400 -29.492600
v -0.059051 17.532600 -29.492600
v -0.300329 18.363000 -29.492600
v -1.923320 15.352800 0.138751
v -1.130440 15.943700 0.315325
v 1.495730 16.192000 0.315325
v 1.130440 15.943700 0.315325
v -0.999098 -19.876800 0.315325
v -0.863810 -19.818300 0.315325
v -9.919680 -22.000000 -3.248330
v -9.900100 -22.622900 -3.248330
v -10.606600 -22.000000 -3.893400
v -1.342530 -21.563800 0.433429
v -1.367280 -21.648900 0.433429
v -8.033440 -9.341330 -14.028800
v -8.001730 -9.391290 -13.088400
v -8.777650 -9.918600 -13.088400
v -4.290090 -19.277400 -0.386788
v -4.452570 -19.552200 -0.386788
v -5.029850 -18.808000 -0.733680
v -9.181710 -33.098800 -18.684900
v -8.996100 -32.874400 -19.581100
v -9.860490 -32.500400 -18.684900
v -5.388880 -35.610800 -11.227900
v -5.302620 -35.392900 -10.315100
v 0.000000 -7.595590 -18.684900
v 0.000000 -7.361250 -17.772100
v -0.904460 -7.624020 -18.684900
v -3.533400 -19.757600 -28.904400
v -3.385630 -19.540200 -28.904400
v -4.290090 -19.277400 -28.613200
v -13.739200 -21.135600 -8.542780
v -13.338700 -21.160800 -7.690140
v -13.766300 -22.000000 -8.542780
v -14.001900 -20.231100 -9.418930
v -14.085400 -21.113800 -9.418930
v -12.279200 -25.989800 -22.135600
v -11.799000 -25.833700 -22.931300
v -12.505500 -25.210900 -22.135600
v -13.922300 -17.476400 -11.227900
v -13.951900 -18.417800 -10.315100
v -14.178800 -18.359500 -11.227900
v -14.379500 -19.257000 -17.772100
v -14.552900 -19.223900 -16.846500
v -14.698500 -20.143100 -16.846500
v -10.671200 -32.020900 -17.772100
v -10.500400 -31.860500 -18.684900
v -10.020900 -32.671200 -17.772100
v -7.222740 -35.138100 -14.971200
v -7.194230 -35.086300 -15.911600
v -8.033440 -34.658700 -14.971200
v -14.464300 -18.286200 -15.911600
v -14.521600 -18.271500 -14.971200
v -14.668900 -19.201800 -15.911600
v -9.608030 -19.533100 -3.248330
v -9.030760 -20.277300 -2.647670
v -9.743970 -20.141200 -3.248330
v -7.731880 -29.260700 -25.106600
v -7.702300 -30.202100 -24.419700
v -7.260720 -29.731900 -25.106600
v -8.202110 -29.702300 -24.419700
v -2.798250 -7.331080 -13.088400
v -3.713790 -7.535730 -13.088400
v -3.728510 -7.478420 -14.028800
v -2.960730 -20.606800 0.138751
v -2.123190 -21.000900 0.315325
v -3.042370 -20.795400 0.138751
v -3.265690 -22.205500 0.138751
v -4.151870 -22.524500 -0.095594
v -4.176610 -22.262800 -0.095594
v -14.668900 -19.201800 -13.088400
v -14.552900 -19.223900 -12.153500
v -14.698500 -20.143100 -12.153500
v -1.871650 -7.184320 -15.911600
v -1.879070 -7.125620 -14.971200
v -2.798250 -7.331080 -15.911600
v -5.976740 -11.128400 -22.931300
v -6.219980 -10.685900 -22.135600
v -6.647580 -11.525100 -22.931300
v -13.086300 -14.805800 -15.911600
v -12.658700 -13.966600 -14.971200
v -13.138100 -14.777300 -14.971200
v -2.986580 -26.110700 -0.386788
v -3.501560 -26.819500 -0.733680
v -14.523300 -20.165300 -11.227900
v -14.609900 -21.080800 -11.227900
v -14.609900 -22.919200 -17.772100
v -14.638800 -22.000000 -17.772100
v -14.815300 -22.000000 -16.846500
v -11.162900 -23.410200 -24.419700
v -10.523000 -23.329400 -25.106600
v -11.229500 -22.706500 -24.419700
v -8.728860 -32.617400 -20.500000
v -8.762150 -32.591600 -20.500000
v -8.774980 -32.607100 -20.457200
v -6.219980 -33.314100 -6.864380
v -5.690580 -34.093100 -7.690140
v -6.438680 -33.711900 -7.690140
v 0.000000 -8.634900 -21.309900
v 0.000000 -8.233680 -20.457200
v -0.839201 -8.661270 -21.309900
v 2.419300 -9.317560 -22.135600
v 2.504370 -8.871630 -21.309900
v 1.618190 -9.190680 -22.135600
v -8.743640 -19.159000 -26.352300
v -9.434170 -18.934700 -25.751700
v -9.608030 -19.533100 -25.751700
v -12.406200 -22.000000 -6.068750
v -12.381700 -22.779000 -6.068750
v -12.911100 -22.000000 -6.864380
v -4.110670 -19.013400 -0.386788
v -3.385630 -19.540200 -0.095594
v -2.123190 -22.999100 0.315325
v 4.130040 -9.289040 -21.309900
v 3.323760 -9.054790 -21.309900
v 3.210870 -9.494500 -22.135600
v -7.643240 -15.677000 -25.751700
v -8.172530 -15.239100 -25.106600
v -8.580920 -15.765600 -25.106600
v -5.509290 -26.002700 -1.134900
v -5.247080 -26.340800 -1.134900
v -6.177350 -26.488100 -1.588870
v -7.628820 -25.589900 -2.093790
v -8.318620 -25.914400 -2.647670
v -8.548000 -25.384400 -2.647670
v -1.495730 -20.192000 0.315325
v -0.899803 -20.912300 0.433429
v -1.606300 -20.289500 0.315325
v -3.112000 -20.988800 0.138751
v -3.169350 -21.186200 0.138751
v -3.980040 -20.706800 -0.095594
v -12.622700 -15.060600 -18.684900
v -12.828000 -14.947700 -17.772100
v -13.033500 -15.866900 -18.684900
v -5.690580 -9.906900 -21.309900
v -5.861410 -9.543860 -20.457200
v -6.631970 -9.936480 -20.457200
v -11.552000 -31.556600 -14.971200
v -12.081400 -30.777600 -15.911600
v -12.129300 -30.812400 -14.971200
v -10.500400 -12.139500 -10.315100
v -10.874400 -13.003900 -9.418930
v -11.098800 -12.818300 -10.315100
v -13.610800 -16.611100 -17.772100
v -13.774900 -16.546100 -16.846500
v -14.090200 -17.421800 -16.846500
v -11.711900 -15.561300 -21.309900
v -12.063500 -15.368000 -20.457200
v -12.093100 -16.309400 -21.309900
v -11.229500 -21.293500 -4.580320
v -11.251700 -22.000000 -4.580320
v -13.884800 -16.502600 -13.088400
v -13.774900 -16.546100 -12.153500
v -14.090200 -17.421800 -12.153500
v -11.711900 -28.438700 -7.690140
v -11.284500 -29.161400 -7.690140
v -12.063500 -28.632000 -8.542780
v -14.376000 -22.904500 -10.315100
v -14.290800 -23.805400 -10.315100
v -14.609900 -22.919200 -11.227900
v -4.819490 -25.501600 -28.266300
v -14.904000 -22.937700 -13.088400
v -14.815700 -23.871700 -13.088400
v -14.963000 -22.941400 -14.028800
v -7.908010 -31.559100 -22.931300
v -8.113470 -30.640000 -23.693600
v -8.492630 -31.043700 -22.931300
v -5.374280 -28.496400 -26.906200
v -2.644550 -8.136770 -19.581100
v -2.699120 -7.850740 -18.684900
v -3.509810 -8.330180 -19.581100
v 0.622861 -12.099900 -25.751700
v 0.000000 -12.080300 -25.751700
v 0.000000 -12.806400 -26.352300
v -3.277620 -11.912500 -25.106600
v -2.637750 -11.726600 -25.106600
v -3.476960 -11.299000 -24.419700
v -7.800430 -31.988800 -22.500000
v -7.292190 -32.036800 -22.931300
v -8.082470 -31.770000 -22.500000
v -7.718270 -34.162000 -10.315100
v -6.939370 -34.622700 -10.315100
v -7.843830 -34.359900 -11.227900
v -2.341890 -22.147300 0.315325
v -3.246350 -22.410100 0.138751
v 6.308060 -8.594690 -16.846500
v 6.358340 -8.487830 -15.911600
v 5.497360 -8.115250 -15.911600
v 5.388880 -8.389230 -17.772100
v 5.453880 -8.225060 -16.846500
v 4.578190 -7.909790 -16.846500
v -3.904550 -31.861800 -3.893400
v -9.331090 -33.279400 -11.227900
v -9.443640 -33.415400 -12.153500
v -10.141800 -32.799900 -12.153500
v -6.691140 -25.678500 -1.588870
v -6.446970 -26.091400 -1.588870
v -7.388360 -26.061800 -2.093790
v -5.665650 -23.840900 -0.733680
v -5.538880 -24.193000 -0.733680
v -6.331650 -24.506900 -1.134900
v -8.466700 -10.346600 -18.684900
v -8.604440 -10.157000 -17.772100
v -9.181710 -10.901200 -18.684900
v -12.381700 -21.221000 -6.068750
v -5.041000 -21.363200 -0.386788
v -5.071040 -21.681000 -0.386788
v -5.910240 -21.253400 -0.733680
v -4.926180 -14.237600 -2.647670
v -6.323040 -14.356800 -25.751700
v -6.760900 -13.827500 -25.106600
v -7.260720 -14.268100 -25.106600
v -5.453880 -8.225060 -16.846500
v -4.578190 -7.909790 -16.846500
v -5.497360 -8.115250 -15.911600
v -5.388880 -8.389230 -17.772100
v -6.308060 -8.594690 -16.846500
v -7.376360 -10.376700 -20.457200
v -7.562240 -10.083800 -19.581100
v -8.091640 -10.862800 -20.457200
v -2.743030 -7.620540 -17.772100
v -3.582230 -8.048130 -18.684900
v -10.020900 -11.328800 -17.772100
v -9.331090 -10.720600 -17.772100
v -10.141800 -11.200100 -16.846500
v -11.985800 -13.291800 -16.846500
v -11.506400 -12.481100 -15.911600
v -12.081400 -13.222400 -15.911600
v -14.349900 -18.315600 -16.846500
v -13.405300 -15.691900 -16.846500
v -13.512200 -15.641700 -15.911600
v -9.411810 -13.161700 -22.135600
v -9.149040 -12.257300 -21.309900
v -9.742740 -12.851000 -21.309900
v -8.838280 -12.588200 -22.135600
v -11.272200 -18.337400 -23.693600
v -11.020000 -17.636900 -23.693600
v -11.799000 -18.166300 -22.931300
v -5.390250 -19.463500 -28.266300
v -5.967520 -18.719300 -27.865100
v -6.161740 -19.100500 -27.865100
v -13.922300 -17.476400 -17.772100
v -14.178800 -18.359500 -17.772100
v -14.963000 -21.058600 -14.028800
v -14.933400 -22.000000 -13.088400
v -14.992600 -22.000000 -14.028800
v -12.799600 -27.067700 -8.542780
v -12.456100 -27.861400 -8.542780
v -13.122100 -27.195400 -9.418930
v -11.758900 -23.485500 -5.306390
v -12.308400 -23.554900 -6.068750
v -12.367500 -15.200900 -9.418930
v -12.770000 -15.990900 -9.418930
v -13.033500 -15.866900 -10.315100
v -11.162900 -23.410200 -4.580320
v -11.828900 -22.744200 -5.306390
v -13.951900 -25.582200 -10.315100
v -13.922300 -26.523600 -11.227900
v -14.178800 -25.640500 -11.227900
v -11.415400 -31.443600 -16.846500
v -11.279400 -31.331100 -17.772100
v -11.843000 -30.604400 -17.772100
v -13.739200 -22.864400 -8.542780
v -14.001900 -23.768900 -9.418930
v -14.085400 -22.886200 -9.418930
v -10.701000 -18.523000 -4.580320
v -10.898200 -19.201800 -4.580320
v -11.480000 -19.052400 -5.306390
v -10.288100 -31.661200 -19.581100
v -10.874400 -30.996100 -19.581100
v -13.669800 -25.509800 -19.581100
v -13.522500 -24.579600 -20.457200
v -13.863200 -24.644600 -19.581100
v -6.631970 -34.063500 -8.542780
v -5.861410 -34.456100 -8.542780
v -6.799090 -34.367500 -9.418930
v -10.445300 -29.589000 -22.135600
v -10.474900 -28.647600 -22.931300
v -10.901200 -28.918100 -22.135600
v -11.137200 -30.091600 -20.457200
v -11.623300 -29.376400 -20.457200
v -11.916200 -29.562200 -19.581100
v -5.976740 -32.871600 -22.931300
v -5.709900 -32.386300 -23.693600
v -6.350790 -32.007200 -23.693600
v 2.637750 -11.726600 -25.106600
v 1.987480 -11.581300 -25.106600
v 1.858760 -12.256000 -25.751700
v -3.713790 -7.535730 -15.911600
v -3.728510 -7.478420 -14.971200
v -4.632970 -7.741190 -14.971200
v -4.523620 -8.077720 -17.772100
v 1.410210 -10.837100 -24.419700
v 1.485490 -10.241100 -23.693600
v 0.744213 -10.171100 -23.693600
v -6.331650 -24.506900 -27.865100
v -5.665650 -23.840900 -28.266300
v -6.476560 -24.104400 -27.865100
v -1.898900 -14.604300 -27.411100
v -2.096770 -13.833600 -26.906200
v -2.605400 -13.981400 -26.906200
v -4.223590 -13.024400 -25.751700
v -4.516070 -12.402900 -25.106600
v -5.109770 -12.705400 -25.106600
v -4.752900 -9.995530 -22.135600
v -4.920020 -9.573450 -21.309900
v -6.234400 -30.580900 -3.893400
v -6.613560 -31.102800 -4.580320
v -7.172080 -30.669600 -4.580320
v -3.238790 -25.915000 -0.386788
v -3.797270 -26.590100 -0.733680
v 2.798250 -7.331080 -15.911600
v 1.879070 -7.125620 -14.971200
v 1.871650 -7.184320 -15.911600
v -2.104360 -15.523400 -1.134900
v -1.840880 -16.334300 -0.733680
v -2.506880 -15.668400 -1.134900
v -13.565700 -15.616500 -14.971200
v -1.116270 -16.148300 -0.733680
v -0.952097 -17.008900 -0.386788
v -1.481500 -16.229900 -0.733680
v 3.713790 -7.535730 -13.088400
v 7.052270 -9.171960 -17.772100
v 6.939370 -9.377320 -18.684900
v 7.137340 -9.017230 -16.846500
v 7.194230 -8.913740 -15.911600
v 2.699120 -7.850740 -18.684900
v 2.743030 -7.620540 -17.772100
v 1.834720 -7.476680 -17.772100
v -8.708230 -33.985800 -12.153500
v -7.938450 -34.509000 -12.153500
v -8.777650 -34.081400 -13.088400
v -8.091640 -33.137200 -8.542780
v -8.295540 -33.417800 -9.418930
v -8.996100 -32.874400 -9.418930
v -12.682400 -24.419300 -6.864380
v -12.505500 -25.210900 -6.864380
v -12.945200 -25.323800 -7.690140
v -4.110740 -22.784200 -0.095594
v -4.991070 -22.952100 -0.386788
v -9.434170 -25.065300 -3.248330
v -10.087500 -25.277600 -3.893400
v -10.273400 -24.637800 -3.893400
v -10.445300 -29.589000 -6.864380
v -9.948200 -30.229900 -6.864380
v -10.812600 -29.855800 -7.690140
v -8.229860 -31.948200 -6.864380
v -8.519230 -32.298000 -7.690140
v -8.838280 -31.411800 -6.864380
v -5.390250 -24.536500 -0.733680
v -6.161740 -24.899500 -1.134900
v -5.071040 -22.319000 -0.386788
v -5.945460 -22.374100 -0.733680
v -5.957220 -22.000000 -0.733680
v -2.647220 -20.076700 0.138751
v -1.981230 -20.742700 0.315325
v -2.762770 -20.246700 0.138751
v -5.967520 -18.719300 -1.134900
v -5.390250 -19.463500 -0.733680
v -6.161740 -19.100500 -1.134900
v -1.011150 -18.888000 0.138751
v -1.204560 -18.957600 0.138751
v -1.540550 -18.109000 -0.095594
v -3.667230 -24.016100 -0.095594
v -3.533400 -24.242400 -0.095594
v -4.452570 -24.447800 -0.386788
v -1.898370 -23.379200 0.315325
v -2.328010 -21.705900 0.315325
v -2.341890 -21.852700 0.315325
v -3.246350 -21.589900 0.138751
v -1.408840 -21.911400 0.433429
v -1.411620 -22.000000 0.433429
v -8.492630 -12.956300 -22.931300
v -8.639970 -13.886500 -23.693600
v -8.113470 -13.360000 -23.693600
v -9.043740 -13.507400 -22.931300
v -10.087500 -18.722400 -25.106600
v -9.861770 -18.095400 -25.106600
v -10.701000 -18.523000 -24.419700
v -9.443640 -10.584600 -16.846500
v -12.162000 -14.281700 -10.315100
v -11.916200 -14.437800 -9.418930
v -12.622700 -15.060600 -10.315100
v -0.941393 -7.036990 -14.028800
v -1.879070 -7.125620 -14.028800
v -0.941393 -7.036990 -14.971200
v -6.613560 -12.897200 -24.419700
v -6.350790 -11.992800 -23.693600
v -6.966620 -12.411300 -23.693600
v -0.744213 -10.171100 -23.693600
v -0.778992 -9.618270 -22.931300
v -1.485490 -10.241100 -23.693600
v -2.947550 -10.520000 -23.693600
v -3.662570 -10.727800 -23.693600
v 0.000000 -7.886790 -19.581100
v -0.886175 -7.914640 -19.581100
v 0.810696 -9.114350 -22.135600
v 0.839201 -8.661270 -21.309900
v 0.000000 -9.088870 -22.135600
v 2.220900 -10.357600 -23.693600
v 2.324690 -9.813540 -22.931300
v -14.874400 -20.120900 -14.971200
v -14.874400 -20.120900 -14.028800
v -14.963000 -21.058600 -14.971200
v -14.521600 -18.271500 -14.028800
v -14.464300 -18.286200 -13.088400
v -13.884800 -16.502600 -15.911600
v -13.939800 -16.480900 -14.971200
v -12.004500 -17.247100 -22.135600
v -12.426600 -17.080000 -21.309900
v -12.711000 -17.870000 -21.309900
v -9.841460 -20.756700 -25.751700
v -9.743970 -20.141200 -25.751700
v -10.523000 -20.670600 -25.106600
v -13.245500 -15.767100 -17.772100
v -7.437780 -16.596100 -26.352300
v -7.083790 -16.139800 -26.352300
v -11.535000 -17.433000 -22.931300
v -10.871600 -16.023300 -22.931300
v -10.474900 -15.352400 -22.931300
v -11.314100 -15.780000 -22.135600
v -4.590120 -18.202700 -28.266300
v -4.964170 -17.338300 -27.865100
v -5.247080 -17.659200 -27.865100
v -7.118740 -17.482300 -26.906200
v -6.821020 -17.044200 -26.906200
v -3.915030 -18.761200 -28.613200
v -3.703940 -18.521800 -28.613200
v -7.839180 -25.103800 -26.906200
v -8.018600 -24.605400 -26.906200
v -8.548000 -25.384400 -26.352300
v -14.258800 -17.367000 -14.971200
v -14.258800 -17.367000 -14.028800
v -13.565700 -15.616500 -14.028800
v -13.512200 -15.641700 -13.088400
v -13.939800 -16.480900 -14.028800
v -14.202500 -17.385300 -13.088400
v -14.638800 -22.000000 -11.227900
v -14.815300 -22.000000 -12.153500
v -13.522500 -19.420400 -8.542780
v -13.657800 -20.274600 -8.542780
v -13.259700 -20.324900 -7.690140
v -12.622700 -28.939400 -10.315100
v -12.828000 -29.052300 -11.227900
v -13.033500 -28.133100 -10.315100
v -14.149300 -24.699100 -10.315100
v -14.523300 -23.834700 -11.227900
v -9.742740 -31.149000 -7.690140
v -9.411810 -30.838300 -6.864380
v -9.149040 -31.742700 -7.690140
v -10.585700 -22.666000 -3.893400
v -11.229500 -22.706500 -4.580320
v -8.001730 -34.608700 -15.911600
v -8.777650 -34.081400 -15.911600
v -9.223080 -18.348300 -3.248330
v -9.434170 -18.934700 -3.248330
v -9.861770 -18.095400 -3.893400
v -13.338700 -22.839200 -7.690140
v -13.657800 -23.725400 -8.542780
v -8.414610 -21.470600 -2.093790
v -8.431250 -22.000000 -2.093790
v -9.175460 -21.422700 -2.647670
v -5.081070 -22.000000 -0.386788
v -8.412240 -31.479300 -22.500000
v -12.367500 -28.799100 -19.581100
v -12.622700 -28.939400 -18.684900
v -13.657800 -23.725400 -20.457200
v -13.739200 -22.864400 -20.457200
v -14.001900 -23.768900 -19.581100
v -11.682300 -27.497300 -22.135600
v -11.535000 -26.567000 -22.931300
v -12.004500 -26.752900 -22.135600
v -8.793750 -32.563800 -20.500000
v -10.020900 -32.671200 -11.227900
v -5.683300 -30.955400 -25.106600
v -5.315230 -30.375500 -25.751700
v -5.830640 -30.025200 -25.751700
v -13.565700 -28.383500 -14.971200
v -13.512200 -28.358300 -15.911600
v -13.939800 -27.519100 -14.971200
v -10.929100 -32.263100 -14.971200
v -10.886000 -32.222600 -15.911600
v -11.506400 -31.518900 -15.911600
v -6.415810 -32.929800 -22.500000
v -6.647580 -32.474900 -22.931300
v -6.794220 -32.706000 -22.500000
v -10.585700 -22.666000 -25.106600
v -10.606600 -22.000000 -25.106600
v -6.908920 -25.251100 -27.411100
v -7.099420 -24.810900 -27.411100
v -5.519140 -35.939800 -14.971200
v -6.358340 -35.512200 -15.911600
v -6.383540 -35.565700 -14.971200
v -3.085300 -9.983550 -22.931300
v -3.833730 -10.201000 -22.931300
v 0.706497 -10.770500 -24.419700
v -3.323760 -9.054790 -21.309900
v -2.579550 -8.477520 -20.457200
v -3.423540 -8.666170 -20.457200
v -1.554910 -9.691620 -22.931300
v -1.618190 -9.190680 -22.135600
v -2.324690 -9.813540 -22.931300
v 5.067720 -9.200400 -20.457200
v 4.361220 -8.577540 -19.581100
v 4.254030 -8.907450 -20.457200
v -4.061790 -14.611600 -26.906200
v -3.914450 -13.681400 -26.352300
v -4.429050 -13.943600 -26.352300
v -5.957220 -22.000000 -28.266300
v -6.796420 -21.572400 -27.865100
v -6.809860 -22.000000 -27.865100
v -2.459800 -18.614400 -28.904400
v -2.242360 -18.466600 -28.904400
v -2.722570 -17.709900 -28.613200
v -2.840980 -13.256400 -26.352300
v -3.065350 -12.565800 -25.751700
v -3.384390 -13.452000 -26.352300
v -3.904550 -12.138200 -25.106600
v -4.142010 -11.538500 -24.419700
v 7.222740 -8.861890 -14.971200
v 6.383540 -8.434290 -14.971200
v 8.033440 -9.341330 -14.971200
v 4.632970 -7.741190 -14.028800
v 5.497360 -8.115250 -13.088400
v 4.614680 -7.797460 -13.088400
v -9.518930 -10.493600 -15.911600
v -10.222600 -11.114000 -15.911600
v -12.982800 -14.862700 -16.846500
v -12.608700 -13.998300 -15.911600
v -10.263100 -11.070900 -14.971200
v -10.671200 -11.979100 -11.227900
v -11.279400 -12.668900 -11.227900
v 5.519140 -8.060230 -14.971200
v 2.579550 -8.477520 -20.457200
v 1.768850 -7.998070 -19.581100
v 1.725380 -8.342230 -20.457200
v 1.856850 -7.301500 -16.846500
v 0.000000 -7.007400 -14.971200
v 0.941393 -7.036990 -14.028800
v 0.000000 -7.007400 -14.028800
v 0.941393 -7.036990 -14.971200
v -2.809330 -7.272960 -14.971200
v 1.879070 -7.125620 -14.028800
v 2.798250 -7.331080 -13.088400
v 1.871650 -7.184320 -13.088400
v 6.358340 -8.487830 -13.088400
v 7.194230 -8.913740 -13.088400
v -8.166370 -24.096800 -2.093790
v -8.904770 -24.286400 -2.647670
v -9.030760 -23.722700 -2.647670
v -7.260720 -29.731900 -3.893400
v -7.702300 -30.202100 -4.580320
v -5.497360 -35.884800 -13.088400
v -5.519140 -35.939800 -14.028800
v -6.358340 -35.512200 -13.088400
v -4.363130 -33.020000 -5.306390
v -4.567030 -33.535000 -6.068750
v -5.046470 -32.724300 -5.306390
v -6.232880 -35.245500 -11.227900
v -6.308060 -35.405300 -12.153500
v -7.052270 -34.828000 -11.227900
v -6.796420 -22.427600 -1.134900
v -7.575410 -22.957000 -1.588870
v -7.620550 -22.479400 -1.588870
v -6.595910 -23.693500 -1.134900
v -7.395730 -23.898900 -1.588870
v -7.500370 -23.430800 -1.588870
v -9.608030 -24.466900 -3.248330
v -9.743970 -23.858800 -3.248330
v -9.900100 -21.377100 -3.248330
v -14.552900 -24.776100 -12.153500
v -14.668900 -24.798200 -13.088400
v -14.698500 -23.856900 -12.153500
v -7.194230 -35.086300 -13.088400
v -8.018600 -24.605400 -2.093790
v -6.476560 -24.104400 -1.134900
v -7.261910 -24.359500 -1.588870
v -4.590120 -25.797300 -0.733680
v -4.342620 -26.078000 -0.733680
v -4.964170 -26.661700 -1.134900
v -5.851700 -23.116300 -0.733680
v -6.689240 -23.276000 -1.134900
v -5.910240 -22.746600 -0.733680
v -3.265690 -21.794500 0.138751
v -4.151870 -21.475500 -0.095594
v -3.980040 -23.293200 -0.095594
v -4.832380 -23.570100 -0.386788
v -4.921440 -23.263600 -0.386788
v -5.538880 -19.807000 -0.733680
v -4.832380 -20.429900 -0.386788
v -5.665650 -20.159100 -0.733680
v -5.509290 -17.997300 -1.134900
v -5.749750 -18.351100 -1.134900
v -6.177350 -17.511900 -1.588870
v -1.710540 -20.393700 0.315325
v -1.808020 -20.504300 0.315325
v -2.521230 -19.914300 0.138751
v 0.784165 -17.889300 -0.095594
v 1.263610 -17.078600 -0.386788
v -2.231670 -22.725100 0.315325
v -2.346520 -22.000000 0.315325
v -1.029030 -21.033700 0.433429
v -0.966323 -20.971000 0.433429
v -1.386620 -21.735500 0.433429
v -2.272800 -21.416400 0.315325
v -1.408840 -22.088600 0.433429
v -1.400490 -22.176900 0.433429
v -2.272800 -22.583600 0.315325
v -3.112000 -23.011200 0.138751
v -3.169350 -22.813800 0.138751
v -2.304950 -21.560300 0.315325
v -3.214190 -21.386900 0.138751
v -7.292190 -11.963200 -22.931300
v -7.137340 -9.017230 -16.846500
v -7.194230 -8.913740 -15.911600
v -6.939370 -9.377320 -18.684900
v -7.718270 -9.837960 -18.684900
v -4.361220 -8.577540 -19.581100
v -4.451210 -8.300600 -18.684900
v -5.302620 -8.607120 -18.684900
v 0.937677 -7.096040 -13.088400
v 0.000000 -7.066570 -13.088400
v -3.640510 -7.821150 -17.772100
v -0.810696 -9.114350 -22.135600
v -1.675090 -8.740290 -21.309900
v 2.644550 -8.136770 -19.581100
v 6.232880 -8.754460 -17.772100
v 6.133100 -8.966500 -18.684900
v 6.799090 -9.632500 -19.581100
v 0.778992 -9.618270 -22.931300
v 0.000000 -10.147700 -23.693600
v 1.554910 -9.691620 -22.931300
v -14.376000 -21.095500 -10.315100
v -14.786100 -21.069700 -12.153500
v -14.202500 -17.385300 -15.911600
v -13.138100 -14.777300 -14.028800
v -12.658700 -13.966600 -14.028800
v -12.359900 -14.156200 -17.772100
v -11.098800 -12.818300 -18.684900
v -10.500400 -12.139500 -18.684900
v -11.279400 -12.668900 -17.772100
v -9.559150 -14.092000 -22.931300
v -9.948200 -13.770100 -22.135600
v -11.417800 -13.704500 -19.581100
v -10.874400 -13.003900 -19.581100
v -11.653400 -13.533300 -18.684900
v -10.298000 -13.480800 -21.309900
v -10.812600 -14.144200 -21.309900
v -14.523300 -20.165300 -17.772100
v -14.904000 -21.062300 -15.911600
v -14.815700 -20.128300 -15.911600
v -7.628820 -18.410100 -26.906200
v -7.388360 -17.938200 -26.906200
v -8.318620 -18.085600 -26.352300
v -7.762420 -17.073800 -26.352300
v -8.375460 -16.684800 -25.751700
v -8.692680 -17.221200 -25.751700
v -9.294640 -16.890200 -25.106600
v -8.955450 -16.316700 -25.106600
v -9.500100 -15.971100 -24.419700
v -4.091370 -15.553000 -27.411100
v -4.517690 -14.881300 -26.906200
v -8.025190 -16.169400 -25.751700
v -9.223080 -18.348300 -25.751700
v -7.731880 -14.739300 -25.106600
v -7.172080 -13.330400 -24.419700
v -7.554960 -12.867600 -23.693600
v -5.683300 -13.044500 -25.106600
v -6.028940 -12.499900 -24.419700
v -6.234400 -13.419100 -25.106600
v -4.867130 -16.116700 -27.411100
v -4.955760 -15.179000 -26.906200
v -5.374280 -15.503600 -26.906200
v -4.819490 -18.498400 -28.266300
v -5.509290 -17.997300 -27.865100
v -6.331650 -19.493100 -27.865100
v -7.099420 -19.189100 -27.411100
v -7.261910 -19.640500 -27.411100
v -7.620550 -22.479400 -27.411100
v -7.635620 -22.000000 -27.411100
v -8.431250 -22.000000 -26.906200
v -14.727000 -19.190700 -14.028800
v -14.379500 -19.257000 -11.227900
v -14.404400 -22.000000 -10.315100
v -14.149300 -19.300900 -10.315100
v -13.392900 -27.302600 -10.315100
v -13.610800 -27.388900 -11.227900
v -13.512200 -28.358300 -13.088400
v -13.138100 -29.222700 -14.028800
v -13.565700 -28.383500 -14.028800
v -11.480000 -24.947600 -5.306390
v -11.799000 -25.833700 -6.068750
v -12.016400 -25.085300 -6.068750
v -13.774900 -27.453900 -12.153500
v -14.090200 -26.578200 -12.153500
v -9.841460 -20.756700 -3.248330
v -10.523000 -20.670600 -3.893400
v -8.604440 -33.843000 -11.227900
v -12.509000 -29.938400 -12.153500
v -12.081400 -30.777600 -13.088400
v -12.608700 -30.001700 -13.088400
v -12.982800 -29.137300 -12.153500
v -14.258800 -26.633000 -14.971200
v -14.464300 -25.713800 -15.911600
v -14.521600 -25.728500 -14.971200
v -11.642400 -19.779100 -5.306390
v -11.758900 -20.514500 -5.306390
v -12.186500 -19.675300 -6.068750
v -7.099420 -24.810900 -1.588870
v -6.908920 -25.251100 -1.588870
v -7.839180 -25.103800 -2.093790
v -7.261910 -19.640500 -1.588870
v -7.395730 -20.101100 -1.588870
v -8.018600 -19.394600 -2.093790
v -9.175460 -22.577300 -2.647670
v -9.841460 -23.243300 -3.248330
v -5.967520 -25.280700 -1.134900
v -7.137340 -34.982800 -16.846500
v -7.938450 -34.509000 -16.846500
v -11.985800 -30.708200 -16.846500
v -12.509000 -29.938400 -16.846500
v -13.884800 -27.497400 -13.088400
v -13.939800 -27.519100 -14.028800
v -14.258800 -26.633000 -14.028800
v -12.658700 -30.033400 -14.971200
v -12.608700 -30.001700 -15.911600
v -13.086300 -29.194200 -15.911600
v -14.609900 -21.080800 -17.772100
v -14.349900 -25.684400 -16.846500
v -14.178800 -25.640500 -17.772100
v -14.379500 -24.743000 -17.772100
v -10.607100 -30.775000 -20.457200
v -10.812600 -29.855800 -21.309900
v -12.063500 -28.632000 -20.457200
v -7.843830 -34.359900 -17.772100
v -8.604440 -33.843000 -17.772100
v -12.828000 -29.052300 -17.772100
v -12.982800 -29.137300 -16.846500
v -10.298000 -30.519200 -21.309900
v -9.980270 -30.627900 -21.612800
v -9.991650 -30.265800 -22.033000
v -9.979710 -30.633800 -21.606400
v -9.518930 -33.506400 -15.911600
v -9.443640 -33.415400 -16.846500
v -10.141800 -32.799900 -16.846500
v -11.098800 -31.181700 -18.684900
v -11.653400 -30.466700 -18.684900
v -8.812430 -34.129300 -14.028800
v -9.556640 -33.552000 -14.028800
v -8.812430 -34.129300 -14.971200
v -10.222600 -32.886000 -15.911600
v -5.860220 -29.083800 -26.352300
v -6.293460 -28.701900 -26.352300
v -6.323040 -29.643200 -25.751700
v -6.146120 -27.771600 -26.906200
v -5.771590 -28.146100 -26.906200
v -6.701850 -28.293500 -26.352300
v -11.284500 -29.161400 -21.309900
v -13.338700 -22.839200 -21.309900
v -13.365100 -22.000000 -21.309900
v -13.766300 -22.000000 -20.457200
v -6.234400 -30.580900 -25.106600
v -6.760900 -30.172500 -25.106600
v -7.172080 -30.669600 -24.419700
v -5.497360 -35.884800 -15.911600
v -5.453880 -35.774900 -16.846500
v -6.308060 -35.405300 -16.846500
v -4.778840 -13.307300 -25.751700
v -3.589850 -14.371200 -26.906200
v -7.908010 -12.440900 -22.931300
v -4.363130 -10.980000 -23.693600
v -4.567030 -10.465000 -22.931300
v -5.046470 -11.275700 -23.693600
v -2.798170 -11.101800 -24.419700
v -2.108350 -10.947600 -24.419700
v -6.133100 -8.966500 -18.684900
v -6.232880 -8.754460 -17.772100
v -7.052270 -9.171960 -17.772100
v -3.210870 -9.494500 -22.135600
v -4.130040 -9.289040 -21.309900
v 5.497290 -10.317700 -22.135600
v -3.478230 -18.296100 -28.613200
v -3.238790 -18.085000 -28.613200
v -3.797270 -17.409900 -28.266300
v -3.050640 -19.135300 -28.904400
v -2.864740 -18.949400 -28.904400
v -4.832380 -20.429900 -28.613200
v -4.724260 -20.129500 -28.613200
v -5.538880 -19.807000 -28.266300
v -4.110670 -19.013400 -28.613200
v -4.452570 -19.552200 -28.613200
v -5.029850 -18.808000 -28.266300
v -5.220350 -19.130100 -28.266300
v 0.479445 -14.379400 -27.411100
v 0.000000 -14.364400 -27.411100
v 0.000000 -15.190100 -27.865100
v 3.476960 -11.299000 -24.419700
v 3.662570 -10.727800 -23.693600
v -2.220900 -10.357600 -23.693600
v -2.536460 -16.609700 -28.266300
v -2.899500 -15.838300 -27.865100
v -3.280670 -16.032500 -27.865100
v -2.869910 -16.779600 -28.266300
v -1.116270 -16.148300 -28.266300
v -0.746637 -16.089800 -28.266300
v -3.192040 -27.029800 -0.733680
v -2.867400 -23.576400 0.138751
v -2.960730 -23.393200 0.138751
v -3.224490 -24.667500 -0.095594
v -3.703940 -25.478200 -0.386788
v -3.915030 -25.238800 -0.386788
v 8.001730 -9.391290 -13.088400
v -11.535000 -17.433000 -6.068750
v -11.020000 -17.636900 -5.306390
v -11.799000 -18.166300 -6.068750
v -13.610800 -16.611100 -11.227900
v -13.392900 -16.697400 -10.315100
v -10.020900 -11.328800 -11.227900
v -10.141800 -11.200100 -12.153500
v -4.614680 -7.797460 -13.088400
v -2.809330 -7.272960 -14.028800
v -5.519140 -8.060230 -14.028800
v -5.497360 -8.115250 -13.088400
v -6.358340 -8.487830 -13.088400
v -12.081400 -13.222400 -13.088400
v -12.608700 -13.998300 -13.088400
v -13.086300 -14.805800 -13.088400
v -12.129300 -13.187600 -14.971200
v -11.506400 -12.481100 -13.088400
v -11.415400 -12.556400 -12.153500
v -11.985800 -13.291800 -12.153500
v -13.405300 -15.691900 -12.153500
v -13.245500 -15.767100 -11.227900
v 6.009110 -9.229980 -19.581100
v 5.302620 -8.607120 -18.684900
v 4.523620 -8.077720 -17.772100
v 1.805350 -7.709180 -18.684900
v 3.509810 -8.330180 -19.581100
v 3.582230 -8.048130 -18.684900
v 0.904460 -7.624020 -18.684900
v 0.919174 -7.390130 -17.772100
v 0.930262 -7.213910 -16.846500
v -0.937677 -7.096040 -15.911600
v -0.919174 -7.390130 -17.772100
v -1.805350 -7.709180 -18.684900
v 3.728510 -7.478420 -14.971200
v 3.728510 -7.478420 -14.028800
v 4.632970 -7.741190 -14.971200
v 4.614680 -7.797460 -15.911600
v -9.556640 -33.552000 -14.971200
v -9.661160 -32.288100 -9.418930
v -9.860490 -32.500400 -10.315100
v -3.280670 -27.967500 -1.134900
v -3.648900 -27.749800 -1.134900
v -6.009110 -34.770000 -9.418930
v -7.562240 -33.916200 -9.418930
v -8.466700 -33.653400 -10.315100
v -11.162900 -20.589800 -4.580320
v -5.770060 -23.481500 -0.733680
v -6.756160 -22.853500 -1.134900
v -11.052400 -24.108400 -4.580320
v -11.642400 -24.220900 -5.306390
v -9.859910 -27.420500 -4.580320
v -10.386300 -27.709900 -5.306390
v -10.724300 -27.046500 -5.306390
v -5.109770 -31.294600 -3.893400
v -5.420530 -31.859900 -4.580320
v -6.028940 -31.500100 -4.580320
v -8.056420 -26.429100 -2.647670
v -8.975590 -26.223600 -3.248330
v -12.367500 -28.799100 -9.418930
v -11.916200 -29.562200 -9.418930
v -11.137200 -30.091600 -8.542780
v -11.417800 -30.295500 -9.418930
v -10.874400 -30.996100 -9.418930
v -9.423690 -32.035200 -8.542780
v -3.385630 -24.459800 -0.095594
v -4.867130 -27.883300 -1.588870
v -5.374280 -28.496400 -2.093790
v -5.771590 -28.146100 -2.093790
v -4.290090 -24.722600 -0.386788
v -4.110670 -24.986600 -0.386788
v -4.819490 -25.501600 -0.733680
v -5.220350 -24.869900 -0.733680
v -5.029850 -25.192000 -0.733680
v -4.597490 -24.163400 -0.386788
v -4.184870 -22.000000 -0.095594
v -3.667230 -19.983900 -0.095594
v -3.786580 -20.218200 -0.095594
v -3.890990 -20.459400 -0.095594
v -9.121110 -20.847700 -2.647670
v -6.331650 -19.493100 -1.134900
v -8.743640 -19.159000 -2.647670
v -8.904770 -19.713600 -2.647670
v -3.533400 -19.757600 -0.095594
v -1.130440 -19.943700 0.315325
v -1.576370 -19.132600 0.138751
v -0.813750 -18.830700 0.138751
v -0.583554 -19.727200 0.315325
v -0.410109 -18.753700 0.138751
v -0.439692 -19.695000 0.315325
v -0.613139 -18.785800 0.138751
v -3.214190 -22.613100 0.138751
v -1.400490 -21.823100 0.433429
v -2.056270 -23.130400 0.315325
v -2.181740 -21.136200 0.315325
v -1.312500 -21.480300 0.433429
v -2.231670 -21.274900 0.315325
v -2.056270 -20.869600 0.315325
v -1.237020 -21.319900 0.433429
v -8.166370 -19.903200 -2.093790
v -8.281910 -20.420100 -2.093790
v -5.770060 -20.518500 -0.733680
v -5.851700 -20.883700 -0.733680
v -6.595910 -20.306500 -1.134900
v -7.843830 -9.640090 -17.772100
v -6.799090 -9.632500 -19.581100
v -8.708230 -10.014100 -16.846500
v -11.415400 -12.556400 -16.846500
v -6.358340 -8.487830 -15.911600
v -6.383540 -8.434290 -14.971200
v -7.222740 -8.861890 -14.971200
v -5.067720 -9.200400 -20.457200
v 3.423540 -8.666170 -20.457200
v 1.675090 -8.740290 -21.309900
v 3.989760 -9.720790 -22.135600
v 5.690580 -9.906900 -21.309900
v 5.861410 -9.543860 -20.457200
v 2.947550 -10.520000 -23.693600
v 1.329360 -11.477000 -25.106600
v 0.665994 -11.414300 -25.106600
v 2.108350 -10.947600 -24.419700
v -14.727000 -24.809300 -14.971200
v -14.668900 -24.798200 -15.911600
v -14.874400 -23.879100 -14.971200
v -14.904000 -21.062300 -13.088400
v -14.786100 -22.930300 -12.153500
v -13.669800 -25.509800 -9.418930
v -13.422500 -26.361200 -9.418930
v -14.815700 -20.128300 -13.088400
v -11.843000 -13.395600 -17.772100
v -12.770000 -15.990900 -19.581100
v -12.367500 -15.200900 -19.581100
v -12.509000 -14.061600 -16.846500
v -13.522500 -19.420400 -20.457200
v -13.863200 -19.355400 -19.581100
v -14.001900 -20.231100 -19.581100
v -13.422500 -17.638800 -19.581100
v -13.699400 -17.548800 -18.684900
v -13.951900 -18.417800 -18.684900
v -8.996100 -11.125600 -19.581100
v -9.860490 -11.499600 -18.684900
v -8.519230 -11.702000 -21.309900
v -7.855810 -11.187400 -21.309900
v -8.774980 -11.392900 -20.457200
v -7.161380 -10.715500 -21.309900
v -11.137200 -13.908400 -20.457200
v -11.916200 -14.437800 -19.581100
v -9.132370 -14.445000 -23.693600
v -9.588730 -15.033400 -23.693600
v -13.338700 -21.160800 -21.309900
v -13.739200 -21.135600 -20.457200
v -11.758900 -20.514500 -23.693600
v -12.308400 -20.445100 -22.931300
v -12.381700 -21.221000 -22.931300
v -11.642400 -19.779100 -23.693600
v -12.186500 -19.675300 -22.931300
v -13.128400 -24.504400 -21.309900
v -13.259700 -23.675100 -21.309900
v -10.273400 -19.362200 -25.106600
v -12.885700 -22.810700 -22.135600
v -13.669800 -18.490200 -19.581100
v -14.149300 -19.300900 -18.684900
v -10.461500 -17.858000 -24.419700
v -9.102790 -15.386400 -24.419700
v -10.007200 -15.649200 -23.693600
v -10.418700 -20.012500 -25.106600
v -11.052400 -19.891600 -24.419700
v -5.566130 -16.773100 -27.411100
v -5.883350 -17.132900 -27.411100
v -8.056420 -17.570900 -26.352300
v -8.975590 -17.776400 -25.751700
v -8.669560 -14.827900 -24.419700
v -4.926180 -14.237600 -26.352300
v -6.701850 -15.706500 -26.352300
v -5.315230 -13.624500 -25.751700
v -5.403870 -14.562200 -26.352300
v -6.908920 -18.748900 -27.411100
v -6.595910 -23.693500 -27.865100
v -14.727000 -19.190700 -14.971200
v -13.669800 -18.490200 -9.418930
v -14.113200 -22.000000 -9.418930
v -14.290800 -20.194600 -10.315100
v -12.711000 -26.130000 -7.690140
v -13.092500 -26.254000 -8.542780
v -13.333800 -25.423500 -8.542780
v -12.359900 -29.843800 -11.227900
v -13.522500 -24.579600 -8.542780
v -12.809300 -23.618200 -6.864380
v -13.128400 -24.504400 -7.690140
v -13.365100 -22.000000 -7.690140
v -13.699400 -26.451200 -10.315100
v -13.405300 -28.308100 -16.846500
v -13.610800 -27.388900 -17.772100
v -13.774900 -27.453900 -16.846500
v -11.506400 -31.518900 -13.088400
v -10.929100 -32.263100 -14.028800
v -11.552000 -31.556600 -14.028800
v -10.799900 -32.141800 -16.846500
v -13.086300 -29.194200 -13.088400
v -13.405300 -28.308100 -12.153500
v -11.843000 -13.395600 -11.227900
v -10.273400 -19.362200 -3.893400
v -11.052400 -19.891600 -4.580320
v -11.828900 -21.255800 -5.306390
v -11.852300 -22.000000 -5.306390
v -10.418700 -20.012500 -3.893400
v -10.523000 -23.329400 -3.893400
v -8.414610 -22.529400 -2.093790
v -9.121110 -23.152300 -2.647670
v -9.193610 -22.000000 -2.647670
v -12.658700 -30.033400 -14.028800
v -13.884800 -27.497400 -15.911600
v -14.090200 -26.578200 -16.846500
v -13.138100 -29.222700 -14.971200
v -14.202500 -26.614700 -15.911600
v -14.992600 -22.000000 -14.971200
v -12.456100 -27.861400 -20.457200
v -12.093100 -27.690600 -21.309900
v -12.799600 -27.067700 -20.457200
v -13.392900 -27.302600 -18.684900
v -13.922300 -26.523600 -17.772100
v -5.195420 -35.122100 -19.581100
v -5.398830 -33.473100 -22.500000
v -5.282310 -33.225500 -22.931300
v -5.388880 -35.610800 -17.772100
v -5.302620 -35.392900 -18.684900
v -6.232880 -35.245500 -17.772100
v -5.861410 -34.456100 -20.457200
v -6.631970 -34.063500 -20.457200
v -6.799090 -34.367500 -19.581100
v -9.921150 -31.253300 -20.878700
v -9.939030 -31.064100 -21.116200
v -9.912430 -31.308400 -20.815200
v -10.035200 -31.423700 -20.457200
v -12.381700 -22.779000 -22.931300
v -12.406200 -22.000000 -22.931300
v -12.911100 -22.000000 -22.135600
v -11.417800 -30.295500 -19.581100
v -6.939370 -34.622700 -18.684900
v -7.718270 -34.162000 -18.684900
v -8.001730 -34.608700 -13.088400
v -8.033440 -34.658700 -14.028800
v -8.708230 -33.985800 -16.846500
v -8.466700 -33.653400 -18.684900
v -6.966620 -31.588700 -23.693600
v -8.904770 -24.286400 -26.352300
v -8.166370 -24.096800 -26.906200
v -9.030760 -23.722700 -26.352300
v -5.851700 -23.116300 -28.266300
v -4.991070 -22.952100 -28.613200
v -5.910240 -22.746600 -28.266300
v -5.247080 -26.340800 -27.865100
v -5.509290 -26.002700 -27.865100
v -6.177350 -26.488100 -27.411100
v -5.749750 -25.648900 -27.865100
v -9.993390 -30.210300 -22.092400
v -7.395730 -23.898900 -27.411100
v -11.020000 -26.363100 -23.693600
v -10.461500 -26.142000 -24.419700
v -11.272200 -25.662600 -23.693600
v -8.375460 -27.315200 -25.751700
v -7.762420 -26.926200 -26.352300
v -8.692680 -26.778800 -25.751700
v -8.639970 -30.113500 -23.693600
v -9.043740 -30.492600 -22.931300
v -6.009110 -34.770000 -19.581100
v -0.479445 -14.379400 -27.411100
v -0.529402 -13.585400 -26.906200
v -1.056720 -13.635200 -26.906200
v -0.427594 -15.203600 -27.865100
v -1.430770 -14.499600 -27.411100
v -1.579860 -13.718100 -26.906200
v -5.195420 -8.877870 -19.581100
v -4.254030 -8.907450 -20.457200
v -6.009110 -9.229980 -19.581100
v -5.497290 -10.317700 -22.135600
v -5.282310 -10.774500 -22.931300
v -8.295540 -10.582200 -19.581100
v -3.224490 -19.332500 -28.904400
v -2.667530 -18.775500 -28.904400
v -3.890990 -20.459400 -28.904400
v -5.770060 -20.518500 -28.266300
v -5.665650 -20.159100 -28.266300
v -6.595910 -20.306500 -27.865100
v -3.786580 -20.218200 -28.904400
v -4.597490 -19.836600 -28.613200
v -4.342620 -17.922000 -28.266300
v -8.364770 -20.943300 -26.906200
v -8.281910 -20.420100 -26.906200
v -9.121110 -20.847700 -26.352300
v 1.722710 -12.969200 -26.352300
v 1.243270 -12.158500 -25.751700
v 1.152260 -12.878900 -26.352300
v -3.989760 -9.720790 -22.135600
v -1.725380 -8.342230 -20.457200
v -2.447820 -17.547400 -28.613200
v -2.163410 -17.402500 -28.613200
v -2.986580 -17.889300 -28.613200
v -4.078000 -17.657400 -28.266300
v -4.661670 -17.035800 -27.865100
v -0.956997 -14.424600 -27.411100
v -2.466920 -12.392000 -25.751700
v -4.002730 -27.509300 -1.134900
v 8.033440 -9.341330 -14.028800
v -13.863200 -19.355400 -9.418930
v -9.742740 -12.851000 -7.690140
v -9.411810 -13.161700 -6.864380
v -10.298000 -13.480800 -7.690140
v -5.519140 -8.060230 -14.971200
v -3.684420 -7.650130 -16.846500
v -2.776110 -7.447090 -16.846500
v -4.614680 -7.797460 -15.911600
v -9.556640 -10.448000 -14.028800
v -9.518930 -10.493600 -13.088400
v -10.263100 -11.070900 -14.028800
v -6.821020 -17.044200 -2.093790
v -6.446970 -17.908600 -1.588870
v -7.118740 -17.482300 -2.093790
v -11.552000 -12.443400 -14.028800
v -10.929100 -11.736900 -14.971200
v -10.929100 -11.736900 -14.028800
v -11.552000 -12.443400 -14.971200
v 7.222740 -8.861890 -14.028800
v 0.886175 -7.914640 -19.581100
v 0.000000 -7.184670 -16.846500
v 3.684420 -7.650130 -16.846500
v 3.713790 -7.535730 -15.911600
v 2.776110 -7.447090 -16.846500
v 0.000000 -7.066570 -15.911600
v -1.856850 -7.301500 -16.846500
v -1.834720 -7.476680 -17.772100
v 0.937677 -7.096040 -15.911600
v 2.809330 -7.272960 -14.971200
v -0.937677 -7.096040 -13.088400
v 6.383540 -8.434290 -14.028800
v 5.519140 -8.060230 -14.028800
v -10.886000 -32.222600 -13.088400
v -10.671200 -32.020900 -11.227900
v -10.799900 -32.141800 -12.153500
v -11.279400 -31.331100 -11.227900
v -9.181710 -33.098800 -10.315100
v -9.518930 -33.506400 -13.088400
v -10.263100 -32.929100 -14.028800
v -7.137340 -34.982800 -12.153500
v -5.195420 -35.122100 -9.418930
v -9.500100 -28.028900 -4.580320
v -10.007200 -28.350800 -5.306390
v -7.908010 -31.559100 -6.068750
v -7.292190 -32.036800 -6.068750
v -3.914450 -30.318600 -2.647670
v -4.223590 -30.975600 -3.248330
v -8.281910 -23.579900 -2.093790
v -5.041000 -22.636800 -0.386788
v -9.861770 -25.904500 -3.893400
v -10.701000 -25.477000 -4.580320
v -11.225500 -27.282300 -6.068750
v -11.535000 -26.567000 -6.068750
v -5.860220 -29.083800 -2.647670
v -5.403870 -29.437800 -2.647670
v -6.323040 -29.643200 -3.248330
v -11.843000 -30.604400 -11.227900
v -11.985800 -30.708200 -12.153500
v -10.035200 -31.423700 -8.542780
v -10.288100 -31.661200 -9.418930
v -5.749750 -25.648900 -1.134900
v -7.118740 -26.517700 -2.093790
v -2.864740 -25.050600 -0.095594
v -2.385290 -24.239900 0.138751
v -2.239940 -24.385300 0.138751
v -3.050640 -24.864700 -0.095594
v -3.890990 -23.540600 -0.095594
v -5.226940 -27.566100 -1.588870
v -4.661670 -26.964200 -1.134900
v -5.566130 -27.226900 -1.588870
v -2.762770 -23.753300 0.138751
v -2.867400 -20.423600 0.138751
v -2.385290 -19.760100 0.138751
v -4.176610 -21.737200 -0.095594
v -8.364770 -23.056700 -2.093790
v -4.053390 -20.959300 -0.095594
v -4.110740 -21.215800 -0.095594
v -4.921440 -20.736400 -0.386788
v -4.991070 -21.047900 -0.386788
v -7.575410 -21.043000 -1.588870
v -7.620550 -21.520600 -1.588870
v -8.364770 -20.943300 -2.093790
v -6.908920 -18.748900 -1.588870
v -7.099420 -19.189100 -1.588870
v -2.810860 -14.900600 -1.588870
v -11.225500 -16.717700 -6.068750
v -11.682300 -16.502700 -6.864380
v -1.257330 -20.018800 0.315325
v -1.379250 -20.101600 0.315325
v -1.923320 -19.352800 0.138751
v -1.087680 -21.100200 0.433429
v -2.667530 -18.775500 -0.095594
v -2.085750 -19.478800 0.138751
v -2.864740 -18.949400 -0.095594
v -1.753300 -19.237200 0.138751
v -2.242360 -18.466600 -0.095594
v -0.205460 -18.734300 0.138751
v -0.524503 -17.848100 -0.095594
v -2.447820 -17.547400 -0.386788
v -2.722570 -17.709900 -0.386788
v 1.693540 -15.404100 -1.134900
v 1.481500 -16.229900 -0.733680
v 1.116270 -16.148300 -0.733680
v 0.000000 -16.042800 -0.733680
v 0.319042 -16.929000 -0.386788
v 0.000000 -16.918900 -0.386788
v -2.193000 -16.461100 -0.733680
v -2.899500 -15.838300 -1.134900
v -2.181740 -22.863800 0.315325
v -3.042370 -23.204600 0.138751
v -1.277280 -21.399000 0.433429
v -2.304950 -22.439700 0.315325
v -1.898370 -20.620800 0.315325
v -12.016400 -18.914700 -6.068750
v -7.500370 -20.569200 -1.588870
v -8.777650 -9.918600 -15.911600
v -10.222600 -11.114000 -13.088400
v -10.886000 -11.777400 -13.088400
v -10.799900 -11.858200 -16.846500
v -10.671200 -11.979100 -17.772100
v -9.860490 -11.499600 -10.315100
v -1.768850 -7.998070 -19.581100
v -0.864394 -8.260850 -20.457200
v 4.920020 -9.573450 -21.309900
v 4.752900 -9.995530 -22.135600
v 5.195420 -8.877870 -19.581100
v 3.640510 -7.821150 -17.772100
v 4.451210 -8.300600 -18.684900
v 3.085300 -9.983550 -22.931300
v 2.466920 -12.392000 -25.751700
v 4.363130 -10.980000 -23.693600
v 4.567030 -10.465000 -22.931300
v 3.833730 -10.201000 -22.931300
v -14.521600 -25.728500 -14.028800
v -14.727000 -24.809300 -14.028800
v -14.202500 -26.614700 -13.088400
v -14.464300 -25.713800 -13.088400
v -14.349900 -18.315600 -12.153500
v -11.284500 -14.838600 -21.309900
v -12.162000 -14.281700 -18.684900
v -10.607100 -13.225000 -20.457200
v -6.438680 -10.288100 -21.309900
v -10.035200 -12.576300 -20.457200
v -10.288100 -12.338800 -19.581100
v -10.901200 -15.081900 -22.135600
v -9.859910 -16.579500 -24.419700
v -10.386300 -16.290100 -23.693600
v -13.259700 -20.324900 -21.309900
v -13.657800 -20.274600 -20.457200
v -11.682300 -16.502700 -22.135600
v -13.092500 -17.746000 -20.457200
v -13.333800 -18.576500 -20.457200
v -11.225500 -16.717700 -22.931300
v -9.030760 -20.277300 -26.352300
v -9.900100 -21.377100 -25.751700
v -10.585700 -21.334000 -25.106600
v -11.229500 -21.293500 -24.419700
v -10.007200 -28.350800 -23.693600
v -10.871600 -27.976700 -22.931300
v -13.422500 -26.361200 -19.581100
v -13.333800 -25.423500 -20.457200
v -14.552900 -24.776100 -16.846500
v -14.698500 -23.856900 -16.846500
v -13.951900 -25.582200 -18.684900
v -9.597140 -17.483900 -25.106600
v -10.898200 -19.201800 -24.419700
v -11.480000 -19.052400 -23.693600
v -12.308400 -23.554900 -22.931300
v -12.809300 -23.618200 -22.135600
v -8.548000 -18.615600 -26.352300
v -8.018600 -19.394600 -26.906200
v -8.904770 -19.713600 -26.352300
v -6.293460 -15.298100 -26.352300
v -6.790490 -14.768900 -25.751700
v -5.749750 -18.351100 -27.865100
v -7.702300 -13.797900 -24.419700
v -8.202110 -14.297700 -24.419700
v -1.276040 -15.310800 -27.865100
v -1.693540 -15.404100 -27.865100
v -5.226940 -16.433900 -27.411100
v -6.146120 -16.228400 -26.906200
v -5.771590 -15.853900 -26.906200
v -7.231130 -15.209500 -25.751700
v -5.830640 -13.974800 -25.751700
v -5.420530 -12.140100 -24.419700
v -5.709900 -11.613700 -23.693600
v -7.575410 -22.957000 -27.411100
v -6.796420 -22.427600 -27.865100
v -7.395730 -20.101100 -27.411100
v -7.500370 -20.569200 -27.411100
v -12.885700 -22.810700 -6.864380
v -13.259700 -23.675100 -7.690140
v -12.885700 -21.189300 -6.864380
v -12.186500 -24.324700 -6.068750
v -12.945200 -18.676200 -7.690140
v -12.682400 -19.580700 -6.864380
v -13.128400 -19.495600 -7.690140
v -14.379500 -24.743000 -11.227900
v -12.770000 -28.009100 -9.418930
v -11.623300 -29.376400 -8.542780
v -5.709900 -32.386300 -5.306390
v -5.976740 -32.871600 -6.068750
v -13.863200 -24.644600 -9.418930
v -12.093100 -27.690600 -7.690140
v -13.245500 -28.232900 -11.227900
v -10.263100 -32.929100 -14.971200
v -12.799600 -16.932300 -8.542780
v -13.092500 -17.746000 -8.542780
v -13.422500 -17.638800 -9.418930
v -12.456100 -16.138600 -8.542780
v -12.093100 -16.309400 -7.690140
v -10.585700 -21.334000 -3.893400
v -6.689240 -20.724000 -1.134900
v -10.418700 -23.987500 -3.893400
v -12.162000 -29.718300 -18.684900
v -13.033500 -28.133100 -18.684900
v -13.245500 -28.232900 -17.772100
v -12.945200 -25.323800 -21.309900
v -13.699400 -26.451200 -18.684900
v -7.052270 -34.828000 -17.772100
v -7.562240 -33.916200 -19.581100
v -9.423690 -32.035200 -20.457200
v -9.661160 -32.288100 -19.581100
v -6.133100 -35.033500 -18.684900
v -8.295540 -33.417800 -19.581100
v -9.872970 -31.557500 -20.500000
v -9.409910 -32.020500 -20.500000
v -9.243240 -30.680000 -22.500000
v -8.679980 -31.243200 -22.500000
v -12.359900 -29.843800 -17.772100
v -10.000000 -30.000000 -22.293200
v -9.993540 -29.794300 -22.500000
v -9.994660 -30.170000 -22.135600
v -10.036800 -29.292200 -22.931300
v -9.988790 -29.800400 -22.500000
v -6.108580 -33.111500 -22.500000
v -6.613560 -31.102800 -24.419700
v -6.383540 -35.565700 -14.028800
v -7.222740 -35.138100 -14.028800
v -9.331090 -33.279400 -17.772100
v -5.420530 -31.859900 -24.419700
v -6.790490 -29.231100 -25.751700
v -5.226940 -27.566100 -27.411100
v -5.566130 -27.226900 -27.411100
v -8.281910 -23.579900 -26.906200
v -8.364770 -23.056700 -26.906200
v -8.172530 -28.760900 -25.106600
v -8.580920 -28.234400 -25.106600
v -8.669560 -29.172100 -24.419700
v -5.910240 -21.253400 -28.266300
v -5.851700 -20.883700 -28.266300
v -6.689240 -20.724000 -27.865100
v -5.071040 -21.681000 -28.613200
v -5.945460 -21.625900 -28.266300
v -5.967520 -25.280700 -27.865100
v -6.446970 -26.091400 -27.411100
v -7.388360 -26.061800 -26.906200
v -7.628820 -25.589900 -26.906200
v -10.701000 -25.477000 -24.419700
v -11.480000 -24.947600 -23.693600
v -5.403870 -29.437800 -26.352300
v -5.883350 -26.867100 -27.411100
v -6.496390 -27.374300 -26.906200
v -7.231130 -28.790500 -25.751700
v -7.643240 -28.323000 -25.751700
v -13.122100 -27.195400 -19.581100
v -7.554960 -31.132400 -23.693600
v -0.706497 -10.770500 -24.419700
v 0.577271 -12.824500 -26.352300
v -3.103750 -14.160800 -26.906200
v -1.481500 -16.229900 -28.266300
v -1.570140 -17.167600 -28.613200
v -3.192040 -16.970200 -28.266300
v -6.756160 -21.146500 -27.865100
v -4.921440 -20.736400 -28.613200
v -6.476560 -19.895600 -27.865100
v -3.980040 -20.706800 -28.904400
v -6.691140 -18.321500 -27.411100
v 0.000000 -9.593790 -22.931300
v -2.193000 -16.461100 -28.266300
v 0.529402 -13.585400 -26.906200
v 0.000000 -13.568700 -26.906200
v -3.678490 -28.691100 -1.588870
v -4.061790 -29.388400 -2.093790
v -4.091370 -28.447000 -1.588870
v -3.589850 -29.628800 -2.093790
v -4.632970 -7.741190 -14.028800
v -13.333800 -18.576500 -8.542780
v -6.383540 -8.434290 -14.028800
v -7.938450 -9.491010 -16.846500
v -8.001730 -9.391290 -15.911600
v -8.033440 -9.341330 -14.971200
v -7.194230 -8.913740 -13.088400
v -10.799900 -11.858200 -12.153500
v -9.661160 -11.711900 -9.418930
v -10.288100 -12.338800 -9.418930
v -12.129300 -13.187600 -14.028800
v 0.864394 -8.260850 -20.457200
v -1.871650 -7.184320 -13.088400
v 2.809330 -7.272960 -14.028800
v -10.500400 -31.860500 -10.315100
v -8.774980 -32.607100 -8.542780
v -11.653400 -30.466700 -10.315100
v -11.098800 -31.181700 -10.315100
v -11.415400 -31.443600 -12.153500
v -12.129300 -30.812400 -14.028800
v -6.133100 -35.033500 -10.315100
v -5.067720 -34.799600 -8.542780
v -6.647580 -32.474900 -6.068750
v -6.918130 -32.901200 -6.864380
v -7.588970 -32.445300 -6.864380
v -7.855810 -32.812600 -7.690140
v -10.871600 -27.976700 -6.068750
v -11.314100 -28.220000 -6.864380
v -8.025190 -27.830600 -3.248330
v -8.580920 -28.234400 -3.893400
v -8.955450 -27.683300 -3.893400
v -4.517690 -29.118700 -2.093790
v -4.955760 -28.821000 -2.093790
v -4.078000 -26.342600 -0.733680
v -10.461500 -26.142000 -4.580320
v -11.272200 -25.662600 -5.306390
v -5.883350 -26.867100 -1.588870
v -6.821020 -26.955800 -2.093790
v -7.437780 -27.403900 -2.647670
v -6.350790 -32.007200 -5.306390
v -8.692680 -26.778800 -3.248330
v -4.724260 -23.870500 -0.386788
v -4.053390 -23.040700 -0.095594
v -3.478230 -25.703900 -0.386788
v -4.342620 -17.922000 -0.733680
v -3.703940 -18.521800 -0.386788
v -4.590120 -18.202700 -0.733680
v -5.945460 -21.625900 -0.733680
v -6.796420 -21.572400 -1.134900
v -6.809860 -22.000000 -1.134900
v -5.220350 -19.130100 -0.733680
v -7.635620 -22.000000 -1.588870
v -7.839180 -18.896200 -2.093790
v -1.293190 -18.020000 -0.095594
v -0.294096 -19.672000 0.315325
v -2.239940 -19.614700 0.138751
v -2.536460 -16.609700 -0.733680
v -2.869910 -16.779600 -0.733680
v -2.459800 -18.614400 -0.095594
v -0.262770 -17.823400 -0.095594
v -3.501560 -17.180500 -0.733680
v -3.797270 -17.409900 -0.733680
v -4.002730 -16.490700 -1.134900
v -1.981230 -23.257300 0.315325
v -2.647220 -23.923300 0.138751
v -10.461500 -17.858000 -4.580320
v -7.643240 -15.677000 -3.248330
v -8.025190 -16.169400 -3.248330
v -8.580920 -15.765600 -3.893400
v -3.251090 -15.091100 -1.588870
v -3.192040 -16.970200 -0.733680
v -3.280670 -16.032500 -1.134900
v -9.556640 -10.448000 -14.971200
v -7.222740 -8.861890 -14.028800
v -2.419300 -9.317560 -22.135600
v -0.577271 -12.824500 -26.352300
v -0.622861 -12.099900 -25.751700
v -1.243270 -12.158500 -25.751700
v -1.858760 -12.256000 -25.751700
v -1.329360 -11.477000 -25.106600
v -1.987480 -11.581300 -25.106600
v 2.798170 -11.101800 -24.419700
v -14.874400 -23.879100 -14.028800
v -9.661160 -11.711900 -19.581100
v -6.918130 -11.098800 -22.135600
v -8.229860 -12.051800 -22.135600
v -10.036800 -14.707800 -22.931300
v -12.682400 -19.580700 -22.135600
v -12.505500 -18.789100 -22.135600
v -12.945200 -18.676200 -21.309900
v -13.122100 -16.804600 -19.581100
v -13.392900 -16.697400 -18.684900
v -12.279200 -18.010200 -22.135600
v -12.799600 -16.932300 -20.457200
v -12.456100 -16.138600 -20.457200
v -10.724300 -16.953500 -23.693600
v -10.180800 -17.209300 -24.419700
v -8.166370 -19.903200 -26.906200
v -7.620550 -21.520600 -27.411100
v -12.885700 -21.189300 -22.135600
v -9.175460 -22.577300 -26.352300
v -9.193610 -22.000000 -26.352300
v -9.900100 -22.622900 -25.751700
v -14.786100 -22.930300 -16.846500
v -14.815700 -23.871700 -15.911600
v -14.376000 -22.904500 -18.684900
v -14.085400 -22.886200 -19.581100
v -14.113200 -22.000000 -19.581100
v -7.839180 -18.896200 -26.906200
v -6.496390 -16.625700 -26.906200
v -3.648900 -16.250200 -27.865100
v -4.488100 -15.822700 -27.411100
v -5.860220 -14.916200 -26.352300
v -3.501560 -17.180500 -28.266300
v -4.002730 -16.490700 -27.865100
v -4.340770 -16.752900 -27.865100
v -4.790730 -11.819200 -24.419700
v -4.151870 -22.524500 -28.904400
v -5.041000 -22.636800 -28.613200
v -13.699400 -17.548800 -10.315100
v -12.004500 -17.247100 -6.864380
v -12.162000 -29.718300 -10.315100
v -7.762420 -26.926200 -2.647670
v -7.731880 -29.260700 -3.893400
v -8.202110 -29.702300 -4.580320
v -8.669560 -29.172100 -4.580320
v -12.279200 -25.989800 -6.864380
v -12.004500 -26.752900 -6.864380
v -12.426600 -26.920000 -7.690140
v -4.516070 -31.597100 -3.893400
v -12.809300 -20.381800 -6.864380
v -14.349900 -25.684400 -12.153500
v -10.222600 -32.886000 -13.088400
v -12.711000 -17.870000 -7.690140
v -12.505500 -18.789100 -6.864380
v -11.272200 -18.337400 -5.306390
v -10.724300 -16.953500 -5.306390
v -12.308400 -20.445100 -6.068750
v -13.122100 -16.804600 -9.418930
v -12.279200 -18.010200 -6.864380
v -7.908010 -12.440900 -6.068750
v -11.314100 -15.780000 -6.864380
v -10.180800 -26.790700 -24.419700
v -9.597140 -26.516100 -25.106600
v -12.770000 -28.009100 -19.581100
v -8.044960 -33.144600 -20.500000
v -7.376360 -33.623300 -20.457200
v -7.365570 -33.606300 -20.500000
v -8.091640 -33.137200 -20.457200
v -5.852840 -34.437900 -20.500000
v -7.157840 -32.458900 -22.500000
v -7.453050 -32.258200 -22.500000
v -6.028940 -31.500100 -24.419700
v -5.770060 -23.481500 -28.266300
v -6.756160 -22.853500 -27.865100
v -5.071040 -22.319000 -28.613200
v -5.945460 -22.374100 -28.266300
v -6.689240 -23.276000 -27.865100
v -7.261910 -24.359500 -27.411100
v -4.921440 -23.263600 -28.613200
v -4.832380 -23.570100 -28.613200
v -5.220350 -24.869900 -28.266300
v -5.390250 -24.536500 -28.266300
v -6.821020 -26.955800 -26.906200
v -7.083790 -27.860200 -26.352300
v -4.964170 -26.661700 -27.865100
v -12.016400 -18.914700 -22.931300
v -8.056420 -26.429100 -26.352300
v -8.975590 -26.223600 -25.751700
v -9.434170 -25.065300 -25.751700
v -9.608030 -24.466900 -25.751700
v -10.273400 -24.637800 -25.106600
v -9.861770 -25.904500 -25.106600
v -10.087500 -25.277600 -25.106600
v -9.175460 -21.422700 -26.352300
v -8.318620 -25.914400 -26.352300
v -7.118740 -26.517700 -26.906200
v -8.025190 -27.830600 -25.751700
v -8.955450 -27.683300 -25.106600
v -9.132370 -29.555000 -23.693600
v -9.559150 -29.908000 -22.931300
v -7.437780 -27.403900 -26.352300
v -1.410210 -10.837100 -24.419700
v -2.286360 -13.095200 -26.352300
v -0.665994 -11.414300 -25.106600
v 0.000000 -11.393400 -25.106600
v -2.506880 -15.668400 -27.865100
v -2.810860 -14.900600 -27.411100
v -3.251090 -15.091100 -27.411100
v -2.359540 -14.738100 -27.411100
v -9.423690 -11.964800 -20.457200
v -4.053390 -20.959300 -28.904400
v -4.110740 -21.215800 -28.904400
v -4.110740 -22.784200 -28.904400
v -4.151870 -21.475500 -28.904400
v -6.446970 -17.908600 -27.411100
v -2.504370 -8.871630 -21.309900
v -1.870470 -17.275700 -28.613200
v -1.840880 -16.334300 -28.266300
v 1.056720 -13.635200 -26.906200
v -1.722710 -12.969200 -26.352300
v -12.063500 -15.368000 -8.542780
v -11.137200 -13.908400 -8.542780
v -11.417800 -13.704500 -9.418930
v -9.597140 -17.483900 -3.893400
v -12.509000 -14.061600 -12.153500
v -12.828000 -14.947700 -11.227900
v -12.982800 -14.862700 -12.153500
v -0.930262 -7.213910 -16.846500
v -7.161380 -33.284500 -7.690140
v -7.376360 -33.623300 -8.542780
v -5.453880 -35.774900 -12.153500
v -4.920020 -34.426600 -7.690140
v -5.497290 -33.682300 -6.864380
v -4.752900 -34.004500 -6.864380
v -4.790730 -32.180800 -4.580320
v -4.142010 -32.461500 -4.580320
v -5.282310 -33.225500 -6.068750
v -4.429050 -30.056400 -2.647670
v -4.778840 -30.692700 -3.248330
v -5.315230 -30.375500 -3.248330
v -8.743640 -24.841000 -2.647670
v -9.223080 -25.651700 -3.248330
v -7.643240 -28.323000 -3.248330
v -9.559150 -29.908000 -6.068750
v -6.293460 -28.701900 -2.647670
v -2.667530 -25.224500 -0.095594
v -2.521230 -24.085700 0.138751
v -4.340770 -27.247100 -1.134900
v -4.488100 -28.177300 -1.588870
v -3.050640 -19.135300 -0.095594
v -3.224490 -19.332500 -0.095594
v -3.238790 -18.085000 -0.386788
v -3.478230 -18.296100 -0.386788
v -2.986580 -17.889300 -0.386788
v -3.272150 -22.000000 0.138751
v -6.756160 -21.146500 -1.134900
v 0.427594 -15.203600 -1.134900
v 0.000000 -15.190100 -1.134900
v -0.784165 -17.889300 -0.095594
v 0.853501 -15.243800 -1.134900
v 1.276040 -15.310800 -1.134900
v -1.393210 -19.039300 0.138751
v -1.570140 -17.167600 -0.386788
v -1.870470 -17.275700 -0.386788
v -1.693540 -15.404100 -1.134900
v 0.952097 -17.008900 -0.386788
v -4.964170 -17.338300 -1.134900
v -5.247080 -17.659200 -1.134900
v -3.648900 -16.250200 -1.134900
v -2.328010 -22.294100 0.315325
v -1.191870 -21.243600 0.433429
v -10.871600 -16.023300 -6.068750
v -8.812430 -9.870730 -14.971200
v -8.812430 -9.870730 -14.028800
v 0.000000 -10.748300 -24.419700
v -14.933400 -22.000000 -15.911600
v -7.588970 -11.554700 -22.135600
v -10.445300 -14.411000 -22.135600
v -12.016400 -25.085300 -22.931300
v -12.809300 -20.381800 -22.135600
v -11.623300 -14.623600 -20.457200
v -13.128400 -19.495600 -21.309900
v -13.092500 -26.254000 -20.457200
v -14.149300 -24.699100 -18.684900
v -14.963000 -22.941400 -14.971200
v -14.904000 -22.937700 -15.911600
v -11.758900 -23.485500 -23.693600
v -12.711000 -26.130000 -21.309900
v -14.290800 -23.805400 -18.684900
v -14.290800 -20.194600 -18.684900
v -14.523300 -23.834700 -17.772100
v -9.919680 -22.000000 -25.751700
v -11.162900 -20.589800 -24.419700
v -6.177350 -17.511900 -27.411100
v -3.651680 -12.776900 -25.751700
v -5.041000 -21.363200 -28.613200
v -10.298000 -30.519200 -7.690140
v -10.607100 -30.775000 -8.542780
v -10.901200 -28.918100 -6.864380
v -11.682300 -27.497300 -6.864380
v -8.375460 -27.315200 -3.248330
v -6.966620 -31.588700 -5.306390
v -7.554960 -31.132400 -5.306390
v -7.554960 -12.867600 -5.306390
v -8.113470 -13.360000 -5.306390
v -8.375460 -16.684800 -3.248330
v -8.692680 -17.221200 -3.248330
v -9.294640 -16.890200 -3.893400
v -10.901200 -15.081900 -6.864380
v -10.474900 -15.352400 -6.068750
v -10.180800 -17.209300 -4.580320
v -8.975590 -17.776400 -3.248330
v -8.548000 -18.615600 -2.647670
v -9.953620 -30.909800 -21.309900
v -6.658540 -34.024400 -20.500000
v -9.121110 -23.152300 -26.352300
v -9.841460 -23.243300 -25.751700
v -7.500370 -23.430800 -27.411100
v -5.029850 -25.192000 -28.266300
v -11.642400 -24.220900 -23.693600
v -12.186500 -24.324700 -22.931300
v -11.314100 -28.220000 -22.135600
v -11.251700 -22.000000 -24.419700
v -8.414610 -22.529400 -26.906200
v -9.223080 -25.651700 -25.751700
v -1.152260 -12.878900 -26.352300
v -0.853501 -15.243800 -27.865100
v -4.176610 -21.737200 -28.904400
v -5.081070 -22.000000 -28.613200
v -4.184870 -22.000000 -28.904400
v -4.991070 -21.047900 -28.613200
v -3.667230 -19.983900 -28.904400
v 3.277620 -11.912500 -25.106600
v -11.284500 -14.838600 -7.690140
v -11.711900 -15.561300 -7.690140
v -11.653400 -13.533300 -10.315100
v -10.035200 -12.576300 -8.542780
v -8.492630 -31.043700 -6.068750
v -8.639970 -30.113500 -5.306390
v -9.043740 -30.492600 -6.068750
v -6.790490 -29.231100 -3.248330
v -6.701850 -28.293500 -2.647670
v -7.231130 -28.790500 -3.248330
v -4.926180 -29.762400 -2.647670
v -11.020000 -26.363100 -5.306390
v -10.898200 -24.798200 -4.580320
v -6.496390 -27.374300 -2.093790
v -7.083790 -27.860200 -2.647670
v -6.146120 -27.771600 -2.093790
v -4.488100 -15.822700 -1.588870
v -4.340770 -16.752900 -1.134900
v -4.867130 -16.116700 -1.588870
v -4.597490 -19.836600 -0.386788
v -4.661670 -17.035800 -1.134900
v -4.724260 -20.129500 -0.386788
v -6.476560 -19.895600 -1.134900
v -0.427594 -15.203600 -1.134900
v -0.374057 -16.054500 -0.733680
v -0.746637 -16.089800 -0.733680
v -0.725113 -19.768300 0.315325
v -0.829732 -20.858000 0.433429
v 0.000000 -17.815100 -0.095594
v 0.205460 -18.734300 0.138751
v 0.000000 -18.727900 0.138751
v -1.263610 -17.078600 -0.386788
v -1.040730 -17.946600 -0.095594
v -2.163410 -17.402500 -0.386788
v -1.781830 -18.213400 -0.095594
v -0.853501 -15.243800 -1.134900
v -1.276040 -15.310800 -1.134900
v 0.262770 -17.823400 -0.095594
v -0.319042 -16.929000 -0.386788
v 1.840880 -16.334300 -0.733680
v -3.786580 -23.781800 -0.095594
v -1.142030 -21.170300 0.433429
v -7.083790 -16.139800 -2.647670
v -7.437780 -16.596100 -2.647670
v -6.691140 -18.321500 -1.588870
v -9.948200 -13.770100 -6.864380
v -10.036800 -14.707800 -6.068750
v -10.445300 -14.411000 -6.864380
v -10.886000 -11.777400 -15.911600
v -12.682400 -24.419300 -22.135600
v -8.414610 -21.470600 -26.906200
v -11.828900 -22.744200 -23.693600
v -7.575410 -21.043000 -27.411100
v -10.036800 -29.292200 -6.068750
v -5.830640 -30.025200 -3.248330
v -5.683300 -30.955400 -3.893400
v -9.597140 -26.516100 -3.893400
v -9.294640 -27.109800 -3.893400
v -7.628820 -18.410100 -2.093790
v -10.087500 -18.722400 -3.893400
v -11.623300 -14.623600 -8.542780
v -12.426600 -17.080000 -7.690140
v -8.669560 -14.827900 -4.580320
v -9.102790 -15.386400 -4.580320
v -9.588730 -15.033400 -5.306390
v -7.231130 -15.209500 -3.248330
v -7.260720 -14.268100 -3.893400
v -6.790490 -14.768900 -3.248330
v -7.731880 -14.739300 -3.893400
v -8.202110 -14.297700 -4.580320
v -10.386300 -16.290100 -5.306390
v -9.859910 -16.579500 -4.580320
v -10.607100 -13.225000 -8.542780
v -10.812600 -14.144200 -7.690140
v -9.588730 -28.966600 -23.693600
v -11.711900 -28.438700 -21.309900
v -6.584740 -34.065000 -20.500000
v -8.079810 -33.120900 -20.500000
v -5.790550 -33.273500 -22.500000
v -5.538880 -24.193000 -28.266300
v -6.161740 -24.899500 -27.865100
v -6.691140 -25.678500 -27.411100
v -4.452570 -24.447800 -28.613200
v -4.597490 -24.163400 -28.613200
v -10.898200 -24.798200 -24.419700
v -10.724300 -27.046500 -23.693600
v -10.418700 -23.987500 -25.106600
v -9.743970 -23.858800 -25.751700
v -9.102790 -28.613600 -24.419700
v -9.859910 -27.420500 -24.419700
v -2.104360 -15.523400 -27.865100
v -4.053390 -23.040700 -28.904400
v -12.359900 -14.156200 -11.227900
v -9.423690 -11.964800 -8.542780
v -10.474900 -28.647600 -6.068750
v -9.588730 -28.966600 -5.306390
v -10.180800 -26.790700 -4.580320
v -9.102790 -28.613600 -4.580320
v -4.819490 -18.498400 -0.733680
v -4.078000 -17.657400 -0.733680
v 0.524503 -17.848100 -0.095594
v 2.104360 -15.523400 -1.134900
v -4.061790 -14.611600 -2.093790
v -6.701850 -15.706500 -2.647670
v -5.374280 -15.503600 -2.093790
v -5.771590 -15.853900 -2.093790
v -5.860220 -14.916200 -2.647670
v -6.234400 -13.419100 -3.893400
v -7.172080 -13.330400 -4.580320
v -7.702300 -13.797900 -4.580320
v -5.403870 -14.562200 -2.647670
v -8.229860 -12.051800 -6.864380
v -11.852300 -22.000000 -23.693600
v -14.404400 -22.000000 -18.684900
v -14.085400 -21.113800 -19.581100
v -14.376000 -21.095500 -18.684900
v -3.678490 -15.308900 -27.411100
v -8.113470 -30.640000 -5.306390
v -6.760900 -30.172500 -3.893400
v -7.762420 -17.073800 -2.647670
v -8.056420 -17.570900 -2.647670
v -8.318620 -18.085600 -2.647670
v -9.149040 -12.257300 -7.690140
v -8.838280 -12.588200 -6.864380
v -4.517690 -14.881300 -2.093790
v -4.955760 -15.179000 -2.093790
v -6.323040 -14.356800 -3.248330
v -6.496390 -16.625700 -2.093790
v -10.386300 -27.709900 -23.693600
v -6.622280 -34.045900 -20.500000
v -4.724260 -23.870500 -28.613200
v -11.225500 -27.282300 -22.931300
v -9.500100 -28.028900 -24.419700
v -9.294640 -27.109800 -25.106600
v -8.172530 -28.760900 -3.893400
v -9.132370 -29.555000 -5.306390
v -3.915030 -18.761200 -0.386788
v -0.636827 -16.959000 -0.386788
v -6.146120 -16.228400 -2.093790
v -4.091370 -15.553000 -1.588870
v -6.293460 -15.298100 -2.647670
v -11.052400 -24.108400 -24.419700
v -11.828900 -21.255800 -23.693600
v -8.955450 -16.316700 -3.893400
v -9.500100 -15.971100 -4.580320
v -5.830640 -13.974800 -3.248330
v -9.479290 -30.412200 -22.500000
v -9.770020 -30.082500 -22.500000
v -8.743640 -24.841000 -26.352300
v -12.426600 -26.920000 -21.309900
v -4.176610 -22.262800 -28.904400
v -5.566130 -16.773100 -1.588870
v -5.883350 -17.132900 -1.588870
v 0.746637 -16.089800 -0.733680
v 0.636827 -16.959000 -0.386788
v -2.016070 -18.332800 -0.095594
v 0.374057 -16.054500 -0.733680
v -6.760900 -13.827500 -3.893400
v -9.559150 -14.092000 -6.068750
v -14.786100 -21.069700 -16.846500
v -7.388360 -17.938200 -2.093790
v -10.007200 -15.649200 -5.306390
v -8.639970 -13.886500 -5.306390
v -5.226940 -16.433900 -1.588870
v -9.043740 -13.507400 -6.068750
v -8.172530 -15.239100 -3.893400
v -3.678490 -15.308900 -1.588870
v -9.132370 -14.445000 -5.306390
v -8.492630 -12.956300 -6.068750
v -8.090170 -35.877900 -20.500000
v -8.443280 -35.358300 -22.500000
v -8.443280 -35.358300 -20.500000
v -8.090170 -35.877900 -22.500000
v -9.297760 -33.681200 -20.500000
v -9.510560 -33.090200 -22.500000
v -9.510560 -33.090200 -20.500000
v -9.297760 -33.681200 -22.500000
v -9.048270 -34.257800 -20.500000
v -9.048270 -34.257800 -22.500000
v -7.289690 -36.845500 -20.500000
v -8.763070 -34.817500 -20.500000
v -8.763070 -34.817500 -22.500000
v -9.921150 -31.253300 -22.500000
v -9.980270 -30.627900 -22.500000
v -7.705130 -36.374200 -20.500000
v -9.685830 -32.486900 -20.500000
v -9.822870 -31.873800 -20.500000
v -9.822870 -31.873800 -22.500000
v -7.705130 -36.374200 -22.500000
v -10.000000 -30.000000 -22.500000
v -9.685830 -32.486900 -22.500000
v -45.000000 -20.000000 -18.750000
v -46.883700 -19.940800 -18.750000
v -15.059200 11.883700 -18.750000
v -15.236600 13.760000 -18.750000
v -15.000000 10.000000 -18.750000
v -15.531400 15.621400 -18.750000
v -30.547400 -16.289200 -18.750000
v -28.925200 -15.329800 -18.750000
v -15.942500 17.460700 -18.750000
v -57.773400 -17.144800 -18.750000
v -21.884600 -9.122720 -18.750000
v -20.729500 -7.633560 -18.750000
v -37.539300 -19.057500 -18.750000
v -39.378600 -19.468600 -18.750000
v -24.463600 -11.869100 -18.750000
v -23.130900 -10.536400 -18.750000
v -48.760000 -19.763400 -18.750000
v -15.942500 2.539300 -18.750000
v -15.531400 4.378560 -18.750000
v -32.226600 -17.144800 -18.750000
v -33.956300 -17.893300 -18.750000
v -50.621400 -19.468600 -18.750000
v -15.059200 8.116280 -18.750000
v -16.468300 19.270500 -18.750000
v -17.855200 22.773400 -18.750000
v -18.710800 24.452600 -18.750000
v -35.729500 -18.531700 -18.750000
v -16.468300 0.729489 -18.750000
v -43.116300 -19.940800 -18.750000
v -17.855200 -2.773380 -18.750000
v -17.106700 -1.043740 -18.750000
v -19.670200 26.074800 -18.750000
v -17.106700 21.043700 -18.750000
v -56.043700 -17.893300 -18.750000
v -41.240000 -19.763400 -18.750000
v -15.236600 6.240000 -18.750000
v -18.710800 -4.452610 -18.750000
v -19.670200 -6.074800 -18.750000
v -25.877300 -13.115400 -18.750000
v -27.366400 -14.270500 -18.750000
v -52.460700 -19.057500 -18.750000
v -54.270500 -18.531700 -18.750000

f 1 2 3
f 4 5 6
f 3 7 8
f 7 3 2
f 9 10 11
f 12 13 14
f 13 12 15
f 16 17 18
f 19 20 21
f 22 23 24
f 25 26 27
f 28 29 30
f 31 32 33
f 32 31 34
f 35 36 37
f 38 39 40
f 39 38 41
f 42 43 44
f 45 46 47
f 48 49 50
f 51 52 53
f 54 55 56
f 57 58 59
f 60 61 62
f 63 64 65
f 66 67 68
f 69 70 71
f 72 73 74
f 32 75 76
f 77 78 79
f 80 81 82
f 83 84 85
f 86 87 88
f 89 90 91
f 92 93 94
f 95 96 97
f 98 99 100
f 101 102 103
f 104 105 106
f 107 108 109
f 110 111 112
f 113 114 115
f 114 113 116
f 117 118 119
f 120 121 122
f 123 124 125
f 126 127 128
f 129 130 131
f 132 133 134
f 71 70 135
f 136 137 138
f 139 140 141
f 142 143 144
f 145 146 147
f 148 149 69
f 150 151 152
f 153 101 154
f 155 156 157
f 158 159 160
f 161 159 158
f 159 161 162
f 163 164 165
f 166 163 167
f 168 163 166
f 164 163 168
f 169 163 165
f 170 163 169
f 163 170 171
f 172 173 174
f 175 176 177
f 178 179 180
f 178 181 179
f 181 178 182
f 183 184 185
f 184 183 186
f 187 188 189
f 16 188 187
f 188 16 190
f 190 16 191
f 191 16 192
f 193 194 195
f 196 197 198
f 199 200 201
f 202 203 204
f 30 205 206
f 207 208 209
f 210 211 212
f 213 214 215
f 216 217 218
f 219 220 221
f 222 223 224
f 223 222 225
f 226 227 228
f 229 230 117
f 231 232 46
f 233 234 235
f 236 237 238
f 239 240 241
f 240 239 242
f 243 244 245
f 246 247 70
f 247 246 248
f 249 250 251
f 252 253 254
f 253 252 255
f 256 257 258
f 259 17 260
f 261 262 263
f 264 265 266
f 267 268 231
f 269 270 271
f 272 273 274
f 273 272 275
f 276 24 277
f 278 279 280
f 281 267 282
f 283 284 285
f 286 287 288
f 289 290 291
f 292 293 294
f 295 296 87
f 297 298 299
f 300 301 302
f 303 304 305
f 304 303 306
f 307 308 309
f 310 311 312
f 313 314 315
f 316 317 318
f 319 320 321
f 322 323 324
f 325 326 327
f 328 326 325
f 326 328 329
f 330 331 332
f 333 334 335
f 336 337 51
f 338 339 340
f 341 342 343
f 344 345 346
f 347 348 349
f 350 351 352
f 339 353 354
f 355 356 357
f 358 359 360
f 361 362 84
f 363 364 365
f 127 366 367
f 368 369 370
f 371 372 373
f 374 372 371
f 375 372 374
f 372 375 376
f 377 378 379
f 380 381 382
f 383 381 380
f 381 383 384
f 385 386 387
f 386 385 388
f 212 389 390
f 391 392 393
f 394 395 396
f 397 398 399
f 287 67 66
f 400 401 402
f 403 404 405
f 406 407 408
f 409 410 80
f 411 391 385
f 221 412 413
f 414 415 416
f 417 418 419
f 420 242 421
f 422 423 424
f 425 426 427
f 70 247 135
f 248 135 247
f 135 248 428
f 429 430 431
f 432 433 434
f 435 436 437
f 438 439 440
f 441 442 443
f 444 445 446
f 447 448 449
f 450 451 452
f 453 454 455
f 456 457 458
f 459 460 461
f 462 463 464
f 465 466 467
f 468 469 470
f 471 472 473
f 472 471 474
f 475 476 477
f 155 157 478
f 479 480 481
f 482 483 484
f 485 486 487
f 488 489 22
f 490 491 492
f 493 494 270
f 494 493 495
f 496 497 498
f 499 500 501
f 502 503 504
f 47 505 506
f 507 508 509
f 510 511 45
f 512 513 210
f 514 515 516
f 517 518 519
f 286 518 517
f 518 286 520
f 521 522 523
f 522 521 524
f 525 124 526
f 154 527 528
f 529 530 531
f 532 533 534
f 535 536 537
f 538 539 540
f 541 542 543
f 544 545 546
f 547 548 549
f 323 550 551
f 552 553 554
f 555 556 557
f 558 559 560
f 561 562 563
f 564 541 565
f 566 567 568
f 569 570 571
f 572 573 574
f 575 159 576
f 577 578 579
f 580 352 581
f 582 216 583
f 584 585 586
f 585 587 588
f 585 584 587
f 589 590 591
f 159 332 589
f 592 593 594
f 595 596 597
f 537 598 596
f 599 600 601
f 602 603 604
f 605 600 599
f 606 607 28
f 608 349 348
f 349 608 609
f 610 611 612
f 613 614 615
f 616 617 618
f 619 620 621
f 622 610 623
f 624 625 626
f 627 628 629
f 630 631 632
f 633 438 634
f 635 636 637
f 635 638 636
f 638 635 639
f 640 641 642
f 643 644 645
f 646 647 648
f 619 649 620
f 650 651 652
f 653 654 655
f 656 657 658
f 659 660 377
f 661 662 663
f 664 665 666
f 667 668 669
f 420 421 670
f 285 671 672
f 673 674 675
f 676 677 678
f 679 657 680
f 681 682 683
f 684 685 686
f 685 123 125
f 683 675 687
f 688 689 690
f 691 692 693
f 691 694 692
f 694 691 695
f 237 696 102
f 697 698 699
f 700 405 701
f 702 703 704
f 705 706 707
f 708 502 709
f 710 711 712
f 713 707 714
f 715 716 717
f 718 719 720
f 721 722 723
f 724 725 726
f 727 219 728
f 729 239 703
f 730 731 732
f 733 670 734
f 670 733 735
f 736 737 738
f 739 204 740
f 741 742 743
f 744 745 746
f 747 748 749
f 750 751 752
f 753 744 746
f 754 755 756
f 757 377 758
f 262 759 263
f 450 135 451
f 760 452 761
f 762 763 135
f 8 7 764
f 765 71 450
f 766 767 39
f 768 769 770
f 771 772 773
f 148 69 774
f 775 776 777
f 778 452 760
f 779 780 781
f 782 783 784
f 785 786 787
f 788 789 790
f 791 792 793
f 778 450 452
f 71 135 450
f 794 795 796
f 797 798 799
f 800 76 801
f 802 803 804
f 805 575 806
f 807 808 809
f 550 804 810
f 811 812 813
f 814 815 816
f 817 818 819
f 820 821 822
f 823 824 825
f 826 827 828
f 829 830 831
f 832 833 834
f 833 832 835
f 836 837 838
f 839 840 841
f 842 843 844
f 845 846 843
f 847 848 849
f 850 851 852
f 853 854 855
f 856 857 858
f 859 117 119
f 860 861 862
f 863 864 865
f 866 863 865
f 867 868 869
f 870 871 872
f 873 874 875
f 876 877 878
f 879 880 881
f 882 302 867
f 883 229 117
f 884 885 886
f 887 47 406
f 211 888 212
f 511 46 45
f 889 890 891
f 892 286 288
f 523 893 894
f 893 523 895
f 896 897 898
f 690 899 900
f 901 900 902
f 903 888 211
f 519 904 517
f 905 520 286
f 906 907 908
f 908 101 153
f 909 910 911
f 103 527 154
f 912 913 914
f 913 532 915
f 129 402 130
f 916 917 918
f 919 920 921
f 922 923 307
f 924 925 926
f 927 928 840
f 929 930 931
f 932 933 934
f 935 936 937
f 938 555 939
f 940 480 941
f 942 943 944
f 945 946 947
f 948 949 950
f 858 951 952
f 953 954 955
f 956 957 958
f 959 960 961
f 962 963 964
f 965 966 967
f 968 969 970
f 971 972 194
f 973 342 341
f 974 975 976
f 977 806 978
f 624 979 644
f 980 981 982
f 980 983 981
f 980 984 983
f 984 980 985
f 580 986 987
f 988 989 990
f 991 992 993
f 994 586 637
f 586 994 995
f 996 997 998
f 581 999 986
f 1000 540 1001
f 1002 538 540
f 1003 1004 1005
f 333 1006 334
f 1007 1008 1009
f 1010 1011 1012
f 1013 333 243
f 970 1014 1015
f 1016 1004 1003
f 697 1017 1018
f 1017 697 1019
f 404 1020 1021
f 228 1017 1022
f 1023 1024 1025
f 29 627 205
f 607 1026 28
f 1027 1028 1029
f 1030 1031 1032
f 1033 1034 1035
f 1036 1037 1038
f 1039 1040 1041
f 1042 417 1043
f 1044 1045 1046
f 1047 1048 1049
f 1050 1051 1052
f 1053 1054 1055
f 1054 1053 1056
f 1057 1058 1059
f 1058 1057 1060
f 1061 1062 1063
f 1064 1065 1066
f 1063 1067 1068
f 1040 1069 1041
f 1070 1071 1072
f 1073 1074 1075
f 1076 1077 1078
f 1079 1080 1081
f 897 1082 898
f 1083 353 1084
f 1085 1086 1087
f 1088 649 619
f 1089 735 1090
f 1091 1092 1093
f 1094 739 1095
f 1093 1096 1097
f 1098 739 740
f 679 680 1099
f 1100 1101 199
f 1102 394 1103
f 1104 1105 1106
f 1107 1108 1109
f 668 1110 1111
f 1112 1113 1114
f 1115 1116 1117
f 1118 1119 249
f 15 1120 1121
f 1122 1123 1124
f 284 1125 671
f 653 1126 654
f 676 1127 677
f 1128 1129 1130
f 65 1131 1132
f 1133 370 1134
f 655 1064 1135
f 1136 1137 1138
f 393 1139 1140
f 1139 393 1127
f 1129 1141 1130
f 1142 1143 682
f 1144 1145 1146
f 1147 897 896
f 1148 1149 214
f 1150 1151 1152
f 1153 1154 1155
f 1156 1157 1158
f 756 755 711
f 1159 1160 1161
f 1162 1163 1164
f 1165 1166 1167
f 1166 1165 1168
f 704 27 754
f 1169 242 239
f 242 1169 421
f 1160 1170 1171
f 1172 1173 1174
f 1173 1172 227
f 1175 1176 1177
f 1178 409 1179
f 1180 1181 1182
f 1183 152 1184
f 1185 1186 1187
f 1186 1185 1188
f 713 714 502
f 728 219 221
f 684 686 1189
f 1190 240 242
f 725 420 726
f 220 1191 1192
f 1190 242 420
f 1193 150 26
f 1193 1194 1195
f 1194 1193 1196
f 1197 754 1198
f 1199 1200 1201
f 1202 1203 1204
f 1205 676 1206
f 1138 386 1207
f 239 241 703
f 1208 1088 619
f 1209 1210 1211
f 1212 1213 1214
f 1215 750 752
f 738 1208 619
f 1216 321 1217
f 917 1218 1219
f 1220 1221 1222
f 1223 599 601
f 1224 1225 1226
f 1203 1220 1222
f 228 1172 1017
f 1227 1228 667
f 1229 1230 1231
f 1232 1233 1234
f 763 451 135
f 451 763 1235
f 1236 1237 1238
f 1237 1236 1239
f 1240 1241 1242
f 1243 1244 1245
f 1243 1246 1244
f 1246 1243 1247
f 1248 1249 1250
f 1251 452 1252
f 452 1251 1253
f 1254 1255 1256
f 1257 1258 1259
f 1260 1261 1262
f 767 1263 1264
f 1265 1266 1267
f 1268 1269 1270
f 1271 1272 1273
f 1274 1108 1107
f 1275 277 1276
f 1277 431 1278
f 76 1279 801
f 1280 1281 1282
f 1283 1284 1285
f 1286 1287 1282
f 1287 1286 1288
f 1275 1289 277
f 1290 1291 1292
f 658 657 679
f 350 352 580
f 1293 435 1294
f 1295 1296 1297
f 1298 1299 1300
f 796 795 1301
f 1302 1303 1304
f 1024 1305 1025
f 774 1306 765
f 1307 1278 1308
f 24 778 760
f 23 778 24
f 801 1279 1309
f 1310 1311 1312
f 1311 1310 1313
f 993 1314 1315
f 1316 1317 1318
f 977 1319 806
f 1320 322 324
f 1321 575 805
f 1322 575 1321
f 1323 575 1322
f 575 1323 1324
f 159 589 576
f 1325 1326 1327
f 1328 342 973
f 1329 1330 1331
f 104 1332 329
f 1333 1334 1335
f 1336 1337 1338
f 1339 453 455
f 1340 1341 1342
f 1343 1344 1345
f 1346 1347 1348
f 1347 1346 1349
f 1350 864 863
f 1334 1351 1352
f 1353 462 1354
f 1282 1355 1286
f 1356 1357 1358
f 1359 935 1360
f 528 527 1361
f 1362 131 1363
f 1364 1365 1366
f 1367 1368 1369
f 1370 1371 1372
f 1373 1374 546
f 1375 1376 1377
f 846 1378 843
f 1379 1380 1381
f 1382 1383 1384
f 1383 1382 1385
f 852 1386 1387
f 1386 852 1388
f 1389 1390 1391
f 1392 1393 1394
f 1395 1396 1397
f 1398 1399 873
f 1400 881 1401
f 1402 1403 1404
f 1405 1406 1407
f 1408 1409 1410
f 1411 1412 1413
f 1414 1415 1416
f 1376 1417 1418
f 881 1419 1401
f 1420 1421 1422
f 1423 1424 1425
f 1426 274 254
f 274 1427 272
f 274 1426 1427
f 1419 1428 1401
f 1429 1430 1431
f 1431 1430 1432
f 1433 1434 1435
f 134 133 1436
f 20 1437 21
f 1438 1439 1440
f 1441 1442 871
f 1442 1441 1443
f 1444 1445 870
f 1446 1447 1444
f 1448 1441 871
f 1449 1450 1451
f 1450 1449 1452
f 1453 911 1454
f 485 1455 486
f 118 1456 119
f 1457 1458 1459
f 1458 1457 1460
f 1461 1462 909
f 1463 887 406
f 1464 408 1465
f 510 45 1466
f 1467 1468 1469
f 894 282 267
f 282 894 1470
f 1471 1472 1473
f 1472 1471 1474
f 1474 1471 1475
f 1476 523 522
f 523 1476 895
f 521 904 524
f 904 521 517
f 523 894 511
f 887 45 47
f 1477 1478 1479
f 68 510 1466
f 408 407 283
f 124 1480 526
f 64 1481 684
f 684 1189 1131
f 286 1482 905
f 1482 286 892
f 288 287 66
f 1483 1482 892
f 130 906 836
f 1484 1485 1486
f 1176 708 1487
f 1160 1171 1488
f 1489 1490 1491
f 1492 88 1493
f 1494 1495 1496
f 1497 1498 1499
f 131 130 1500
f 1501 1167 1502
f 1361 1503 1504
f 1505 131 1362
f 1506 922 1507
f 4 1508 1509
f 1510 1511 1512
f 1513 561 563
f 958 1514 1515
f 1516 1517 1518
f 1519 1520 55
f 1521 1522 1523
f 1524 1525 1526
f 1527 1528 1529
f 194 1530 195
f 1531 1011 1010
f 1532 1533 940
f 1534 1535 1536
f 1369 1537 1538
f 1539 1540 1541
f 1542 466 465
f 1543 1544 1545
f 1546 941 1547
f 1533 480 940
f 1548 1549 1550
f 940 941 1551
f 1552 1553 1554
f 1555 1556 1540
f 1557 1558 1559
f 1560 1561 1562
f 560 559 1563
f 966 1564 1565
f 550 591 802
f 1566 1567 1568
f 345 1569 1570
f 1571 1572 1343
f 1573 1574 1575
f 1576 1577 1578
f 1579 1580 1581
f 344 1582 345
f 1583 1584 1585
f 1586 1585 1587
f 1588 1589 1590
f 195 1530 1591
f 105 1033 1592
f 326 1332 1593
f 327 326 1594
f 1595 332 331
f 1596 332 1595
f 332 1596 589
f 1332 1328 1593
f 1597 805 1598
f 1599 805 1597
f 1600 805 1599
f 805 1600 1601
f 1602 613 1603
f 1604 1605 1606
f 1604 1607 1605
f 1608 1607 1604
f 1607 1608 1609
f 1609 1608 1610
f 1611 1612 1613
f 1614 1615 1616
f 987 986 1617
f 1318 1317 1618
f 788 790 1619
f 1620 1621 1622
f 1623 606 1624
f 1625 1626 1627
f 218 1628 1629
f 218 180 1628
f 180 218 178
f 184 1630 185
f 1631 1632 988
f 178 1633 182
f 1634 1635 1636
f 1633 1626 1625
f 1637 1638 1639
f 1640 1641 1642
f 1591 1643 1644
f 1645 1646 569
f 59 58 1647
f 595 535 537
f 1008 1648 1009
f 1531 1649 1650
f 1651 1652 1653
f 1654 1645 1655
f 1656 1657 1658
f 1659 1660 1661
f 969 1662 974
f 244 1663 1664
f 1665 1666 1667
f 1668 1505 1669
f 1670 1671 1672
f 1673 1674 1675
f 1676 1677 1678
f 1679 732 600
f 1680 700 701
f 1681 1022 1682
f 1683 1201 753
f 732 731 1199
f 1198 756 1684
f 1173 1684 1174
f 1685 1686 1687
f 1686 1685 1688
f 1689 577 579
f 577 1689 1690
f 1067 1691 1692
f 1693 1694 1695
f 1696 1697 614
f 646 1698 1608
f 1699 1698 646
f 1698 1699 1700
f 1700 1699 1701
f 980 1702 985
f 1702 980 1703
f 609 1704 1705
f 612 1706 1707
f 1708 1709 1710
f 1049 1711 968
f 1712 968 970
f 1713 1714 1715
f 1716 1717 1718
f 1704 1719 1720
f 1044 1721 1722
f 1721 1044 1046
f 1718 1723 616
f 1724 306 1046
f 1725 1726 414
f 1727 611 610
f 1048 1728 1049
f 1059 85 1729
f 631 1730 632
f 1731 1710 1027
f 1732 612 418
f 1733 1734 1709
f 1069 630 1735
f 1736 1737 83
f 1738 1739 628
f 1740 1063 1741
f 740 204 650
f 1061 360 1062
f 1685 578 1742
f 1743 1688 647
f 979 1744 1745
f 1025 1746 607
f 1747 28 1748
f 1747 1748 347
f 1749 1271 1750
f 1751 1752 1753
f 1754 1755 1756
f 1757 1758 1759
f 1760 1761 1762
f 1763 690 901
f 213 1148 214
f 214 1149 681
f 1764 1765 1766
f 1767 1768 1769
f 1095 1098 1768
f 1770 1135 1771
f 655 654 1064
f 1772 742 741
f 1773 737 736
f 1774 1775 1776
f 1777 1224 1778
f 1065 126 1066
f 1779 1780 126
f 1781 1768 1782
f 354 353 1083
f 1783 1136 1784
f 1135 1064 1785
f 1786 1787 1788
f 1789 1104 1106
f 657 1790 680
f 1791 1792 1793
f 1794 1795 1796
f 1797 1798 1799
f 1800 1801 1759
f 1189 525 1802
f 1803 1804 1805
f 1806 1124 727
f 411 1807 391
f 1808 1103 1809
f 127 367 128
f 1149 1142 681
f 902 514 1810
f 1811 1093 1812
f 1790 1092 680
f 1136 1138 1784
f 1813 1787 1136
f 1814 388 676
f 1141 1815 1816
f 1817 1138 742
f 896 898 1818
f 1819 390 1820
f 1821 1819 1822
f 1823 1824 1825
f 1826 1827 1303
f 1828 1829 1830
f 1831 1832 1833
f 225 43 223
f 223 897 1147
f 1684 1834 1835
f 1380 1836 1837
f 1838 401 400
f 1839 529 1840
f 27 1180 1182
f 27 26 1180
f 754 27 1841
f 1021 1020 1842
f 1198 754 756
f 27 1182 1841
f 1182 1181 1843
f 1844 236 238
f 1845 482 503
f 709 1846 1847
f 1468 82 1469
f 231 268 232
f 151 1848 705
f 1848 410 706
f 410 1848 81
f 707 1845 503
f 508 1849 1389
f 526 1480 1122
f 505 232 1850
f 124 283 1480
f 285 672 1191
f 241 26 25
f 703 241 25
f 221 220 412
f 1851 1806 727
f 1852 734 1853
f 734 1852 733
f 725 1190 420
f 1854 240 1190
f 1191 1467 1192
f 412 1854 1190
f 151 705 152
f 1195 82 151
f 82 1195 1194
f 1173 1198 1684
f 1020 1853 1855
f 1853 1020 1852
f 723 733 1852
f 1021 227 226
f 405 1021 226
f 1856 1857 1208
f 1858 1859 1089
f 1860 1861 747
f 723 1020 404
f 752 405 700
f 1222 1212 1862
f 405 226 1863
f 1863 226 228
f 1214 1864 1680
f 1214 1213 1864
f 1865 1866 749
f 1866 1865 1867
f 362 1055 1054
f 1867 1868 1866
f 1868 1867 1869
f 57 1870 58
f 423 1871 424
f 1872 1873 319
f 1226 1225 1874
f 1875 424 1876
f 1679 730 732
f 1776 1775 1877
f 1220 1869 1221
f 1869 1867 1221
f 228 227 1172
f 710 712 1834
f 1018 1835 1878
f 1879 1880 1881
f 1880 1879 261
f 1882 1883 1884
f 1885 1886 1887
f 1886 1885 1888
f 384 1889 381
f 1890 1889 384
f 1891 1889 1890
f 1891 1892 1889
f 1893 1892 1891
f 373 1892 1893
f 1892 373 372
f 377 1894 1895
f 1894 377 379
f 372 1118 249
f 1896 135 428
f 135 1896 762
f 1897 1898 1899
f 1898 1897 1900
f 1901 1902 1903
f 1248 1904 1249
f 1905 773 1906
f 1907 1908 1909
f 1910 1911 1912
f 1913 1888 1885
f 1832 1914 1915
f 1916 19 1438
f 1917 40 1264
f 1918 40 1917
f 40 1918 38
f 69 39 70
f 1919 24 1248
f 1920 1921 1922
f 1307 1308 1923
f 1924 1925 1926
f 1927 1928 1263
f 878 1929 876
f 1929 878 1930
f 1931 774 765
f 1932 1933 861
f 463 1934 464
f 1935 826 1936
f 1632 1937 1316
f 1938 1939 1940
f 1941 1942 1943
f 785 1944 786
f 1945 1946 1947
f 1948 1949 1950
f 1951 776 775
f 1952 637 442
f 443 1953 664
f 1954 1955 1956
f 1957 1284 1958
f 1959 141 1293
f 1960 460 1961
f 1962 1963 1964
f 643 645 1023
f 1965 351 350
f 1966 216 582
f 1967 216 1966
f 216 1967 1968
f 586 1969 584
f 777 1970 1971
f 1972 1973 1974
f 1975 1976 1977
f 806 1978 1979
f 1980 1981 978
f 1982 1983 1279
f 1984 990 1985
f 61 1985 31
f 1986 1317 1987
f 1317 1986 1988
f 1989 1320 1990
f 1312 1959 1293
f 1324 159 575
f 1991 159 1324
f 159 1991 160
f 1992 1993 550
f 978 1994 1320
f 1990 324 1995
f 1996 1997 1998
f 550 802 804
f 1589 1999 2000
f 108 2001 109
f 343 107 1996
f 343 342 107
f 831 830 2002
f 456 458 2003
f 2004 465 2005
f 1343 1572 1344
f 2006 2007 2008
f 2009 2010 2011
f 95 97 2012
f 455 2013 2012
f 1342 2014 820
f 2015 2016 2017
f 2018 1351 1334
f 2011 2019 2020
f 2021 1417 1376
f 2022 2003 2023
f 2024 457 2025
f 832 2026 2027
f 533 836 838
f 2028 1497 2029
f 953 955 2030
f 2031 2032 954
f 541 543 1367
f 2033 2034 2035
f 2036 2037 2038
f 1368 543 2039
f 2040 2041 2042
f 49 2043 2032
f 2044 2045 2046
f 2047 1378 2048
f 720 719 2049
f 2050 2051 2052
f 1845 483 482
f 2053 2054 2055
f 2056 2057 2058
f 1845 2059 483
f 2060 2061 1188
f 2062 2063 2064
f 2065 2066 2067
f 1889 1892 2068
f 377 2069 758
f 2069 377 1895
f 2070 2071 2072
f 2073 785 787
f 786 2074 2075
f 2076 2077 1946
f 2078 2079 2080
f 2081 1417 2021
f 2082 2081 2021
f 2083 2084 2085
f 2086 2087 2088
f 1954 2089 1955
f 2090 546 2091
f 2092 2093 1375
f 2094 229 883
f 2095 2096 2097
f 1922 1307 2098
f 2099 2100 2101
f 2102 1433 2103
f 2104 2105 2106
f 2107 2108 269
f 2108 493 269
f 2109 2110 2111
f 2110 2109 478
f 2112 2113 2114
f 2115 2116 2117
f 2118 2119 2120
f 2119 2118 2121
f 2121 2118 2122
f 1430 2123 2124
f 1278 431 779
f 2125 1430 1429
f 2126 270 494
f 270 2126 2127
f 2128 2129 500
f 2129 2128 2130
f 2131 2132 2133
f 2132 2131 2134
f 2094 883 1421
f 1444 870 2135
f 2136 2137 118
f 2138 1451 2139
f 2140 2141 2142
f 2143 2144 2145
f 2144 2143 2146
f 2147 1382 1384
f 884 1454 885
f 855 2148 2149
f 2150 490 492
f 66 68 1463
f 517 510 67
f 521 510 517
f 1388 847 849
f 2151 2152 1178
f 2153 716 715
f 889 848 890
f 894 267 231
f 1470 894 893
f 288 66 903
f 892 288 2154
f 390 1464 1465
f 390 1465 123
f 2155 2156 1821
f 210 212 2155
f 727 728 2157
f 1804 1851 1805
f 1819 1820 685
f 1465 408 123
f 1477 2158 1478
f 689 1146 690
f 1131 1189 1132
f 1129 515 1141
f 2159 694 695
f 2160 2154 2161
f 836 908 837
f 2162 2163 2164
f 101 103 154
f 122 121 2165
f 2166 2167 2168
f 2169 855 1460
f 2170 2171 1462
f 2172 2173 2174
f 2175 2176 2177
f 2178 2179 2180
f 2181 2182 2183
f 2184 2185 2186
f 2187 2188 2175
f 562 2189 2190
f 1363 1500 533
f 131 1500 1363
f 2191 2192 2193
f 2194 912 914
f 2195 558 560
f 2196 2197 2198
f 2199 1528 1527
f 540 2200 1001
f 939 555 2201
f 2202 1002 1000
f 2203 2204 942
f 2205 940 1551
f 2206 2207 919
f 2208 2209 2210
f 173 2211 2212
f 2213 2214 2215
f 2216 1512 2217
f 2187 2175 2218
f 2219 2220 2221
f 2222 2223 2224
f 2225 2226 2227
f 2228 1560 2229
f 2230 2231 2232
f 2233 2234 1552
f 1554 1521 1523
f 947 2235 2236
f 2237 2238 2239
f 945 947 2240
f 2241 2193 946
f 2242 2243 2244
f 1347 1349 2245
f 2246 2247 2248
f 2249 2246 2248
f 2250 2251 2252
f 2253 2254 2255
f 2256 1542 1544
f 1542 2256 466
f 2257 944 2258
f 2259 2195 560
f 481 2260 2043
f 481 564 2260
f 2261 2262 2263
f 1514 811 813
f 2264 957 956
f 1553 1521 1554
f 2265 1546 2266
f 941 480 1547
f 1348 2267 830
f 2267 1348 1347
f 2268 2266 2250
f 2269 2270 2271
f 2272 2273 2274
f 342 108 107
f 2275 2276 2277
f 1570 1569 2278
f 2279 2280 2281
f 2282 2283 2284
f 2285 2275 2286
f 2287 1575 965
f 965 967 2288
f 571 2289 2290
f 2291 1016 2292
f 2293 195 2294
f 1585 2295 2296
f 306 303 2297
f 2298 1586 2299
f 90 2276 91
f 2276 1568 2300
f 615 2301 2302
f 615 2303 2304
f 2301 615 2305
f 2303 615 2302
f 2306 615 2304
f 615 2306 613
f 2307 2308 2309
f 2308 2307 2310
f 2311 2312 2313
f 2314 2312 2311
f 2309 2312 2314
f 2312 2309 2308
f 2315 613 2316
f 613 2315 614
f 1317 2317 2318
f 352 1964 2319
f 2320 2321 2322
f 2321 2320 2323
f 580 581 986
f 17 1743 18
f 1625 1627 2324
f 2325 1965 1633
f 666 2326 2327
f 2328 2329 2330
f 182 1625 2331
f 2332 2327 2333
f 2334 2324 2335
f 2336 2337 2338
f 16 2339 192
f 2340 16 2341
f 2339 16 2340
f 987 1617 2342
f 2343 218 2344
f 583 218 2343
f 218 583 216
f 585 588 2345
f 2346 2327 2326
f 2347 2327 2346
f 2327 2347 2348
f 2349 182 2350
f 182 2349 2351
f 217 1613 1965
f 1965 1613 351
f 1011 4 1012
f 2352 2353 2354
f 2355 2356 1666
f 2357 2358 2359
f 2360 2361 2362
f 2361 1672 1501
f 2183 2363 2364
f 5 2365 2366
f 2367 2365 5
f 2368 1640 2369
f 2370 99 98
f 198 1712 970
f 319 321 1216
f 423 1226 1871
f 58 2371 1006
f 1005 535 595
f 593 2372 2373
f 2374 2375 2376
f 1646 570 569
f 2377 1645 1654
f 976 2293 2378
f 975 193 976
f 2379 916 2380
f 2380 2381 535
f 2382 1047 1051
f 2383 57 59
f 2384 2385 2386
f 2387 2388 2389
f 1838 400 1163
f 400 402 2390
f 1163 400 2390
f 1362 1363 2391
f 2361 1502 2362
f 2392 2393 2394
f 2393 2392 2395
f 1672 1671 1165
f 1674 2361 2360
f 2393 1838 1163
f 2396 1019 1670
f 2397 1672 2361
f 2398 1678 2399
f 600 732 1683
f 2400 2401 2379
f 2401 602 604
f 1680 2402 731
f 1200 1682 744
f 1699 2403 2404
f 2405 1705 1713
f 2406 2407 2408
f 2407 2406 2409
f 1687 1624 1685
f 629 1740 1741
f 1746 2410 1738
f 1031 2411 1032
f 2412 1030 2413
f 2412 1046 1030
f 2414 1046 2412
f 1046 2414 1721
f 2415 2411 2416
f 614 1032 615
f 2417 2418 2419
f 1604 2420 1608
f 2421 1620 2308
f 347 2422 348
f 2422 2423 348
f 348 2423 1039
f 29 205 30
f 1706 1725 416
f 416 2424 2425
f 1723 2426 2427
f 616 1723 617
f 2428 1037 1036
f 418 2425 2429
f 1717 1050 2426
f 1716 2429 1717
f 2430 1043 2428
f 2431 1718 616
f 305 2432 2433
f 1034 2434 1035
f 2435 2436 2437
f 2437 2438 304
f 1045 1724 1046
f 1038 618 2435
f 2439 1038 2435
f 2440 1216 1734
f 1873 320 319
f 1733 2440 1734
f 363 2441 364
f 2442 1059 1729
f 1059 2442 1057
f 2443 1204 2444
f 2445 1729 2446
f 1729 2445 2442
f 84 2446 85
f 1692 2447 2448
f 632 1730 1058
f 2449 1029 2430
f 1029 1042 2430
f 623 1732 417
f 622 623 1028
f 2440 319 1216
f 1060 632 1058
f 632 1060 1733
f 1708 1733 1709
f 1709 610 622
f 2450 2451 1040
f 629 2452 2450
f 1733 1735 632
f 1735 1733 1708
f 630 632 1735
f 628 1740 629
f 2453 358 360
f 1083 1084 359
f 2454 2455 2456
f 2457 2458 2459
f 606 28 1624
f 578 349 579
f 1026 627 29
f 28 1026 29
f 2460 70 39
f 70 2460 2461
f 2462 2463 2464
f 2465 2463 2462
f 2463 2465 114
f 2466 1230 1229
f 1928 2467 2468
f 2469 2470 2471
f 2470 2469 2472
f 1928 1749 1750
f 1749 2471 1271
f 2473 1818 2474
f 2475 2476 2477
f 2478 2479 2480
f 2481 2482 2483
f 2484 2485 2486
f 1241 1886 2487
f 209 2488 2489
f 2490 1763 901
f 397 2491 398
f 224 223 2492
f 1829 1081 2493
f 2494 2495 1150
f 1154 2496 1155
f 215 2497 2498
f 2499 1823 2500
f 1740 2453 1061
f 1769 2501 2502
f 1098 740 1768
f 1095 739 1098
f 1877 2503 2504
f 621 1209 2505
f 2506 736 2507
f 2507 2508 2509
f 367 2510 2511
f 2512 2513 366
f 2512 366 127
f 1103 2514 1809
f 1771 1066 2515
f 126 128 1094
f 1084 2516 1782
f 1781 1095 1768
f 2517 2515 1781
f 2518 2519 2520
f 395 741 2521
f 1092 199 1096
f 2522 2523 2524
f 2525 2526 2527
f 683 673 675
f 2528 1783 2529
f 2530 2531 2532
f 1128 515 1129
f 1888 1256 1886
f 2533 2534 2535
f 2536 2537 2538
f 634 438 440
f 2539 1911 1910
f 1911 2539 2540
f 2541 2542 2543
f 2544 2545 2546
f 1798 2547 2548
f 2549 2550 2551
f 2552 2553 2534
f 2554 2555 2556
f 2554 2557 2555
f 2557 2554 2558
f 2559 261 2560
f 2561 2562 2563
f 2562 2561 1227
f 2564 2565 2566
f 1803 1189 1804
f 1141 2567 1815
f 1132 1803 2568
f 2568 1803 1805
f 1807 1851 2569
f 2569 727 2157
f 1804 1806 1851
f 526 1122 1124
f 1779 1809 1780
f 1102 1103 1126
f 1103 2570 2514
f 201 200 2571
f 674 2572 1788
f 63 2573 514
f 1817 742 1772
f 1816 1815 387
f 387 2574 385
f 1816 2575 2576
f 2575 1816 1137
f 1101 1106 200
f 2577 395 394
f 396 2570 1103
f 2577 2529 395
f 1105 1788 1783
f 1788 1787 1813
f 2572 1786 1788
f 2573 1132 515
f 2578 2579 2580
f 2579 2578 43
f 2581 1157 1156
f 1157 2581 695
f 1144 1146 689
f 2490 688 1763
f 898 1082 2582
f 235 234 2583
f 1080 2496 2584
f 690 1146 899
f 1155 2496 1080
f 235 2490 1154
f 2585 1819 1481
f 1819 685 1481
f 681 683 2497
f 662 2586 663
f 214 681 2497
f 2497 683 2587
f 2492 1147 2588
f 772 2589 1908
f 2590 2591 2592
f 2473 896 1818
f 2593 2594 2595
f 44 225 2596
f 225 44 43
f 2597 2598 2599
f 2598 2597 2600
f 1488 2601 2053
f 2602 86 2056
f 2603 2604 2605
f 2606 1488 2607
f 402 1839 2608
f 2609 907 906
f 238 237 2610
f 2610 237 102
f 906 908 836
f 2608 1844 2609
f 1180 1183 1181
f 26 1183 1180
f 1853 729 1855
f 729 703 702
f 1173 1197 1198
f 1842 1855 2611
f 1855 1842 1020
f 702 754 1197
f 702 704 754
f 1183 1184 1181
f 1487 708 2612
f 756 711 710
f 711 2613 712
f 754 1841 755
f 755 1843 711
f 407 506 1125
f 716 891 717
f 2614 2059 1845
f 1179 409 80
f 2615 2152 2151
f 152 705 713
f 705 707 713
f 713 502 1176
f 296 2060 1188
f 714 503 502
f 707 503 714
f 506 2151 1125
f 1480 283 285
f 506 2615 2151
f 47 46 505
f 703 25 27
f 703 27 704
f 241 1196 1193
f 1196 241 240
f 241 1193 26
f 726 2616 2617
f 2616 726 1858
f 2618 747 2619
f 728 221 413
f 1124 1123 219
f 2620 412 1190
f 1467 1469 2621
f 1859 735 1089
f 2622 1858 726
f 1858 2622 1859
f 1210 1866 1868
f 2617 724 726
f 670 1859 2622
f 1859 670 735
f 1179 80 1468
f 1192 1467 2621
f 2621 1469 1196
f 2621 1196 240
f 1195 151 150
f 1193 1195 150
f 80 410 81
f 1848 706 705
f 1855 729 702
f 723 1852 1020
f 2623 228 1681
f 701 405 1863
f 1864 752 700
f 1021 1842 227
f 1860 747 2618
f 1209 1211 2624
f 405 404 1021
f 1213 752 1864
f 1865 751 750
f 1224 1862 1225
f 1214 1680 2625
f 1778 1224 1226
f 1204 1203 1224
f 1215 752 1213
f 1864 700 1680
f 2619 749 2626
f 2618 2619 2626
f 1208 1857 1088
f 721 749 748
f 749 721 1865
f 1225 1214 1874
f 605 1679 600
f 1222 1221 1212
f 1221 1867 1215
f 1862 1212 1214
f 1862 1214 1225
f 1018 1878 697
f 1199 2402 2627
f 2628 122 236
f 1502 1167 2392
f 2629 2630 2631
f 2632 1973 2633
f 1973 2632 2634
f 261 138 262
f 2635 1236 1238
f 761 2636 2637
f 2636 761 2638
f 2639 2640 2641
f 2639 2642 2640
f 2642 2639 2643
f 1948 1950 2644
f 1900 2645 2646
f 2647 1252 452
f 1235 452 451
f 452 1235 2647
f 2648 1888 1913
f 1888 2648 1254
f 1250 1249 2635
f 2649 1801 2650
f 1801 2649 2651
f 1886 1256 1070
f 761 2652 1904
f 761 2653 2652
f 2653 761 2637
f 2643 2654 2642
f 2654 2643 2655
f 452 2638 761
f 452 2656 2638
f 452 2657 2656
f 1253 2657 452
f 1253 2658 2657
f 1253 2659 2658
f 1253 2641 2659
f 2641 1253 2639
f 2660 2661 2662
f 2663 2661 2660
f 2661 2663 2664
f 2665 759 1110
f 765 450 778
f 23 765 778
f 1307 2666 2667
f 2668 799 2669
f 149 2670 767
f 149 767 766
f 1929 2671 1751
f 2671 1929 2672
f 2673 1927 2670
f 2674 2675 2676
f 273 2677 2678
f 2677 273 275
f 1921 1278 1307
f 1920 1278 1921
f 2679 2680 2681
f 2682 2114 2683
f 463 2684 1934
f 2685 2686 2020
f 2687 2688 2689
f 2009 2011 448
f 1287 2690 2691
f 2010 2692 2019
f 2693 2694 2695
f 2696 2697 2698
f 2699 862 2700
f 2089 2701 1955
f 2702 2703 2704
f 2705 2089 2706
f 2707 2708 2709
f 776 1970 777
f 1892 251 2710
f 1898 1900 2711
f 1901 2712 2713
f 2712 1901 1903
f 2714 1290 1975
f 2715 2716 2717
f 1953 442 2328
f 442 637 2329
f 1956 1955 2718
f 2693 2719 2694
f 2720 139 141
f 1296 2721 2722
f 2723 2693 2724
f 460 2725 2726
f 1310 1312 1293
f 2727 2728 2729
f 2730 2731 1631
f 2730 1631 2732
f 2733 2454 2410
f 979 1305 1024
f 2734 2735 1115
f 1827 2736 1303
f 2320 790 624
f 789 2737 790
f 635 2738 639
f 2739 641 640
f 2740 641 2739
f 641 2740 2741
f 216 1611 217
f 2742 2743 2744
f 2745 2746 2747
f 2748 2749 2741
f 997 2750 1968
f 2751 1294 2752
f 60 2730 2732
f 2753 2754 2755
f 2756 2754 2753
f 2754 2756 2757
f 2758 993 1315
f 2759 2760 1982
f 2759 2761 2760
f 75 2762 1982
f 33 800 2752
f 800 33 32
f 34 2762 32
f 75 1982 76
f 2763 2758 2762
f 437 2764 2765
f 2766 2342 2767
f 2768 2769 2770
f 2771 2772 2773
f 2772 2771 2774
f 2775 2763 1985
f 2763 2775 2776
f 2777 980 2778
f 978 1320 2779
f 2780 463 462
f 2754 1319 1981
f 2757 1319 2754
f 2781 1319 2757
f 1319 2781 2782
f 1934 2010 2009
f 2783 2784 2785
f 1328 572 2786
f 572 574 2786
f 2787 2788 2789
f 2788 2787 2790
f 2791 2792 573
f 2001 2793 2794
f 109 2001 2794
f 465 467 2005
f 2795 962 964
f 2796 929 2797
f 942 2798 943
f 2799 2800 2801
f 2288 967 2802
f 2803 2804 2805
f 2806 2684 463
f 2692 2807 2019
f 2808 1990 2806
f 1978 576 1979
f 1998 1997 2809
f 2810 2811 2687
f 1997 2285 2812
f 2785 2813 454
f 2023 2814 142
f 2815 2816 2817
f 445 2818 2819
f 1326 444 446
f 2817 2816 2820
f 2821 827 826
f 2822 2252 2823
f 2824 2825 2826
f 1947 78 77
f 2825 2817 2827
f 2828 2829 2830
f 2829 2828 2078
f 2831 2832 2821
f 2833 826 1935
f 2834 2835 2836
f 838 2164 1511
f 837 2162 838
f 2837 1519 54
f 2391 532 913
f 533 838 1510
f 1510 838 1511
f 2250 2031 2251
f 2251 2031 953
f 2838 2839 2840
f 955 845 2841
f 543 2842 2039
f 845 2843 846
f 2844 2845 496
f 2846 2847 2848
f 2849 2850 2851
f 145 2852 146
f 2249 2248 2853
f 2854 544 1403
f 1378 2855 2048
f 2856 2857 2858
f 2859 2046 2860
f 2861 2862 2863
f 1374 2860 2864
f 2865 2866 2867
f 2868 2869 2870
f 2871 1473 1472
f 1473 849 1471
f 2186 2872 2837
f 2873 2874 1453
f 909 2050 910
f 509 2875 2876
f 508 2877 1849
f 2877 2878 2879
f 2878 2877 1188
f 1185 2878 1188
f 2880 1389 471
f 1186 2881 2882
f 1186 2882 1187
f 2881 1186 2883
f 1186 850 2883
f 2883 850 852
f 1388 849 1473
f 2884 709 2602
f 720 2049 484
f 2059 720 483
f 1188 2061 1186
f 2059 718 720
f 706 2885 2614
f 2885 706 410
f 2886 2887 2888
f 2889 854 853
f 2067 2066 2890
f 2891 1250 2635
f 2892 2893 2894
f 2895 2896 2897
f 757 758 2898
f 2899 2900 2901
f 2719 2073 2694
f 2694 2902 2695
f 2903 865 2904
f 2905 2906 2907
f 2908 2909 2910
f 866 1350 863
f 2864 2082 2021
f 2911 2912 1420
f 2860 2046 2082
f 2860 2082 2864
f 2913 2914 2915
f 2909 2916 2910
f 2909 2917 2916
f 2088 2918 2919
f 2920 2921 2922
f 2141 1265 2142
f 886 2146 2143
f 2923 2924 2925
f 787 2926 2927
f 2928 2929 2930
f 2115 1920 2116
f 2905 2907 2931
f 1406 2932 2933
f 2934 2935 2936
f 2937 2935 2934
f 1401 1428 2938
f 2939 1425 2940
f 269 493 270
f 1446 1444 2135
f 2941 300 880
f 19 21 2942
f 2943 2944 2099
f 2945 2946 2947
f 2945 2947 2948
f 2133 2132 2949
f 2906 2950 2907
f 882 867 880
f 2951 2110 2952
f 2953 2954 2955
f 2956 2957 2958
f 2959 2960 430
f 2675 2961 2962
f 1431 1432 2675
f 780 2963 1924
f 1920 1277 1278
f 21 1437 2118
f 270 2964 1437
f 2964 270 2965
f 2966 1916 2967
f 21 2118 2942
f 2968 155 478
f 2969 119 2134
f 2970 1448 1445
f 2971 2972 2973
f 2972 2971 2974
f 2975 2969 156
f 859 119 2976
f 1422 2976 2977
f 499 501 230
f 2978 2045 2044
f 2979 2145 2980
f 2145 2979 2143
f 2981 2973 2982
f 2973 2981 2971
f 1448 485 1441
f 1448 2973 485
f 2133 2949 2983
f 1421 859 2976
f 1451 1450 2984
f 1441 2985 1443
f 2146 2986 2144
f 473 472 2987
f 2052 2988 2989
f 2971 2990 2974
f 2990 2971 2129
f 885 2146 886
f 2973 1455 485
f 1455 2973 2972
f 2873 1453 884
f 492 2874 2991
f 2992 2993 2994
f 496 2995 497
f 2869 2994 2849
f 2994 2996 2849
f 1457 2169 1460
f 517 67 286
f 286 67 287
f 523 511 510
f 521 523 510
f 1466 45 887
f 67 510 68
f 894 231 511
f 511 231 46
f 903 66 888
f 66 1463 888
f 1145 1821 1146
f 2158 210 2155
f 212 390 2156
f 2155 212 2156
f 525 526 1806
f 1802 525 1806
f 390 123 1820
f 1820 123 685
f 212 888 389
f 888 1463 1464
f 1481 685 684
f 899 2585 64
f 2120 2119 2997
f 2154 2998 892
f 2998 2154 2999
f 2999 2154 2160
f 210 903 211
f 513 903 210
f 837 908 2162
f 908 153 2162
f 527 1484 1486
f 1486 3000 1361
f 3001 2991 1409
f 3002 3003 3004
f 709 1847 2602
f 2170 1462 1461
f 2605 2174 3005
f 928 3006 3007
f 3008 561 1513
f 3009 3010 3011
f 913 915 2189
f 534 1510 3012
f 3013 3014 3015
f 915 3012 2189
f 2184 2186 3016
f 3017 3018 3019
f 3020 3021 3018
f 1500 130 836
f 1500 836 533
f 3013 2183 3014
f 3022 3023 3024
f 3025 3026 3027
f 3028 3029 2241
f 2354 3030 1524
f 3031 3032 3033
f 3034 3035 308
f 2226 3036 3037
f 549 2199 1527
f 839 927 840
f 3038 3039 957
f 2203 942 944
f 3040 3013 3041
f 3042 3043 3044
f 1552 3045 2254
f 2205 1551 1522
f 950 2214 3046
f 2227 2226 3037
f 3047 3048 3049
f 2224 3050 3051
f 3052 2177 3053
f 3046 2214 2213
f 3054 173 3055
f 3056 3057 3058
f 926 3059 2208
f 2210 2209 2205
f 3060 3061 3062
f 566 3063 567
f 1551 941 1546
f 3064 2250 2252
f 3065 3028 945
f 930 3066 3067
f 3068 3069 3070
f 3071 958 1515
f 958 957 3072
f 3073 2247 2246
f 3074 3075 3076
f 3077 3078 3079
f 954 3080 955
f 3081 3064 2822
f 943 3082 3066
f 3083 3070 1336
f 3084 2237 3085
f 3086 2238 2237
f 3087 1573 1572
f 3088 3089 3090
f 3089 3088 2257
f 2257 2203 944
f 3091 3092 3093
f 2238 2259 2239
f 480 3094 481
f 2039 3051 3095
f 3095 2838 2039
f 3096 541 564
f 50 49 2031
f 2265 2266 1523
f 2254 3097 2255
f 3064 2252 2822
f 2266 1547 50
f 49 2032 2031
f 2251 953 2252
f 824 3098 825
f 3099 3100 3101
f 3102 1568 3103
f 3104 3105 3106
f 2279 3107 2280
f 1997 2812 2809
f 1997 3108 2285
f 107 109 1996
f 342 574 108
f 3109 3110 1574
f 3111 3112 3113
f 2809 2812 3114
f 89 2275 2277
f 1569 3115 3116
f 3087 3109 1573
f 3117 3118 3119
f 3120 3121 3122
f 3121 3120 3123
f 1658 1657 1649
f 1649 1657 3124
f 2786 574 342
f 2378 2293 2388
f 1585 1329 2295
f 3125 1588 3126
f 2386 2385 3127
f 2432 3128 1586
f 2299 2296 3129
f 3127 1583 3128
f 3116 316 318
f 2788 1651 1653
f 1581 566 568
f 3130 568 1566
f 163 104 329
f 615 2415 3131
f 104 106 1332
f 105 3132 106
f 1593 3133 3134
f 3133 1593 3135
f 1593 3134 3136
f 3137 341 590
f 3138 341 3137
f 3139 341 3138
f 341 3139 3140
f 3141 590 589
f 3142 590 3141
f 3143 590 3142
f 590 3143 3137
f 1593 3144 3145
f 3144 1593 3136
f 1593 3145 3146
f 3147 332 3148
f 3149 332 3147
f 3150 332 3149
f 3151 332 3150
f 332 3151 330
f 329 3152 3153
f 3152 329 328
f 3154 329 3153
f 3155 329 3154
f 3156 329 3155
f 3157 329 3156
f 3158 329 3157
f 3159 329 3158
f 329 3159 163
f 162 332 159
f 3160 332 162
f 3161 332 3160
f 3162 332 3161
f 332 3162 3148
f 167 163 3159
f 2308 1622 2312
f 1622 2308 1620
f 1608 3163 3164
f 1608 3165 3163
f 1608 3166 3165
f 3166 1608 1698
f 1610 1608 3164
f 2308 3167 3168
f 3167 2308 2310
f 3169 2308 3168
f 3170 2308 3169
f 3171 2308 3170
f 2421 3171 3172
f 3171 2421 2308
f 2320 624 2323
f 2323 624 644
f 643 3173 3174
f 3173 643 3175
f 3176 3174 3177
f 1617 999 3176
f 999 2322 2321
f 1023 1025 607
f 1023 607 606
f 3178 3179 3180
f 1940 3181 2336
f 1939 3182 3183
f 3184 2731 3185
f 178 218 1633
f 1626 1965 350
f 1627 580 2324
f 2324 580 987
f 2331 1625 3186
f 2331 2350 182
f 2350 2331 3187
f 3187 2331 3188
f 2327 2348 3189
f 2325 217 1965
f 3190 2744 1086
f 1633 1965 1626
f 182 1633 1625
f 1012 3191 3192
f 3193 3123 3120
f 3194 3195 3044
f 3196 3197 3040
f 3198 3199 3200
f 3201 2369 3202
f 3026 3203 3204
f 2366 1661 1494
f 2395 1838 2393
f 3205 1164 1505
f 3192 2368 3206
f 1531 1650 1011
f 3124 3207 2367
f 594 593 2373
f 596 598 1659
f 3208 2367 5
f 570 2289 571
f 1649 3208 1650
f 1647 333 1013
f 1870 3209 3210
f 365 57 2383
f 321 3211 1725
f 3210 1676 3212
f 1876 1223 3213
f 57 364 1870
f 364 3214 3209
f 1223 601 3215
f 3213 3215 3216
f 3217 602 2401
f 58 333 1647
f 2356 3218 1666
f 916 918 3219
f 1663 1646 2377
f 175 334 3220
f 3221 1665 1660
f 537 536 598
f 601 600 3222
f 3223 1675 2374
f 1657 1003 3207
f 3224 1003 1657
f 3225 1015 1584
f 1329 1331 3125
f 3208 5 4
f 595 537 596
f 3226 974 976
f 3227 1051 1050
f 1646 3228 570
f 3229 1654 1662
f 2425 3227 1050
f 3230 245 1048
f 2385 3231 1583
f 3232 198 3225
f 3226 976 1330
f 970 969 1014
f 2393 1163 1162
f 3233 3234 593
f 1163 2390 3235
f 2390 402 129
f 3236 401 3237
f 3238 3239 3240
f 1168 3236 1166
f 699 3236 1168
f 3237 401 1838
f 1675 2360 2374
f 917 1219 3223
f 1682 1022 2396
f 1670 1019 1671
f 746 745 2397
f 746 2361 1674
f 2402 2623 2627
f 2627 2623 1681
f 1683 753 3241
f 601 3222 3242
f 602 3242 3243
f 3222 1683 3242
f 2380 916 3219
f 3216 602 3217
f 731 2402 1199
f 3242 1683 3241
f 2625 731 730
f 2625 1680 731
f 2419 1045 1044
f 1714 2439 3244
f 647 3245 3246
f 1742 3246 3245
f 3246 1742 577
f 3175 2458 3173
f 2458 3175 1623
f 1940 2336 2338
f 2420 1743 647
f 1636 260 187
f 2334 2766 2769
f 979 1745 1305
f 1746 1738 627
f 645 1024 1023
f 790 625 624
f 3247 3248 3249
f 3249 3248 2455
f 1031 3250 2411
f 1030 1046 1031
f 3251 613 2306
f 613 3251 1603
f 3252 805 1601
f 3253 805 3252
f 805 3253 1321
f 1068 3254 631
f 2423 1040 1039
f 3255 1029 608
f 609 579 349
f 579 609 1689
f 1710 1041 1069
f 1041 1710 1731
f 1731 1039 1041
f 1039 1731 3255
f 414 1726 415
f 1727 1216 611
f 59 1647 3256
f 416 415 2424
f 2429 1050 1717
f 418 2429 1716
f 1050 1052 2426
f 617 2384 2386
f 1042 1043 2430
f 1028 417 1042
f 2429 2425 1050
f 415 3256 2424
f 1689 1705 1690
f 1705 1704 1720
f 3257 313 3258
f 2432 1586 2433
f 1036 1038 2439
f 1714 1036 2439
f 2435 2437 304
f 3244 2435 3259
f 2439 2435 3244
f 1045 3259 1724
f 3259 1045 3244
f 3260 1053 3261
f 3262 3263 3264
f 2442 3265 1057
f 85 2446 1729
f 1734 1216 1727
f 1709 1734 610
f 2442 2445 3265
f 2445 1056 3260
f 3266 83 3267
f 1084 1782 3268
f 1068 631 630
f 1741 1063 1068
f 1768 2501 1769
f 3267 83 85
f 1029 1028 1042
f 2430 2428 1036
f 1719 2430 1036
f 1705 1720 1713
f 1734 1727 610
f 1217 321 1725
f 1060 2440 1733
f 1060 1057 2440
f 205 629 206
f 627 629 205
f 206 629 2450
f 1040 2451 1069
f 1708 1069 1735
f 1069 1708 1710
f 3254 2448 631
f 650 3269 651
f 3270 2453 1740
f 1740 1061 1063
f 340 354 1083
f 3271 3272 3273
f 578 347 349
f 1685 1624 1747
f 577 3274 3246
f 3274 577 1690
f 1624 28 1747
f 30 206 2423
f 30 2423 2422
f 347 30 2422
f 607 1746 1026
f 1746 627 1026
f 1 3275 2
f 3276 2 3275
f 2 3276 3277
f 1911 3278 1254
f 3279 2468 3280
f 2468 3279 1928
f 3279 3280 3281
f 1925 3282 3283
f 3284 3285 3286
f 3287 3288 3289
f 3288 3287 3290
f 3291 3292 2645
f 3293 3294 3295
f 2483 3293 3296
f 3293 2483 3294
f 2480 3297 1112
f 669 668 1120
f 3298 2542 2541
f 1914 3299 3300
f 1758 3301 3302
f 3303 3304 3305
f 3306 3307 3308
f 3309 3271 1827
f 1303 3310 1304
f 2489 2488 3311
f 2476 3312 2477
f 3313 3314 2530
f 1152 1142 1149
f 1142 1152 1151
f 3315 2495 2494
f 2494 1152 3316
f 1153 1080 1079
f 3317 2493 3318
f 1830 1829 3317
f 3319 3320 3321
f 3322 3323 3324
f 2589 3325 3326
f 3327 213 3328
f 214 2497 215
f 2500 3329 656
f 2500 1823 3329
f 1764 1766 3330
f 3331 656 658
f 2511 3332 203
f 1220 3333 1211
f 3333 1220 3334
f 3332 2505 3335
f 651 1877 361
f 362 1054 2446
f 3332 3335 1775
f 2570 1773 2513
f 736 738 2507
f 202 367 203
f 367 2511 203
f 3336 3337 2503
f 738 619 2507
f 1202 3334 1203
f 2509 2505 3332
f 1066 1094 2515
f 1065 1779 126
f 1066 126 1094
f 2515 1094 1095
f 2527 3338 3339
f 353 2516 1084
f 2516 1781 1782
f 359 3268 3340
f 1812 1093 653
f 1812 653 655
f 3329 1825 656
f 3341 3342 3343
f 1783 1784 2529
f 1101 200 199
f 656 1825 657
f 3344 687 1101
f 3345 1128 1130
f 681 1142 682
f 1113 3346 2553
f 1113 3347 3346
f 3348 3349 3350
f 1791 3351 1792
f 1882 2558 2554
f 2558 1882 1884
f 1880 261 2559
f 3352 3353 2735
f 262 3354 759
f 2533 2535 2743
f 3355 2564 3356
f 2543 3357 3358
f 1108 1901 2713
f 15 3359 13
f 3359 15 2630
f 9 11 3360
f 2561 1228 1227
f 2560 3361 3362
f 3361 2560 261
f 2556 2555 3363
f 3364 1128 3345
f 514 2573 515
f 2568 1805 1815
f 1132 1189 1803
f 1805 1807 411
f 1805 1851 1807
f 1123 1191 219
f 219 1191 220
f 1806 526 1124
f 1124 219 727
f 395 2521 2570
f 199 201 1096
f 200 3365 2571
f 394 396 1103
f 2513 2506 366
f 2514 2570 2513
f 1064 1779 1065
f 654 1779 1064
f 366 2510 367
f 2506 2507 366
f 515 1132 2567
f 515 2567 1141
f 902 63 514
f 2570 3366 1773
f 1207 388 1814
f 1206 678 3367
f 1815 2574 387
f 1815 1805 2574
f 1784 1817 2529
f 1784 1138 1817
f 2529 1817 1772
f 396 395 2570
f 682 1143 673
f 674 1788 1105
f 1813 1136 1783
f 1788 1813 1783
f 3345 1787 1786
f 1787 3345 1130
f 2575 1137 1136
f 2576 1141 1816
f 3368 512 1477
f 695 512 3368
f 898 2582 233
f 3369 1144 688
f 3370 2590 2592
f 223 3371 897
f 223 43 3371
f 900 63 902
f 516 515 1128
f 3372 2592 3373
f 3374 235 1154
f 3375 64 63
f 901 690 900
f 1146 1822 899
f 1146 1821 1822
f 1766 3376 3331
f 3328 215 2498
f 1818 235 3374
f 2492 223 1147
f 3377 3378 3379
f 3377 3379 3380
f 3378 3377 1259
f 3381 3382 3383
f 3325 3370 3326
f 3384 2473 2474
f 2057 86 88
f 3385 3386 3387
f 1170 2056 1171
f 1171 2056 2058
f 2612 2884 1170
f 3388 1170 1160
f 1485 2053 3389
f 2603 2605 3005
f 531 530 2628
f 3390 1836 3388
f 238 2610 907
f 529 531 1840
f 1844 238 907
f 2610 102 101
f 2608 2609 906
f 2609 1844 907
f 1836 1487 2612
f 3391 1379 1381
f 1855 702 1197
f 227 2611 1173
f 2611 227 1842
f 1018 1684 1835
f 1174 1684 1018
f 1017 1174 1018
f 1174 1017 1172
f 2606 1160 1488
f 2165 1161 237
f 3238 3392 3239
f 1878 3238 698
f 1684 756 710
f 1684 710 1834
f 268 3393 232
f 1178 2152 409
f 1468 80 82
f 1850 715 2152
f 3394 1468 1467
f 502 504 709
f 1176 502 708
f 406 3395 407
f 406 47 3395
f 1123 285 1191
f 1122 285 1123
f 123 3396 124
f 123 408 3396
f 505 1850 506
f 46 232 505
f 734 729 1853
f 1169 239 729
f 2620 1190 725
f 724 413 725
f 734 1169 729
f 734 421 1169
f 421 734 670
f 413 2620 725
f 413 412 2620
f 1861 1089 747
f 1089 1090 748
f 2616 1858 3397
f 1861 1858 1089
f 747 1089 748
f 412 2621 1854
f 1854 2621 240
f 1192 2621 412
f 220 1192 412
f 150 152 1183
f 26 150 1183
f 1469 1194 1196
f 1469 82 1194
f 706 2614 1845
f 706 1845 707
f 151 81 1848
f 81 151 82
f 722 748 1090
f 748 722 721
f 701 1863 2402
f 1680 701 2402
f 2402 1863 2623
f 1863 228 2623
f 1855 1197 2611
f 678 3398 1856
f 737 1208 738
f 1856 3398 1857
f 678 677 3398
f 1215 1865 750
f 1867 1865 1215
f 1865 721 751
f 721 723 751
f 751 404 403
f 751 723 404
f 752 751 403
f 752 403 405
f 1874 1214 2625
f 1874 2625 730
f 1056 1053 3260
f 2444 1778 3399
f 2619 747 749
f 649 2618 2626
f 2626 749 1866
f 2626 1866 1210
f 424 1871 605
f 99 1875 1876
f 1871 1874 605
f 1226 1874 1871
f 1224 1222 1862
f 1203 1222 1224
f 1221 1215 1212
f 1212 1215 1213
f 697 1878 698
f 698 3400 3236
f 1835 3238 1878
f 1835 1834 3238
f 2644 3401 1882
f 1950 3402 3401
f 3402 1950 3403
f 3404 3405 3406
f 1249 3407 3408
f 3407 1249 3409
f 3410 3411 3412
f 3411 3410 3413
f 1236 3414 1239
f 3414 1236 3415
f 1240 3416 1241
f 3417 1245 3418
f 3419 1245 3417
f 1245 3419 1243
f 2546 3420 3421
f 372 3422 1118
f 2713 3423 1949
f 2713 3424 3423
f 3424 2713 3425
f 3426 3427 3428
f 2646 3426 3429
f 3426 2646 3427
f 2713 3430 3425
f 3431 1250 2891
f 24 760 1248
f 1248 761 1904
f 760 761 1248
f 3432 2660 2662
f 2710 3291 1897
f 3291 2710 251
f 3433 3434 3435
f 3436 3437 3438
f 1258 3378 1259
f 3439 3440 3441
f 3442 3443 224
f 2596 225 222
f 3443 222 224
f 1259 3444 3445
f 3446 2460 39
f 1308 781 1923
f 781 3447 2673
f 1306 71 765
f 489 2667 1931
f 2083 2085 3448
f 276 22 24
f 3449 488 1289
f 1919 1248 1250
f 3450 3451 3452
f 3453 1275 3454
f 39 767 40
f 767 1264 40
f 69 766 39
f 2667 148 774
f 2962 273 876
f 273 877 876
f 877 273 2678
f 3455 3456 3457
f 799 3449 3458
f 2117 3459 798
f 2117 1922 3459
f 3460 3461 3462
f 3463 3464 3465
f 2690 280 2691
f 464 1934 447
f 3466 3467 3468
f 1312 3469 3470
f 3469 1312 1311
f 449 3471 1354
f 3472 3473 2008
f 2007 3474 3472
f 447 2009 448
f 3475 2010 1934
f 2014 1339 3476
f 1310 1294 2751
f 1309 1983 1353
f 3477 3478 3479
f 3480 3481 3482
f 1297 1283 1285
f 3483 3484 2089
f 834 3485 2026
f 3486 3487 2026
f 2900 2644 2901
f 3488 3489 3490
f 2716 3491 443
f 1970 3492 3493
f 1900 3429 2711
f 3429 1900 2646
f 2713 2712 3430
f 3427 3494 3405
f 2898 758 3495
f 1892 3496 2068
f 3496 1892 2710
f 758 2069 3497
f 3480 2695 3481
f 1942 3498 3499
f 3500 2695 3480
f 1976 3180 1939
f 2746 3501 2707
f 3502 443 664
f 3503 218 1629
f 3504 184 2330
f 184 3504 1630
f 442 2329 2328
f 2026 3505 2721
f 3506 3507 2719
f 875 3508 2924
f 2896 1944 785
f 3509 3510 1288
f 1296 2722 1297
f 1284 3511 3512
f 2725 1958 3513
f 2724 3500 3480
f 2726 3514 794
f 3515 3516 1977
f 3515 1977 3517
f 461 1960 139
f 461 460 1960
f 2027 2721 1296
f 1286 3518 3519
f 3470 2720 1312
f 141 140 2696
f 2697 796 2698
f 2744 3520 1086
f 351 3521 352
f 3522 3310 3523
f 3524 3525 3526
f 3527 793 1073
f 3528 2527 3529
f 3530 3531 3532
f 3533 3534 3535
f 1793 425 3536
f 3536 425 2549
f 3537 3538 3539
f 1964 2523 2319
f 1962 3540 1963
f 3541 3542 2454
f 1745 2733 2410
f 641 2741 2750
f 1968 1611 216
f 2329 586 585
f 637 586 2329
f 1611 3543 1612
f 217 1611 1613
f 1968 2750 1611
f 3544 2748 3545
f 3546 2748 3544
f 2748 3546 2749
f 2708 3547 3548
f 3540 3537 1963
f 3537 3540 3549
f 3549 3550 3551
f 1971 3552 2745
f 3491 441 443
f 3553 1319 2782
f 3554 1319 3553
f 1319 3554 3555
f 3555 805 1319
f 3556 805 3555
f 805 3556 1598
f 1314 1980 1315
f 2780 2806 463
f 1983 2780 462
f 1980 978 2779
f 1315 1980 2761
f 1314 992 1980
f 34 2763 2762
f 32 2762 75
f 1315 2761 2759
f 2762 2759 1982
f 800 32 76
f 1983 462 1353
f 76 1982 1279
f 60 2732 61
f 1294 3557 2752
f 2732 988 61
f 3558 2338 3559
f 2334 3560 3561
f 2334 3562 3563
f 3564 3565 3566
f 2334 3561 3567
f 3560 2334 3568
f 2334 3569 3568
f 2334 3563 3569
f 3562 2334 3570
f 2334 3564 3570
f 2334 3565 3564
f 2334 3571 3565
f 2334 3572 3571
f 2334 3573 3572
f 2334 3574 3573
f 2334 3575 3574
f 2334 3576 3575
f 3576 2334 2769
f 3577 3578 3579
f 3580 3581 3582
f 3580 3583 3581
f 3580 3584 3583
f 3580 3585 3584
f 3580 3586 3585
f 3580 3587 3586
f 3580 3588 3587
f 3588 3580 3589
f 3590 3591 3559
f 990 1316 1318
f 1618 1317 3592
f 988 1632 989
f 1937 2407 1987
f 1317 1988 2317
f 3471 2007 3593
f 2752 3594 2751
f 3594 2752 800
f 978 806 1994
f 1319 805 806
f 1989 1990 2808
f 2779 1320 1989
f 1992 550 323
f 3595 3596 1339
f 2784 1998 2785
f 591 3597 2783
f 3595 1339 2014
f 1339 2012 3476
f 2411 313 3257
f 3598 3599 1034
f 3600 3601 2434
f 2791 3602 2792
f 573 3603 3604
f 1328 2786 342
f 573 3604 574
f 3604 2793 2001
f 2793 3605 2275
f 2275 3606 2276
f 3607 3608 3609
f 466 3084 467
f 2004 2005 2283
f 3610 3085 3607
f 3611 3612 3613
f 3614 3615 3616
f 3617 3618 2819
f 3619 3620 808
f 842 844 3621
f 816 3622 3623
f 3624 1545 465
f 3625 3626 3627
f 1345 965 2288
f 2804 3625 2805
f 1990 1995 2806
f 551 810 3628
f 1320 324 1990
f 324 3628 1995
f 2688 2025 3629
f 3630 1325 3631
f 1339 455 2012
f 803 2785 453
f 2013 96 95
f 2012 2013 95
f 2809 3114 3632
f 551 550 810
f 3633 3634 3635
f 3634 2023 142
f 3636 807 457
f 3637 3638 3639
f 1326 446 1327
f 3640 3102 3641
f 3642 1326 1325
f 1325 1327 3631
f 807 3619 808
f 2042 2041 3643
f 3644 2079 2078
f 3645 3646 3647
f 3648 3649 3650
f 1350 554 864
f 2077 1360 3651
f 3652 3653 3654
f 78 3655 1350
f 265 1947 266
f 3654 3656 3657
f 3656 3654 3658
f 2820 1359 2077
f 1946 3659 78
f 3660 3638 3637
f 2832 3661 2821
f 2832 3647 3661
f 264 3662 265
f 2164 3663 1511
f 3000 3664 2172
f 527 1486 1361
f 528 1361 1504
f 2391 1363 532
f 1363 533 532
f 153 154 2162
f 2185 1504 2872
f 532 534 3012
f 534 533 1510
f 2043 1369 3665
f 3665 1369 1538
f 2031 954 953
f 2032 1538 3666
f 2841 845 843
f 2841 843 842
f 2149 3667 1371
f 3667 2149 3668
f 1408 3669 1409
f 2047 2048 3670
f 3621 2856 2243
f 955 2841 2030
f 2030 2841 842
f 2851 2850 2865
f 843 1378 2047
f 843 2047 3670
f 3671 3672 2862
f 3673 823 3674
f 554 553 864
f 3675 3676 3677
f 3678 3679 3680
f 544 3681 545
f 1413 3682 2045
f 2976 119 2969
f 951 3683 952
f 1394 1412 1411
f 2883 3684 3685
f 3684 2883 852
f 471 1391 474
f 1391 471 1389
f 2179 1492 1493
f 2057 88 2058
f 3686 1188 3687
f 3687 2877 508
f 1473 3688 1388
f 3688 1473 2871
f 1386 1388 3688
f 2881 2883 3685
f 3684 852 1387
f 483 720 484
f 851 1388 852
f 1388 851 847
f 86 295 87
f 88 87 3689
f 3690 3686 3687
f 504 1846 709
f 1368 2039 1369
f 3691 1372 3692
f 3693 2839 2838
f 1367 543 1368
f 1491 3694 3695
f 3696 3697 1489
f 2214 2175 3698
f 3007 3699 3700
f 3701 2635 3702
f 3703 376 3704
f 1242 376 3703
f 376 1242 1241
f 1238 1237 3705
f 1247 3706 1246
f 3707 3706 1247
f 3706 3707 3708
f 3709 3710 3488
f 2901 2644 3711
f 3712 1274 1107
f 3452 1108 1274
f 3713 3714 3715
f 3716 3717 3718
f 3717 3716 3719
f 3720 3721 3722
f 3723 3724 3725
f 3726 3727 3728
f 775 1971 3729
f 3730 3731 3727
f 3732 3733 3734
f 787 786 2075
f 3506 2719 2723
f 3735 2088 3736
f 865 864 2908
f 3737 866 2903
f 2703 1414 3738
f 866 865 2903
f 2021 1376 1375
f 2046 2045 3739
f 3740 1373 546
f 546 1374 2091
f 1414 1416 3738
f 2935 2941 2936
f 2950 1400 2907
f 2907 1400 3741
f 3742 3743 3744
f 1416 3745 3746
f 3747 3748 1418
f 2090 2091 3749
f 3743 2906 2905
f 3750 2990 2129
f 501 2971 2981
f 497 886 2979
f 497 2979 3751
f 3752 2668 3753
f 3754 3755 3756
f 3755 2930 3757
f 3758 2928 2930
f 3718 3717 3759
f 3457 3760 3723
f 2683 3761 132
f 3762 2115 2117
f 430 3763 3764
f 1399 3765 874
f 2904 2702 3766
f 2702 2904 3767
f 3768 3758 3769
f 3769 3758 3755
f 2915 2914 3770
f 3770 3771 3768
f 3772 3773 2928
f 2941 880 2936
f 3774 3775 3776
f 3777 2983 3778
f 19 2942 1438
f 2946 2107 2947
f 3777 2133 2983
f 2967 1916 2123
f 2103 1433 3779
f 3780 2943 2112
f 2105 3781 2944
f 3782 2966 3783
f 3784 3785 3786
f 2110 3777 3778
f 3787 3788 2946
f 2953 2955 301
f 2954 2951 2955
f 3789 3790 3781
f 1423 1425 2939
f 1377 3791 3792
f 3793 155 2968
f 3794 3782 3783
f 2958 1269 3795
f 1269 2674 1270
f 2956 2958 3763
f 3783 2967 2125
f 2123 1438 1440
f 1437 2122 2118
f 2122 1437 3796
f 3797 3798 254
f 493 3799 495
f 3800 3801 2120
f 3801 3800 3802
f 2966 3803 1916
f 3803 19 1916
f 1440 1439 3804
f 2123 1440 3804
f 1916 1438 2123
f 3783 2966 2967
f 3805 2109 3748
f 3806 155 3793
f 3807 2977 3682
f 2977 2975 3808
f 2137 2982 2970
f 2982 2137 2981
f 3809 3810 2141
f 2982 2973 1448
f 2970 2982 1448
f 157 2133 3777
f 2133 157 2131
f 2134 3811 2132
f 3811 2134 3812
f 118 2137 1456
f 1456 2970 1447
f 2970 1456 2137
f 1422 1421 2976
f 2866 3813 2867
f 3814 3751 3815
f 3816 3817 3813
f 3817 3816 3818
f 2132 3811 1446
f 2132 1446 2949
f 2135 872 3819
f 2135 870 872
f 485 2985 1441
f 2985 485 487
f 2874 911 1453
f 3386 3820 3821
f 2052 3822 2988
f 885 1384 2146
f 2146 3823 2986
f 3823 2146 1384
f 2845 884 2995
f 2995 884 886
f 2991 2874 2873
f 3824 2873 884
f 3004 3003 3825
f 3826 3827 2065
f 1458 1370 1372
f 3828 855 2149
f 3829 853 2169
f 2888 2887 1457
f 1483 892 3830
f 68 1466 887
f 68 887 1463
f 1463 406 1464
f 1464 406 408
f 2156 390 1819
f 1821 2156 1819
f 888 1464 389
f 389 1464 390
f 685 525 686
f 686 525 1189
f 125 124 525
f 685 125 525
f 2154 288 903
f 2154 903 513
f 103 1484 527
f 102 1484 103
f 2890 3831 3832
f 2173 3833 3834
f 3835 3836 3820
f 1493 3837 3836
f 3838 2053 1485
f 2054 3839 2179
f 2168 2167 3840
f 3834 3841 3842
f 3843 3844 3845
f 293 3846 3847
f 561 2189 562
f 915 532 3012
f 3848 56 3846
f 3849 3850 3020
f 562 2190 563
f 3851 292 36
f 3011 1513 548
f 3010 3008 3011
f 3852 538 1002
f 3853 3852 3854
f 3855 1513 3856
f 2199 3856 1528
f 3857 549 1527
f 3858 3026 3859
f 3860 3025 3861
f 3862 933 932
f 3863 3861 3864
f 948 950 2220
f 3006 3699 3007
f 2064 3865 948
f 308 3035 309
f 3034 919 3866
f 3867 3868 3869
f 923 308 307
f 3032 172 3033
f 539 35 3870
f 3870 3871 3872
f 3873 3874 3875
f 3876 3873 3875
f 1639 3877 2264
f 1529 3878 3879
f 3863 3864 2353
f 2236 2198 3880
f 3881 3036 3882
f 3883 1637 2197
f 3039 3884 957
f 2209 940 2205
f 3885 3886 298
f 957 812 811
f 172 2221 173
f 2211 2213 2212
f 564 565 2260
f 3887 3888 3889
f 3052 3053 3890
f 2034 3891 2035
f 2215 3052 3892
f 3698 2177 3052
f 3693 3893 2839
f 2223 1459 2224
f 307 3867 3894
f 3895 3894 3032
f 2227 3881 3896
f 3897 3898 1638
f 344 3899 1582
f 3900 3901 3902
f 3903 3904 3905
f 1010 1012 3906
f 3907 3908 3909
f 2272 3910 2273
f 3045 1523 3911
f 2255 3098 824
f 1554 1523 1552
f 1550 2205 3912
f 1523 1522 2265
f 1546 1547 2266
f 3913 3066 930
f 3913 930 2796
f 3914 289 291
f 947 2236 3915
f 2236 3880 3915
f 3069 3065 3070
f 3916 958 3071
f 1514 957 811
f 3917 3073 2249
f 2249 3073 2246
f 3918 1338 3612
f 2258 3913 2796
f 3919 3920 311
f 1338 2249 3612
f 3915 3071 3073
f 1515 2262 2261
f 2259 560 3921
f 3922 3923 3924
f 3925 2796 3926
f 2258 944 3913
f 3068 3070 3083
f 3927 3928 3929
f 3930 2230 2232
f 3931 3932 3092
f 3933 1563 3922
f 2796 930 929
f 3089 2257 2258
f 466 3093 3084
f 3610 3084 3085
f 3934 1367 1369
f 3934 1369 2043
f 565 541 3934
f 3934 541 1367
f 479 481 1547
f 1547 480 479
f 2268 2250 3911
f 1523 2266 2268
f 2248 2247 3673
f 2255 3097 3098
f 48 481 49
f 481 2043 49
f 2032 3666 954
f 954 3666 3080
f 3045 3911 2254
f 3935 953 2030
f 3063 3936 567
f 3063 336 3937
f 3938 2272 2274
f 3122 3121 3938
f 3932 3939 3092
f 3092 3940 3093
f 3901 3941 3942
f 3943 3944 3945
f 108 3604 2001
f 574 3604 108
f 1345 2287 965
f 3113 3112 3946
f 91 2276 2300
f 3605 3606 2275
f 89 2277 90
f 963 2803 3947
f 2794 3108 1997
f 2794 2793 3108
f 96 3948 3949
f 964 2805 3950
f 2787 1999 2790
f 2389 3951 3952
f 194 3953 1530
f 3953 3954 3903
f 177 3955 1646
f 3228 3956 570
f 3126 1588 1590
f 2295 3125 3126
f 2296 2295 3126
f 3957 344 3958
f 1330 976 2378
f 2295 1329 3125
f 2386 3127 2432
f 304 2438 305
f 1652 3062 3959
f 3960 1570 3961
f 346 345 3960
f 615 3131 163
f 2416 105 104
f 1033 2791 1592
f 3132 572 1328
f 329 1332 326
f 3962 1593 3146
f 3963 1593 3962
f 3964 1593 3963
f 3965 1593 3964
f 3966 1593 3965
f 3967 1593 3966
f 3968 1593 3967
f 3969 1593 3968
f 3970 1593 3969
f 3971 1593 3970
f 3972 1593 3971
f 3973 1593 3972
f 1594 1593 3973
f 1593 1594 326
f 3974 589 1596
f 3975 589 3974
f 3976 589 3975
f 3977 589 3976
f 3978 589 3977
f 3979 589 3978
f 3980 589 3979
f 589 3980 3141
f 106 3132 1332
f 1332 3132 1328
f 3981 341 3140
f 3982 341 3981
f 3983 341 3982
f 3984 341 3983
f 3985 341 3984
f 3986 341 3985
f 3987 341 3986
f 3988 341 3987
f 3989 341 3988
f 3990 341 3989
f 3991 341 3990
f 3992 341 3991
f 3993 341 3992
f 3994 341 3993
f 3995 341 3994
f 3996 341 3995
f 3997 341 3996
f 3998 341 3997
f 3999 341 3998
f 4000 341 3999
f 973 4000 4001
f 973 4001 4002
f 973 4002 4003
f 973 4003 4004
f 4005 4004 4006
f 4007 4005 4008
f 4009 4010 4011
f 4012 4009 4013
f 4014 4012 4015
f 4016 4017 4018
f 4019 4016 4020
f 4021 4019 4022
f 4023 4021 4024
f 973 4025 4026
f 973 4027 4028
f 4000 973 341
f 4005 973 4004
f 4007 973 4005
f 4010 973 4007
f 4009 973 4010
f 4012 973 4009
f 4014 973 4012
f 4029 973 4014
f 4017 973 4029
f 4016 973 4017
f 4019 973 4016
f 4021 973 4019
f 4023 973 4021
f 4030 973 4023
f 4031 973 4030
f 4032 973 4031
f 4033 973 4032
f 4034 973 4033
f 4035 973 4034
f 4036 973 4035
f 4037 973 4036
f 4038 973 4037
f 4039 973 4038
f 4040 973 4039
f 4041 973 4040
f 4025 973 4041
f 4027 973 4026
f 4042 973 4028
f 4043 973 4042
f 4044 973 4043
f 4045 973 4044
f 4046 973 4045
f 3135 973 4046
f 973 3135 1593
f 1593 1328 973
f 2415 2416 104
f 615 171 4047
f 615 4047 4048
f 615 4048 2305
f 171 615 163
f 1696 614 2315
f 4049 2421 3172
f 643 2321 2323
f 2321 643 3174
f 2323 644 643
f 986 999 1617
f 3177 3174 4050
f 3180 3182 1939
f 186 2326 184
f 2326 186 2346
f 181 182 2351
f 3517 2727 4051
f 1939 3183 1940
f 3186 1625 2324
f 3186 2324 2334
f 1626 350 580
f 1627 1626 580
f 218 2325 1633
f 218 217 2325
f 1642 1494 1496
f 3864 3861 4052
f 2363 4053 2364
f 4053 2363 4054
f 4055 2194 3010
f 1536 1535 4056
f 290 3015 4057
f 3202 3203 3026
f 4058 4059 3196
f 2181 4060 2182
f 4054 3010 3009
f 2381 4061 536
f 2355 1666 1665
f 1505 1362 2391
f 4062 1669 912
f 2366 1494 1641
f 4063 1012 3192
f 3124 2367 3208
f 2367 597 2365
f 1659 3221 1660
f 1641 1494 1642
f 1660 4064 1495
f 1661 1660 1495
f 1659 598 3221
f 598 4061 2355
f 2366 1659 1661
f 2365 1659 2366
f 3956 1531 2289
f 1531 1010 4065
f 1657 3207 3124
f 1649 3124 3208
f 3207 597 2367
f 3207 595 597
f 415 59 3256
f 2383 59 415
f 334 4066 2291
f 58 1006 333
f 99 1876 100
f 422 424 1875
f 364 3209 1870
f 3215 601 3216
f 98 100 3214
f 3214 100 3209
f 3212 2399 4066
f 3212 2398 2399
f 333 335 243
f 335 175 243
f 3219 918 2381
f 2381 918 4067
f 3216 4068 602
f 1218 1675 1219
f 1218 1673 1675
f 917 3223 918
f 4066 2399 2291
f 175 3220 176
f 2292 1003 3224
f 2292 1016 1003
f 4069 2387 1589
f 1015 1330 1329
f 4070 4071 4072
f 1331 1330 4069
f 1728 245 3229
f 3229 1664 1654
f 244 175 1663
f 175 177 1663
f 971 194 193
f 1654 1655 4073
f 3256 4074 1047
f 1647 1013 3230
f 1048 245 1728
f 3256 1647 4074
f 2426 197 196
f 1584 1015 1329
f 1052 197 2426
f 1052 1051 197
f 1584 1329 1585
f 3232 3225 1583
f 1583 3225 1584
f 197 1712 198
f 1166 1838 2395
f 1672 1167 1501
f 1502 2394 4075
f 1675 1674 2360
f 2361 1501 1502
f 1672 1165 1167
f 4076 4077 1673
f 4076 1673 1218
f 2627 1681 1682
f 746 2397 2361
f 2627 1682 1200
f 1681 228 1022
f 1199 2627 1200
f 1682 2396 1670
f 3241 753 4076
f 600 1683 3222
f 3242 3241 4076
f 3242 4076 3243
f 3216 601 4068
f 1678 3216 3217
f 604 603 917
f 602 3243 603
f 732 1199 1683
f 1683 1199 1201
f 4078 2417 1620
f 1620 4079 1621
f 4079 1620 1044
f 1722 4079 1044
f 3246 4080 648
f 4080 3246 3274
f 647 3246 648
f 17 2457 2459
f 1623 1624 1687
f 1608 2420 646
f 2420 647 646
f 4081 4050 4082
f 16 18 2420
f 187 260 16
f 2408 4083 2406
f 4084 1634 4085
f 18 1743 2420
f 1636 4086 259
f 2410 2454 2456
f 1738 628 627
f 645 979 1024
f 644 979 645
f 3340 2502 4087
f 1739 3270 1740
f 2455 2453 3270
f 3248 340 4088
f 3541 2454 2733
f 3542 3247 2454
f 1046 3250 1031
f 3259 2435 304
f 1046 306 3250
f 2755 982 4089
f 982 2755 980
f 4090 2755 4089
f 2755 4090 4091
f 4092 2755 4091
f 4093 2755 4092
f 2755 4093 2753
f 4094 2421 4049
f 4095 2421 4094
f 629 1741 2452
f 2452 1068 2451
f 1710 1709 622
f 611 1706 612
f 611 1725 1706
f 4096 2444 3399
f 2444 1204 1777
f 1725 414 416
f 1726 363 2383
f 1717 2426 1723
f 1718 1717 1723
f 419 418 1716
f 419 1716 1718
f 3274 2405 4097
f 2405 3274 1690
f 313 315 3258
f 3257 3258 105
f 1587 1585 2296
f 2428 2431 1037
f 1037 2431 616
f 4098 3244 1045
f 3244 4098 1715
f 1715 1714 3244
f 321 320 3211
f 4096 3399 422
f 1053 2443 3261
f 3260 3261 3262
f 1057 3265 1872
f 3265 1873 1872
f 3267 85 1059
f 631 2448 1730
f 1067 1692 2448
f 1063 1062 1067
f 3268 1769 3340
f 3268 1767 1769
f 1731 1027 3255
f 608 1029 2449
f 3255 1027 1029
f 1068 1067 3254
f 1067 2448 3254
f 3248 4088 358
f 1739 1740 628
f 2449 2430 1704
f 1742 578 577
f 1685 1747 578
f 1747 347 578
f 28 30 1748
f 1748 30 347
f 4099 4100 4101
f 4100 4099 4102
f 113 4103 116
f 4104 3433 3435
f 2465 115 114
f 2471 1751 2469
f 1927 1926 4105
f 1271 4106 1272
f 4106 1271 4107
f 1751 2671 1752
f 1753 2469 1751
f 2469 4108 2472
f 2469 1753 4108
f 1264 1928 3279
f 1750 2467 1928
f 2467 1750 4109
f 1271 4109 1750
f 4109 1271 1273
f 4110 1929 1751
f 3282 4110 1751
f 4111 1230 4112
f 1230 4111 4113
f 3297 3347 1113
f 4114 3440 3439
f 3440 4114 4115
f 4116 4117 772
f 4118 4119 4120
f 4121 4122 4123
f 4122 4121 4124
f 4125 4126 1793
f 1914 3381 3299
f 4116 3300 4117
f 2550 4127 4128
f 4129 4130 4131
f 2586 4132 3327
f 4133 4134 3307
f 3531 1117 4135
f 4136 116 4137
f 116 4136 4138
f 4139 4140 4141
f 73 4142 4143
f 3421 3420 4144
f 3311 397 4145
f 4146 4147 4148
f 1081 2495 3315
f 397 3318 2491
f 4149 4150 4151
f 2584 3314 3313
f 1153 1155 1080
f 1154 2490 2496
f 3318 3315 2491
f 2491 3315 2494
f 2488 4152 397
f 4153 4152 2488
f 209 4153 2488
f 4153 3317 4152
f 2498 2497 2587
f 2498 2587 1823
f 3376 656 3331
f 4154 658 4155
f 3269 1776 651
f 4156 651 1737
f 1737 84 83
f 203 1774 1776
f 2503 4157 1055
f 203 3332 1774
f 84 362 2446
f 366 2507 2510
f 1780 127 126
f 128 367 202
f 128 202 204
f 204 203 3269
f 3269 203 1776
f 649 2626 620
f 620 2626 1210
f 3334 3337 3333
f 3337 3334 1202
f 2443 1202 1204
f 2504 1055 362
f 2504 2503 1055
f 621 620 1209
f 620 1210 1209
f 1785 1066 1771
f 1785 1064 1066
f 1771 2515 4158
f 2515 1095 1781
f 4159 2520 353
f 680 1092 1091
f 3329 1823 1825
f 1100 199 1092
f 2528 2529 3365
f 3365 2529 2577
f 687 675 1789
f 687 1789 1101
f 1789 1106 1101
f 675 1104 1789
f 1106 2528 200
f 1097 4160 1126
f 4149 4151 2531
f 682 673 683
f 2532 2531 4161
f 2494 1150 1152
f 4162 4101 4100
f 4163 3287 3289
f 4164 4165 4166
f 2536 2538 4167
f 1792 1794 426
f 427 426 2550
f 668 1111 4168
f 3357 4169 3358
f 2561 261 1228
f 4131 4170 4171
f 3361 261 2561
f 4172 3358 4173
f 1120 668 3298
f 4174 1795 1794
f 3348 3350 4175
f 2744 2743 3520
f 2741 4176 4177
f 3490 3355 3492
f 4178 4179 1798
f 4180 439 3349
f 4181 4182 438
f 4183 2478 4181
f 2630 15 4184
f 4184 4179 4178
f 4185 4184 4186
f 4187 4188 1973
f 4188 4187 4189
f 4190 1972 4191
f 1227 667 12
f 12 667 669
f 261 263 1228
f 3493 3355 2633
f 2567 2568 1815
f 2567 1132 2568
f 392 413 724
f 2569 2157 391
f 1802 1806 1804
f 1189 1802 1804
f 1808 1809 1779
f 654 1126 1779
f 2571 3365 394
f 1092 1096 1093
f 2529 1772 395
f 1772 741 395
f 2514 2513 1809
f 1809 2513 2512
f 386 388 1207
f 742 1814 1205
f 742 1205 743
f 3366 737 1773
f 1207 1814 742
f 1138 1207 742
f 2574 1805 411
f 2574 411 385
f 675 674 1104
f 1104 674 1105
f 1106 1783 2528
f 1105 1783 1106
f 1787 2575 1136
f 4149 1810 4150
f 4161 4151 3364
f 387 1137 1816
f 1137 387 386
f 1137 386 1138
f 1130 2575 1787
f 2575 1130 2576
f 1130 1141 2576
f 2158 2155 1478
f 1144 1478 1145
f 4192 1157 4193
f 1477 512 2158
f 4194 2578 2580
f 1157 4194 1158
f 4194 1157 2578
f 4195 1477 1479
f 688 690 1763
f 2583 3369 688
f 2496 4196 2584
f 2496 901 4196
f 3374 1154 2591
f 2591 1154 1153
f 899 64 3375
f 2585 1481 64
f 64 684 65
f 65 684 1131
f 899 1822 2585
f 1822 1819 2585
f 2588 1147 2473
f 2473 1147 896
f 4197 2492 3382
f 3382 2473 3383
f 3373 1153 1829
f 4198 3370 3372
f 2590 3374 2591
f 3370 2592 3372
f 4199 43 42
f 43 4199 2579
f 2056 86 2057
f 1847 295 2602
f 1843 1181 4200
f 3388 2612 1170
f 696 2607 1484
f 102 696 1484
f 4201 4202 530
f 401 1839 402
f 401 529 1839
f 3239 530 529
f 1840 1844 2608
f 1839 1840 2608
f 907 2610 101
f 907 101 908
f 152 713 1184
f 1181 1175 1177
f 3391 1381 2613
f 1181 1184 1175
f 3390 3388 121
f 122 2165 237
f 267 3393 268
f 1471 3393 267
f 2614 891 2059
f 891 2614 2885
f 1191 3394 1467
f 672 3394 1191
f 671 1179 672
f 671 2151 1179
f 3395 506 407
f 47 506 3395
f 284 671 285
f 1480 285 1122
f 1471 4203 3393
f 716 889 891
f 232 3393 2153
f 3393 4203 2153
f 726 420 2622
f 2622 420 670
f 1127 2616 3397
f 393 724 2617
f 2617 1127 393
f 1127 2617 2616
f 3398 1861 1860
f 733 1090 735
f 1090 733 722
f 722 733 723
f 2611 1197 1173
f 2521 3366 2570
f 2521 741 3366
f 737 3367 1208
f 3367 678 1856
f 1857 3398 2618
f 3398 1860 2618
f 1857 2618 1088
f 1088 2618 649
f 424 605 1223
f 1223 605 599
f 422 1778 423
f 1778 1226 423
f 605 1874 1679
f 1874 730 1679
f 699 698 3236
f 1671 697 699
f 697 1671 1019
f 3392 530 3239
f 1834 712 3238
f 2165 121 1161
f 530 4204 2628
f 2644 1950 3401
f 2900 1948 2644
f 4205 1241 3416
f 1241 4205 1886
f 4206 1886 4205
f 1886 4206 1887
f 2635 1249 1236
f 1249 3415 1236
f 3415 1249 3408
f 3413 4207 3411
f 3413 3418 4207
f 3418 3413 3417
f 1241 3422 376
f 376 3422 372
f 1950 4208 3403
f 3427 3404 4209
f 3404 3427 3405
f 1949 4208 1950
f 4208 1949 3423
f 3428 3427 4209
f 2487 1070 1072
f 1892 249 251
f 372 249 1892
f 3434 3289 3435
f 3289 3434 4163
f 4210 4140 4139
f 764 4211 4212
f 4211 764 7
f 4213 1911 2540
f 1911 4213 3278
f 4214 4215 3346
f 3381 3383 3299
f 4216 3381 1914
f 2595 224 2492
f 4217 2595 2594
f 224 4217 3442
f 4217 224 2595
f 2483 4112 2466
f 254 253 4218
f 41 3446 39
f 4219 70 2461
f 70 4219 246
f 4220 1917 1264
f 4221 1751 2471
f 69 149 766
f 1923 2673 2670
f 1925 2676 3282
f 3764 3795 4222
f 3282 1751 4221
f 1922 2098 4223
f 2098 1307 2667
f 2666 148 2667
f 1923 781 2673
f 774 69 1306
f 1306 69 71
f 2667 774 1931
f 22 765 23
f 4224 4225 4226
f 1919 1250 3431
f 4227 4228 4229
f 4229 4230 4231
f 798 3459 3449
f 488 22 1289
f 4232 429 1920
f 4233 4232 3464
f 3459 4223 3449
f 1921 1307 1922
f 4223 489 488
f 3449 4223 488
f 4234 1399 1398
f 2114 3463 3761
f 4235 4236 4237
f 2680 4236 4235
f 4238 4239 3466
f 4240 2690 1287
f 4241 4242 3510
f 4243 2834 2836
f 4244 3510 3509
f 1355 4245 3518
f 448 4246 3471
f 4247 3629 2023
f 3473 3468 4242
f 4248 2008 4249
f 1934 1340 3475
f 2684 1340 1934
f 1301 2714 3516
f 795 4250 1301
f 3767 2703 2702
f 2703 3767 4251
f 3485 3652 4252
f 3652 3485 4253
f 3719 432 4254
f 2700 862 3716
f 2721 3505 3735
f 3511 3507 3506
f 4255 3485 4252
f 3485 4255 3486
f 834 2026 832
f 2078 2080 3653
f 4243 2836 835
f 4242 278 2690
f 3488 3490 4256
f 4257 1951 775
f 4258 4259 635
f 3491 4260 441
f 3552 2746 2745
f 4261 2707 2709
f 4262 4263 1942
f 4250 1300 2714
f 1108 2713 1109
f 1109 2713 1949
f 1897 3291 1900
f 1900 3291 2645
f 4264 664 666
f 2716 443 3502
f 2717 2716 3502
f 4265 3502 4264
f 2715 2717 3179
f 3502 664 4264
f 1977 1976 2728
f 2714 4266 1290
f 1943 3491 4267
f 443 442 1953
f 3732 3734 4268
f 1292 3178 1290
f 665 184 666
f 1953 2328 664
f 92 4269 93
f 2087 4270 2088
f 3507 2895 2719
f 2722 3735 4271
f 4272 4273 4274
f 2895 2897 2073
f 459 4245 460
f 1355 1281 4245
f 1281 1285 4245
f 1957 1958 2725
f 3512 3506 1958
f 1284 3512 1958
f 794 4275 795
f 3513 2724 2726
f 3513 1958 2724
f 2726 2724 3514
f 2725 3513 2726
f 1960 1961 2697
f 4276 3516 3515
f 436 4051 4277
f 1286 1355 3518
f 2720 461 139
f 1960 2697 140
f 139 1960 140
f 2835 2828 2830
f 1281 1297 1285
f 1280 1297 1281
f 2765 2764 60
f 2765 60 3557
f 436 2698 4278
f 1977 2728 2727
f 1613 4279 4280
f 351 4281 3521
f 4282 1134 4283
f 3543 4284 4285
f 3537 3539 4286
f 2522 2322 999
f 4287 4288 3247
f 3539 4289 2737
f 4290 4291 4292
f 4166 3341 4293
f 2526 4292 4294
f 4155 679 1099
f 4295 4154 4291
f 3523 4296 4297
f 4298 4292 2526
f 1099 680 1811
f 3526 4299 4300
f 427 2550 2549
f 4301 1693 4302
f 2737 4301 4302
f 2522 2524 2322
f 3539 2737 789
f 357 4303 4304
f 788 3539 789
f 4305 4306 4307
f 3549 3538 3537
f 3538 4289 3539
f 4308 4287 3541
f 586 4309 1969
f 4309 586 995
f 997 4310 998
f 997 1967 4310
f 1967 997 1968
f 2750 3543 1611
f 4281 4311 1962
f 4279 4311 4280
f 4312 4313 4284
f 4177 4312 3543
f 641 2750 997
f 4314 997 996
f 642 997 4314
f 997 642 641
f 637 636 994
f 4315 4316 2749
f 4317 2745 4318
f 2548 4319 4320
f 4321 2548 4320
f 4322 2709 4258
f 4258 635 637
f 992 1981 1980
f 2755 2754 1981
f 1982 2760 4323
f 2760 1989 4323
f 1983 2808 2780
f 2808 2806 2780
f 2762 1315 2759
f 2758 1315 2762
f 2763 993 2758
f 2776 993 2763
f 33 61 31
f 2732 1631 988
f 2764 3185 60
f 3591 2772 2408
f 3188 2331 4324
f 3189 4325 2327
f 4325 3189 4326
f 3590 2337 3591
f 3591 2773 2772
f 666 184 2326
f 664 2328 665
f 2318 3592 1317
f 3592 2318 4327
f 1316 1987 1317
f 1937 1987 1316
f 1632 1316 989
f 989 1316 990
f 4328 2408 1937
f 1937 2408 2407
f 1309 4329 801
f 1353 1354 1309
f 806 575 1978
f 575 576 1978
f 576 1993 1992
f 576 589 1993
f 2783 2785 803
f 1998 2809 3632
f 591 2783 802
f 590 341 591
f 802 2783 803
f 810 3595 1341
f 3258 315 1033
f 3258 1033 105
f 4330 3601 3600
f 3601 4330 4331
f 2434 3957 3958
f 1592 2791 572
f 314 2298 4332
f 2298 314 2433
f 1569 3959 3115
f 2277 2276 90
f 467 3610 2005
f 467 3084 3610
f 4333 4334 4335
f 4336 4337 4338
f 4339 2284 444
f 2284 2283 4340
f 446 4341 4342
f 2814 2003 143
f 4343 2800 3619
f 1327 446 4342
f 4344 2018 815
f 4345 4346 1352
f 4346 4345 4347
f 3608 4348 4336
f 2018 1334 1333
f 3075 4349 4350
f 3920 3611 311
f 4351 1357 1356
f 3626 1545 3624
f 4352 1545 3626
f 967 966 1565
f 2288 2802 2804
f 4352 1564 1545
f 1545 1542 465
f 324 551 3628
f 324 323 551
f 1995 1340 2684
f 2806 1995 2684
f 458 4353 2003
f 4354 3629 4247
f 2811 4355 4356
f 4357 2811 4358
f 3476 2012 4358
f 3475 820 2010
f 4359 4360 4361
f 2013 4362 4363
f 91 3102 3640
f 2013 4363 96
f 2689 2688 3629
f 4364 4365 4239
f 4366 4367 4368
f 2831 2821 2833
f 2025 457 456
f 2025 456 3629
f 4369 4370 4371
f 4370 4369 4367
f 830 4372 2002
f 4372 830 2267
f 2799 2819 2800
f 446 445 4341
f 4373 3631 2024
f 96 3949 97
f 2042 3643 2825
f 2041 2815 3643
f 1357 4366 1358
f 4374 4375 4376
f 2817 2820 2827
f 2077 1359 1360
f 79 1350 866
f 78 1350 79
f 77 79 866
f 77 866 3737
f 1947 1946 78
f 1946 2077 3659
f 4377 264 4378
f 264 4377 4379
f 827 4380 828
f 4243 835 4381
f 3661 4379 827
f 4377 3644 4380
f 3644 4377 4378
f 936 4382 3675
f 553 4383 4384
f 4385 468 4386
f 4387 4388 3638
f 142 144 818
f 144 3660 3637
f 2833 2821 826
f 2821 3661 827
f 3696 4389 3697
f 3847 4390 4391
f 4392 2604 1520
f 1361 3000 1503
f 3012 1510 2216
f 2189 3849 2190
f 2185 2872 2186
f 838 2162 2164
f 2162 154 2163
f 2163 4393 2185
f 2164 2163 3663
f 3663 2163 2185
f 3665 1538 2032
f 2043 3665 2032
f 3666 2843 845
f 3666 1538 2843
f 3080 3666 845
f 3080 845 955
f 2148 1408 2149
f 3667 2992 476
f 2996 2850 2849
f 2850 2996 4394
f 3098 2822 4395
f 1349 4346 4396
f 477 476 4397
f 4398 2867 2094
f 3670 3672 2857
f 2856 3670 2857
f 2861 2863 4399
f 2858 2857 2861
f 2857 3672 3671
f 4400 4401 4402
f 4403 4404 4405
f 4406 4407 3648
f 2243 2856 2858
f 4408 2852 145
f 4409 2243 4410
f 4411 4401 4400
f 4412 4413 2921
f 4414 1365 1364
f 3659 552 3655
f 4415 2854 4416
f 4417 2863 3681
f 4418 4419 2092
f 4420 4421 3740
f 4422 3740 3681
f 4423 4424 936
f 1404 4425 2090
f 4426 4427 1417
f 2081 4426 1417
f 2847 1411 2978
f 4428 4398 2911
f 1471 4429 1475
f 4429 1471 267
f 281 4429 267
f 491 1461 492
f 509 508 2880
f 4430 2170 490
f 2180 3386 3385
f 1395 1397 2170
f 1397 2171 2170
f 508 1389 2880
f 509 2880 2875
f 1389 4431 1390
f 1849 4432 4433
f 4432 1849 2877
f 1849 4431 1389
f 4431 1849 4433
f 2877 2879 4432
f 3687 1188 2877
f 719 847 851
f 847 719 848
f 2049 719 850
f 850 719 851
f 1186 2049 850
f 1847 4434 295
f 2602 295 86
f 504 503 1846
f 503 482 1846
f 482 484 4434
f 484 2061 4434
f 4434 2060 296
f 4434 2061 2060
f 4397 2869 4435
f 4436 3691 3692
f 858 4437 951
f 1538 4438 2843
f 1537 856 1538
f 1369 2039 1537
f 3893 1372 3691
f 2839 3893 3691
f 2222 3051 542
f 2222 2224 3051
f 4439 3002 3004
f 1491 3695 3003
f 480 564 3094
f 2220 3046 2211
f 4440 757 4441
f 4224 1276 4442
f 4443 757 2898
f 4444 4445 4446
f 4445 4444 4231
f 4447 4448 4449
f 4450 4451 769
f 1107 1948 2900
f 4452 3712 4453
f 4454 4455 3720
f 432 434 4254
f 2088 2919 3736
f 94 93 2896
f 3488 1232 3489
f 4453 2900 2899
f 4262 4456 4263
f 4268 4267 2715
f 4457 4450 769
f 4458 4459 3733
f 4455 4460 3721
f 4461 4462 4463
f 2694 787 2927
f 2073 787 2694
f 4464 4465 1299
f 2902 2926 3477
f 94 2896 2895
f 2719 2895 2073
f 3656 4466 4467
f 2704 4468 4469
f 553 4384 2909
f 864 2909 2908
f 2864 2021 3749
f 2093 2021 1375
f 4413 1375 1377
f 1418 3748 3791
f 2702 2704 3766
f 865 4251 3767
f 2922 1377 3792
f 4470 4471 3715
f 3746 3714 4468
f 4472 2905 2931
f 2931 2913 3714
f 300 302 882
f 3745 2905 4472
f 4473 2935 2937
f 4474 4475 2953
f 879 881 1400
f 2950 879 1400
f 3745 4472 3746
f 3742 2937 3743
f 117 230 118
f 119 1456 3812
f 2130 3750 2129
f 886 2143 2979
f 2845 2995 496
f 2995 886 497
f 4476 3769 3754
f 3754 3756 1405
f 2932 4477 1398
f 434 2893 2892
f 3757 2930 2932
f 4234 3462 1399
f 2701 2097 4478
f 2893 3457 3723
f 4236 2072 4479
f 2924 4480 2680
f 3724 2925 2679
f 3725 3724 2679
f 4481 2112 2114
f 2682 2683 132
f 4482 2099 2101
f 2960 3763 430
f 4232 2959 429
f 2959 430 429
f 2675 2962 4483
f 1431 2675 2674
f 2096 3754 4484
f 1933 1405 3455
f 4485 3771 3770
f 4471 4486 4476
f 3768 2928 3758
f 3774 3776 3773
f 3773 4487 2928
f 3771 2928 3768
f 880 4488 881
f 880 867 4488
f 3784 4489 3785
f 1434 4490 1435
f 4490 271 20
f 4491 271 4490
f 867 869 4492
f 4492 869 4493
f 3790 4489 3784
f 3775 2106 4494
f 2105 3789 3781
f 3780 2112 4481
f 3794 3783 4495
f 4496 2940 3789
f 3805 478 2109
f 3809 3778 3810
f 2110 3778 2952
f 2955 1424 1423
f 302 2939 868
f 2939 2940 4496
f 2955 4497 1424
f 4498 2111 2951
f 2968 478 3805
f 2906 2936 2950
f 4499 4474 4473
f 2958 4500 4501
f 4500 2125 4501
f 1926 1749 4105
f 2961 254 2962
f 1432 3797 2675
f 1430 3797 1432
f 4502 2123 1430
f 2125 4502 1430
f 2139 3799 493
f 3799 2139 4503
f 1451 4503 2139
f 4503 1451 4504
f 2942 2118 2120
f 2942 2120 3801
f 1376 1418 1377
f 4427 3805 1417
f 1411 1413 2045
f 3808 2975 3806
f 3682 2977 3808
f 2977 2976 2975
f 3806 2975 155
f 2975 156 155
f 1447 2970 1444
f 1444 2970 1445
f 2136 501 2137
f 501 2981 2137
f 870 1448 871
f 1445 1448 870
f 119 3812 2134
f 2976 2969 2975
f 229 499 230
f 1421 117 859
f 883 117 1421
f 4505 500 499
f 500 4505 4506
f 872 871 1449
f 872 1449 1451
f 3819 872 3788
f 4507 269 271
f 4508 1449 4509
f 1449 4508 1452
f 871 4509 1449
f 4509 871 1442
f 2147 910 1382
f 910 2052 4510
f 4510 4511 4512
f 4510 2989 4511
f 2989 4510 2052
f 2979 4513 3751
f 4513 2979 2980
f 3001 2150 2991
f 2150 492 2991
f 911 2147 1454
f 1453 1454 884
f 3824 884 2845
f 2991 2873 3824
f 4514 490 4515
f 4516 4514 4515
f 2169 853 855
f 3825 2889 3829
f 3003 4517 2889
f 4517 4518 2889
f 1460 1370 1458
f 1370 1460 3828
f 476 2994 2869
f 2886 3004 4519
f 3004 3825 4519
f 3830 892 2998
f 3804 1439 4520
f 512 210 2158
f 691 2161 2154
f 2161 691 693
f 512 2154 513
f 2178 2180 3841
f 3841 2180 3842
f 3820 509 3821
f 2179 3835 2180
f 2179 1493 3835
f 2053 2601 2054
f 295 4434 296
f 3836 3689 3690
f 3839 1492 2179
f 2601 3839 2054
f 1484 2607 1485
f 3389 2053 2055
f 2603 3005 4521
f 4522 4523 4524
f 4524 3840 3047
f 4525 4526 4527
f 4528 2065 2067
f 2167 3696 1489
f 4391 4390 3843
f 56 55 3846
f 3849 2216 3850
f 3017 3020 3018
f 1512 3016 2217
f 4529 4530 4531
f 37 36 927
f 928 294 3006
f 4532 4533 539
f 4534 3019 4535
f 294 293 3006
f 3853 4536 3852
f 4537 913 2189
f 4537 2189 561
f 3018 3021 4538
f 563 2190 3017
f 2182 2363 2183
f 4054 3009 547
f 1513 563 3856
f 548 1513 3855
f 1528 4534 3878
f 4539 3017 3019
f 1529 1528 3878
f 549 548 2199
f 4540 4541 4542
f 4543 3858 4544
f 3066 3082 4545
f 3041 3015 290
f 1009 4546 4547
f 3024 1535 1534
f 1535 549 3857
f 3861 3025 3027
f 3909 3107 2279
f 2353 3030 2354
f 3123 3910 3121
f 3910 3123 4548
f 4549 4550 4551
f 3859 3204 3043
f 3201 3026 3025
f 3006 4552 3699
f 4522 4524 2187
f 3034 3866 3035
f 3873 839 841
f 3868 2064 3869
f 2218 2175 2214
f 921 4525 4553
f 3865 4522 2187
f 4554 2219 2221
f 3032 3867 4554
f 4555 4556 4557
f 3031 4556 4558
f 4559 3871 4560
f 3872 3871 4559
f 540 539 2200
f 1002 540 1000
f 4541 4561 4562
f 3873 841 3874
f 4563 3886 3885
f 4564 4565 4566
f 289 3040 290
f 4567 3029 3028
f 4568 3029 4567
f 2193 2196 2235
f 4569 3104 4570
f 924 2229 925
f 2204 2798 942
f 3195 555 938
f 3106 4571 3939
f 4572 4573 3895
f 2229 4574 925
f 1532 4575 1533
f 2205 1522 3912
f 3912 1522 1521
f 297 299 4576
f 3861 3027 4052
f 3054 4577 1561
f 4577 3054 3055
f 3882 2210 1549
f 173 4578 3055
f 173 2212 4578
f 2035 542 4579
f 2033 2035 4579
f 3891 2223 2222
f 4580 4436 4581
f 3049 3048 4439
f 2886 4519 2887
f 3053 2886 2888
f 3895 3032 3031
f 922 307 1507
f 1507 307 3894
f 291 4057 4582
f 4558 4556 4555
f 4583 4558 4555
f 2228 2229 3057
f 297 4576 4584
f 3859 3043 4544
f 299 4585 4576
f 3058 924 2226
f 4586 4575 1532
f 1579 3130 3606
f 3902 317 316
f 3959 3900 3902
f 3116 3902 316
f 972 569 4587
f 4588 1010 4589
f 4590 4549 4551
f 4591 4592 4593
f 4594 4592 4591
f 4594 4595 4592
f 4596 4595 4594
f 4596 3104 4595
f 4597 3104 4596
f 4597 3105 3104
f 4598 3105 4597
f 4598 4599 3105
f 4600 4599 4598
f 4600 4601 4599
f 4602 4601 4600
f 4602 4603 4601
f 4604 4603 4602
f 4604 1576 4603
f 4605 1576 4604
f 4605 1577 1576
f 4606 1577 4605
f 4606 4607 1577
f 4608 4607 4606
f 4608 4609 4607
f 4610 4609 4608
f 4610 4611 4609
f 4612 4611 4610
f 4612 4613 4611
f 4614 4613 4612
f 4614 2204 4613
f 4615 2204 4614
f 4615 2798 2204
f 4616 2798 4615
f 4616 4617 2798
f 4618 4617 4616
f 4618 4619 4617
f 4620 4619 4618
f 4620 4621 4619
f 4622 4621 4620
f 4622 4623 4621
f 1525 4623 4622
f 1525 2191 4623
f 4624 2191 1525
f 4624 2192 2191
f 4625 2192 4624
f 4625 4626 2192
f 4627 4626 4625
f 4627 3883 4626
f 4628 3883 4627
f 4628 1637 3883
f 4052 1637 4628
f 4052 1638 1637
f 4629 1638 4052
f 4629 3897 1638
f 4543 3897 4629
f 4543 4584 3897
f 4544 4584 4543
f 4544 297 4584
f 3042 297 4544
f 3042 4630 297
f 3044 4630 3042
f 3044 4631 4630
f 938 4631 3044
f 938 4632 4631
f 939 4632 938
f 939 3896 4632
f 2201 3896 939
f 2201 2227 3896
f 3914 2227 2201
f 3914 2225 2227
f 291 2225 3914
f 291 3058 2225
f 4582 3058 291
f 4582 3056 3058
f 4633 3056 4582
f 4633 4634 3056
f 4635 4634 4633
f 4635 4636 4634
f 4637 4636 4635
f 4637 4583 4636
f 4540 4583 4637
f 4540 4638 4583
f 4542 4638 4540
f 4542 4639 4638
f 4562 4639 4542
f 4562 4572 4639
f 4640 4572 4562
f 4640 4641 4572
f 4642 4641 4640
f 4642 1506 4641
f 4643 1506 4642
f 4643 4644 1506
f 4645 4644 4643
f 4645 4646 4644
f 4647 4646 4645
f 4647 4648 4646
f 4649 4648 4647
f 4649 4650 4648
f 4651 4650 4649
f 4651 4652 4650
f 4652 4651 4653
f 195 1591 4654
f 4655 4656 3951
f 3941 337 3942
f 318 3063 566
f 1523 2268 3911
f 1552 1523 3045
f 2265 1522 1546
f 1522 1551 1546
f 4657 3066 3913
f 944 4657 3913
f 3069 4567 3065
f 4617 4619 3082
f 4545 4567 3067
f 3070 945 4658
f 2240 947 3915
f 4658 945 2240
f 2198 2264 956
f 2198 956 3880
f 813 2253 2262
f 1514 813 2262
f 4659 3613 4660
f 3612 2249 2853
f 3071 1515 2247
f 3073 3071 2247
f 560 1563 3933
f 3616 3924 4661
f 3926 2796 2797
f 3918 3612 3611
f 4662 3926 3074
f 3929 4663 4664
f 2239 2259 3921
f 2239 3921 4665
f 931 3067 3068
f 930 3067 931
f 4666 3925 4667
f 3925 2258 2796
f 4668 4669 4670
f 1564 1543 1545
f 3086 4671 2238
f 3921 560 3933
f 2238 2195 2259
f 558 961 559
f 959 4609 960
f 559 3090 1563
f 559 3088 3090
f 961 3088 559
f 3089 2258 3925
f 1563 3090 4672
f 3084 3093 2237
f 2256 3092 466
f 2260 565 3934
f 2260 3934 2043
f 3097 3911 3081
f 2254 3911 3097
f 2263 2262 824
f 2263 824 823
f 1515 1514 2262
f 2234 4673 1552
f 50 2031 2250
f 2266 50 2250
f 3079 4674 4675
f 3098 4395 4676
f 2262 2255 824
f 2253 2255 2262
f 3942 337 336
f 3109 1574 1573
f 567 3936 3111
f 3121 3910 2272
f 336 51 3937
f 2269 2271 1564
f 4677 4592 4569
f 4678 3943 3945
f 4679 4600 4598
f 1557 1559 4680
f 4590 4551 4681
f 4678 3945 4682
f 109 2794 1997
f 1996 109 1997
f 3603 3961 3604
f 3604 3961 2793
f 1343 2288 2803
f 1572 1573 1344
f 2286 2275 89
f 2812 89 3114
f 2812 2286 89
f 2285 2286 2812
f 4363 3948 96
f 964 963 3947
f 3947 2803 2805
f 2803 2288 2804
f 3641 1571 963
f 2795 964 4683
f 1589 3952 1999
f 3952 3951 4684
f 4685 4686 4687
f 3952 4070 1999
f 570 3956 2289
f 3228 1658 1649
f 2377 1646 1645
f 1663 177 1646
f 1330 2378 4069
f 1331 4069 1588
f 2000 1999 2787
f 2434 3601 3957
f 4331 2000 2787
f 4331 2789 3601
f 2789 4331 2787
f 1014 3226 1015
f 1049 1728 1711
f 618 2436 2435
f 1723 2427 2384
f 1582 1569 345
f 3601 4688 3957
f 2789 2788 3899
f 2788 1653 3899
f 3960 345 1570
f 3899 1653 1582
f 1592 572 3132
f 105 1592 3132
f 1032 2415 615
f 1032 2411 2415
f 2316 1602 4689
f 1602 2316 613
f 643 1023 3175
f 187 4690 4691
f 187 4692 4690
f 4692 187 189
f 4693 3177 4050
f 4082 2457 17
f 260 17 16
f 4693 4050 4081
f 2342 1617 2767
f 2728 1976 1938
f 1976 1939 1938
f 2336 3181 2337
f 3558 3559 1632
f 2728 1938 2729
f 1938 1940 4694
f 2331 4695 4324
f 4695 2331 3186
f 4325 4326 4696
f 4695 4697 4698
f 4695 4699 4697
f 4695 4700 4699
f 4695 4701 4700
f 4695 4702 4701
f 4695 4703 4702
f 4695 4704 4703
f 4695 4705 4704
f 4695 4706 4705
f 4695 4707 4706
f 4695 4708 4707
f 4695 4709 4708
f 4695 4710 4709
f 4695 4711 4710
f 4695 4712 4711
f 4695 4713 4712
f 4695 4714 4713
f 4695 4715 4714
f 4695 4716 4715
f 4695 4717 4716
f 4695 4718 4717
f 4695 4719 4718
f 4695 4720 4719
f 4695 4721 4720
f 4695 4722 4721
f 4695 4723 4722
f 4695 4724 4723
f 4695 4725 4724
f 4695 4726 4725
f 4695 4727 4726
f 4695 4728 4727
f 3186 4728 4695
f 4728 3186 4729
f 4729 3186 4730
f 4730 3186 4731
f 4731 3186 4732
f 4732 3186 4733
f 4733 3186 4734
f 4734 3186 4735
f 4735 3186 4736
f 4736 3186 4737
f 4737 3186 4738
f 4738 3186 4739
f 4739 3186 4740
f 4740 3186 4741
f 4741 3186 4742
f 4742 3186 4743
f 4743 3186 4744
f 4744 3186 4745
f 4745 3186 4746
f 4746 3186 4747
f 4747 3186 4748
f 4748 3186 4749
f 4749 3186 4750
f 4750 3186 4751
f 4751 3186 4752
f 4752 3186 4753
f 4753 3186 4754
f 4754 3186 4755
f 4755 3186 4756
f 4756 3186 4757
f 4757 3186 4758
f 4758 3186 4759
f 4760 4761 4762
f 4759 3186 4760
f 3186 4761 4760
f 3186 4763 4761
f 4763 3186 2334
f 4325 4696 4764
f 3009 3011 547
f 547 3011 548
f 2182 4060 2363
f 3198 3200 4765
f 556 3196 3040
f 4766 4767 4768
f 2183 2364 4769
f 4770 2183 3013
f 1008 1667 1648
f 3191 1640 2368
f 1007 1009 2359
f 1009 1648 4546
f 4771 4772 4062
f 4773 4774 4775
f 4774 4773 4055
f 3011 3008 1513
f 4776 4777 3198
f 4778 3198 4546
f 536 4061 598
f 4061 4779 4780
f 4779 2374 4781
f 2355 4780 2356
f 2390 129 3235
f 3235 129 131
f 1011 3208 4
f 1650 3208 1011
f 1508 1641 1640
f 1640 1642 2369
f 1660 1665 4064
f 1665 1667 4064
f 2289 1531 4065
f 2289 4065 2290
f 3955 3228 1646
f 1656 3224 1657
f 597 596 1659
f 597 1659 2365
f 334 2291 3220
f 243 175 244
f 58 1870 2371
f 1870 3210 2371
f 3212 1676 2398
f 1676 1678 2398
f 1676 3213 1677
f 3210 4782 1676
f 365 364 57
f 363 365 2383
f 176 2291 2292
f 2399 1678 2400
f 3230 243 245
f 1013 243 3230
f 918 3223 4779
f 2381 4067 4061
f 535 2381 536
f 1005 2380 535
f 3243 4076 1218
f 1219 1675 3223
f 3955 176 1656
f 177 176 3955
f 3220 2291 176
f 335 334 175
f 1003 1005 595
f 1003 595 3207
f 976 193 2293
f 193 195 2293
f 2388 2293 4783
f 2293 2294 4783
f 1728 3229 1662
f 1015 3226 1330
f 1664 2377 1654
f 1664 1663 2377
f 1655 569 972
f 975 4073 193
f 4587 3953 194
f 1645 569 1655
f 1047 3230 1048
f 2382 3256 1047
f 2424 3256 2382
f 2424 2382 1051
f 2427 2426 3231
f 617 1723 2384
f 4784 1049 197
f 1051 4784 197
f 197 1049 1712
f 1712 1049 968
f 196 198 3231
f 2426 196 3231
f 3127 3128 2432
f 2385 1583 3127
f 198 970 3225
f 3225 970 1015
f 1167 2395 2392
f 2395 1167 1166
f 4780 3218 2356
f 918 4779 4067
f 2360 2362 4785
f 1502 2392 2394
f 4077 746 1673
f 1673 746 1674
f 745 1670 2397
f 2397 1670 1672
f 753 1200 744
f 1201 1200 753
f 1022 1017 2396
f 2396 1017 1019
f 3213 3216 1677
f 1677 3216 1678
f 601 3242 4068
f 4068 3242 602
f 2400 3217 2401
f 1678 3217 2400
f 604 917 916
f 2401 604 916
f 4097 1713 2418
f 1713 4097 2405
f 4078 1620 2421
f 3175 1023 1623
f 1623 1023 606
f 647 1688 3245
f 1987 4786 1986
f 2409 1987 2407
f 4787 1987 2409
f 1987 4787 4786
f 2766 4086 1635
f 2766 2767 4086
f 16 2420 1604
f 16 4788 2341
f 1604 4788 16
f 4788 1604 4789
f 4789 1604 4790
f 4790 1604 1606
f 1745 2410 1305
f 790 2737 625
f 1305 2410 1746
f 1025 1305 1746
f 4791 340 3248
f 3247 4791 3248
f 340 1083 4088
f 4792 358 2453
f 2455 4792 2453
f 2453 360 1061
f 2454 3249 2455
f 2454 3247 3249
f 4287 3247 3542
f 3541 4287 3542
f 614 1030 1032
f 1697 1030 614
f 1030 1697 2413
f 3250 2297 2411
f 3250 306 2297
f 980 2755 992
f 992 2755 1981
f 2423 2450 1040
f 206 2450 2423
f 1710 622 1027
f 1027 622 1028
f 1706 416 1707
f 1707 416 2425
f 320 4793 4794
f 4794 4793 2441
f 1217 1725 611
f 1216 1217 611
f 1028 623 417
f 1732 418 417
f 1720 1714 1713
f 1690 1705 2405
f 303 314 313
f 2433 1586 2298
f 2299 4795 3599
f 4795 2299 3129
f 1587 2296 2299
f 1586 1587 2299
f 3129 2296 4330
f 2296 3126 4330
f 417 419 2431
f 2431 419 1718
f 1037 616 1038
f 1038 616 618
f 1724 304 306
f 304 1724 3259
f 1873 4796 4797
f 1873 4797 320
f 3262 3261 3263
f 3261 2443 3263
f 4798 422 99
f 4793 2370 2441
f 3265 4796 1873
f 3265 2445 4796
f 1872 319 2440
f 1057 1872 2440
f 1730 3267 1059
f 1730 1059 1058
f 1691 3340 4087
f 2447 1736 3266
f 2501 650 652
f 359 1084 3268
f 1768 740 2501
f 740 650 2501
f 1691 2447 1692
f 3340 1769 2502
f 3255 348 1039
f 348 3255 608
f 1738 2456 1739
f 2410 2456 1738
f 1685 3245 1688
f 3245 1685 1742
f 3405 4799 136
f 1912 1254 2648
f 1254 1912 1911
f 1929 4800 2672
f 4800 1929 1930
f 3447 1926 1927
f 1263 1928 1264
f 4801 1264 3279
f 1264 4801 4802
f 3281 4801 3279
f 2471 2470 4803
f 4803 1271 2471
f 1271 4803 4107
f 4110 2962 876
f 4110 876 1929
f 4804 4805 1758
f 1078 3278 4213
f 3278 1078 1077
f 4806 3286 4807
f 3286 4806 3284
f 4118 4808 4119
f 4112 1230 2466
f 4809 3303 3305
f 4810 4171 4811
f 3445 4216 1832
f 1833 1832 1915
f 1831 3445 1832
f 4812 2649 2650
f 3422 1119 1118
f 4813 4814 4815
f 2547 633 634
f 4815 4816 2536
f 4814 4817 4815
f 772 4117 2589
f 4818 1833 4819
f 772 1908 1907
f 4820 772 1907
f 1833 4821 1755
f 1915 1914 4821
f 4822 2549 4823
f 4824 3304 3303
f 2734 1115 1117
f 3352 1304 3353
f 3308 1765 1764
f 4825 4826 4296
f 4827 3319 3321
f 4828 661 4142
f 1827 3271 2736
f 1262 3271 3309
f 4829 3306 4830
f 2544 2477 2545
f 2487 1072 4831
f 4147 209 2489
f 4146 3322 207
f 4147 2489 4832
f 3322 3324 207
f 2491 2494 3316
f 2491 3316 398
f 1081 4833 2495
f 4833 2584 3313
f 1810 514 4150
f 4150 514 516
f 4833 3313 2530
f 4833 2530 2495
f 213 215 3328
f 2493 1081 3318
f 3318 1081 3315
f 1829 1079 1081
f 1829 1153 1079
f 3317 1829 2493
f 1909 1908 3323
f 4834 3317 4153
f 4834 1830 3317
f 2488 397 3311
f 2489 3311 4145
f 3307 258 4835
f 2499 2498 1823
f 3330 4836 4826
f 3376 2500 656
f 1730 3266 3267
f 2448 3266 1730
f 3266 1736 83
f 2502 652 1736
f 2510 2507 2509
f 2510 2509 2511
f 2507 619 2508
f 2508 619 621
f 361 2504 362
f 1877 2504 361
f 1056 2446 1054
f 2446 1056 2445
f 2513 1773 2506
f 1773 736 2506
f 1094 128 739
f 739 128 204
f 1780 1809 127
f 1809 2512 127
f 1776 1877 651
f 204 3269 650
f 2624 1211 3333
f 3334 1220 1203
f 1204 1224 1777
f 2444 1777 1778
f 2624 3333 3337
f 1775 2503 1877
f 4837 1055 4157
f 1055 4837 1053
f 2503 3337 4157
f 1210 1868 1211
f 1869 1211 1868
f 1211 1869 1220
f 2517 1781 2516
f 353 2520 2516
f 2571 394 1102
f 3365 2577 394
f 1824 687 3344
f 4838 683 687
f 200 2528 3365
f 4160 2571 1102
f 1790 1100 1092
f 657 1100 1790
f 249 1119 4839
f 4810 4840 4171
f 3346 4813 2553
f 1112 3297 1113
f 2645 4841 4842
f 1792 426 425
f 1793 1792 425
f 2735 3353 1115
f 3305 3304 2734
f 2662 2661 1231
f 262 137 3354
f 3405 3494 4799
f 4843 4844 3347
f 4102 4807 4100
f 4807 4102 4806
f 4212 1077 1076
f 1077 4212 4211
f 2665 1110 668
f 667 2665 668
f 4845 4846 4847
f 3401 4848 1882
f 3401 4849 4848
f 4849 3401 4850
f 4846 1881 4847
f 1881 4846 1879
f 1882 4848 1883
f 1228 263 2665
f 1228 2665 667
f 2547 634 2548
f 668 4168 3298
f 4162 4851 4852
f 4851 4162 4100
f 4853 1760 4854
f 4855 4856 1757
f 4182 2478 2480
f 4131 4857 4170
f 2479 3297 2480
f 4858 4813 4815
f 3351 4859 1792
f 3349 2552 4860
f 4861 2742 2744
f 1114 4862 3349
f 4175 3350 4863
f 4860 2534 2533
f 4864 4175 4865
f 633 4181 438
f 440 439 4180
f 438 4182 439
f 4182 2480 439
f 4179 4172 2547
f 4179 2547 1798
f 2630 4185 2631
f 4185 2630 4184
f 1973 2634 4187
f 1227 4866 2562
f 4866 1227 12
f 2564 2566 4867
f 1799 4321 4316
f 1799 1798 4321
f 3359 2630 2629
f 9 2632 2633
f 9 4868 2632
f 4868 9 3360
f 4869 2561 2563
f 4870 2564 4871
f 2564 4870 2565
f 392 724 393
f 1807 2569 391
f 2157 728 413
f 1851 727 2569
f 1097 1126 653
f 1093 1097 653
f 1126 1808 1779
f 1126 1103 1808
f 3397 1858 1861
f 3397 1861 3398
f 388 1139 676
f 1139 1127 676
f 1143 2572 674
f 673 1143 674
f 1478 2155 1145
f 1145 2155 1821
f 3371 1082 897
f 1157 695 4193
f 4193 695 3368
f 4195 3368 1477
f 234 3369 2583
f 688 1144 689
f 2490 901 2496
f 901 902 4196
f 900 899 3375
f 900 3375 63
f 4196 902 3314
f 2584 4196 3314
f 65 1132 2573
f 63 65 2573
f 1818 898 233
f 1818 233 235
f 3382 2588 2473
f 3382 2492 2588
f 1259 3377 3444
f 3381 4197 3382
f 2592 2591 3373
f 3373 2591 1153
f 3299 3383 3384
f 3383 2473 3384
f 2474 1818 2590
f 2590 1818 3374
f 1170 2602 2056
f 2884 2602 1170
f 708 709 2612
f 2612 709 2884
f 4202 1837 120
f 1159 3388 1160
f 696 1161 2607
f 237 1161 696
f 1166 3237 1838
f 1166 3236 3237
f 130 2608 906
f 402 2608 130
f 1184 713 1175
f 1175 713 1176
f 1177 1487 1836
f 1177 1176 1487
f 1843 4200 3391
f 1181 1177 4200
f 2628 236 1844
f 236 122 237
f 4202 120 122
f 530 4202 4204
f 717 891 2885
f 717 2885 410
f 2059 890 718
f 890 2059 891
f 2151 1178 1179
f 1125 2151 671
f 3394 1179 1468
f 672 1179 3394
f 3396 283 124
f 408 283 3396
f 4203 848 889
f 2153 4203 889
f 3366 3367 737
f 741 743 3366
f 1876 424 1223
f 99 422 1875
f 1165 699 1168
f 699 1165 1671
f 3400 529 401
f 3236 3400 401
f 3240 3239 529
f 3240 529 3400
f 1904 4872 1249
f 1904 4873 4872
f 4873 1904 2652
f 2655 4874 2654
f 2655 4875 4874
f 4875 2655 4876
f 1249 4872 3409
f 4876 4877 4875
f 4876 3412 4877
f 4878 3412 4876
f 3412 4878 3410
f 4230 4441 4443
f 3702 660 659
f 3347 4214 3346
f 4879 4828 72
f 4828 4879 4880
f 2651 1757 1801
f 1757 2651 4881
f 1241 2487 3422
f 263 759 2665
f 2487 4831 3422
f 3422 4831 1119
f 1111 4882 4168
f 3276 4883 3277
f 1254 1256 1888
f 4884 3445 1831
f 1832 4216 1914
f 4885 4197 3381
f 2593 2595 4886
f 254 4218 1426
f 1278 781 1308
f 1278 779 781
f 4483 2962 4110
f 2676 4110 3282
f 3283 2471 1749
f 1926 1925 3283
f 2666 1923 148
f 1307 1923 2666
f 148 1923 149
f 1923 2670 149
f 1931 765 22
f 489 1931 22
f 277 1919 3431
f 277 24 1919
f 2084 4887 4227
f 3450 3452 1274
f 4442 2891 3701
f 2891 2635 3701
f 4440 3702 659
f 4888 4446 4448
f 4446 4888 4444
f 3458 3449 1289
f 3459 1922 4223
f 2116 1922 2117
f 2116 1920 1922
f 3753 2668 2071
f 3752 4889 2668
f 2098 2667 4223
f 4223 2667 489
f 134 1436 4234
f 4477 4234 1398
f 3465 3762 3460
f 874 3765 3753
f 1399 3462 3765
f 873 1399 874
f 4235 2084 2083
f 2680 4235 2083
f 4890 2833 2016
f 819 2831 2833
f 3635 4364 4239
f 3468 278 4242
f 3468 2017 278
f 3467 2015 3468
f 3510 4240 1288
f 2807 4354 2685
f 2685 4354 2686
f 4329 1354 783
f 462 449 1354
f 4249 3510 4244
f 4891 4249 4244
f 3471 4246 2007
f 2007 3472 2008
f 2014 3476 4892
f 4358 2811 2810
f 1995 3628 1340
f 3628 810 1341
f 1299 3732 1291
f 1301 4250 2714
f 4255 4893 4894
f 3738 3746 4468
f 2700 2918 4895
f 2918 2700 4269
f 4253 2829 3652
f 2829 4253 2830
f 3716 4269 2700
f 4269 3716 3718
f 4894 2087 3487
f 2087 4894 1956
f 1295 832 1296
f 832 2027 1296
f 2080 3737 3653
f 280 4243 4381
f 826 828 4896
f 1295 835 832
f 835 1295 4381
f 1936 826 2834
f 1970 3493 1972
f 4897 4898 4899
f 3552 4191 2746
f 4184 4900 4186
f 4900 4184 4178
f 4188 4189 4901
f 775 777 1971
f 3729 1971 2745
f 3501 4902 4903
f 4902 3501 4904
f 4905 4315 4906
f 4907 4315 4905
f 4315 4907 4316
f 4908 2708 2707
f 2708 4908 3547
f 4909 2749 3546
f 1971 4191 3552
f 4190 4191 1971
f 1973 4188 1974
f 1974 4910 4911
f 1797 4912 4913
f 4912 1797 1799
f 4914 4915 4916
f 4917 4915 4914
f 4918 4915 4917
f 4915 4918 1799
f 4919 4920 4921
f 4915 1799 4316
f 2709 4259 4258
f 2747 2707 4261
f 1107 1109 1948
f 1109 1949 1948
f 4230 4443 4922
f 3495 758 4923
f 2332 666 2327
f 3178 2715 3179
f 3734 4459 4262
f 1290 3178 4924
f 3517 1977 2727
f 4277 2764 437
f 3499 4260 1943
f 1942 3499 1943
f 1943 4260 3491
f 3498 2745 4317
f 2329 585 2330
f 2344 218 3503
f 2345 2330 585
f 2330 4925 3504
f 2330 2345 4925
f 2328 2330 665
f 665 2330 184
f 2718 1955 4895
f 1956 4270 2087
f 4270 1956 2718
f 4270 2918 2088
f 2095 4926 2096
f 2721 3735 2722
f 2722 4271 1284
f 2897 2896 785
f 2897 785 2073
f 4927 461 2720
f 1282 1281 1355
f 1285 1957 2725
f 1285 1284 1957
f 2723 2719 2693
f 2724 2693 3500
f 2726 794 1961
f 460 2726 1961
f 2698 4276 4278
f 2698 796 4276
f 140 2697 2696
f 4051 3515 3517
f 1961 794 2697
f 2697 794 796
f 1311 4891 3469
f 3519 4927 2720
f 4891 4244 3509
f 2691 280 4928
f 1280 4928 4929
f 4928 1280 2691
f 4929 4381 1295
f 4381 4929 4928
f 280 4381 4928
f 4929 1295 1297
f 4929 1297 1280
f 437 436 4277
f 1310 1293 1294
f 62 61 33
f 3557 60 62
f 4051 2727 4930
f 4930 2729 3184
f 1294 2765 3557
f 1293 141 435
f 4280 4281 351
f 1613 4280 351
f 4931 1073 4932
f 2535 368 4933
f 4934 4935 1616
f 3521 1962 1964
f 3521 1964 352
f 2523 1619 2524
f 1619 2523 788
f 1964 1963 4936
f 4303 4937 4301
f 4932 4938 4939
f 658 679 4155
f 1099 1811 4940
f 1091 1093 1811
f 4941 4942 4943
f 2527 4943 3338
f 1135 1785 1771
f 4944 2520 4159
f 340 339 354
f 4945 3339 4944
f 3273 4946 2736
f 4947 4295 4948
f 4154 4155 4291
f 4949 4948 4950
f 4164 4166 4299
f 4951 4952 4953
f 425 427 2549
f 793 4954 1074
f 4955 4956 3525
f 352 2319 2522
f 2319 2523 2522
f 1619 790 2320
f 1619 2322 2524
f 2322 1619 2320
f 112 4957 4958
f 3538 4304 4289
f 1695 4959 4960
f 2737 4302 4961
f 4307 3540 1962
f 1612 4279 1613
f 4285 4962 4279
f 1087 4283 4963
f 4964 4313 4177
f 4177 4313 4312
f 4965 4259 2709
f 4259 4965 4966
f 4967 2741 4968
f 2741 4967 4969
f 4259 2738 635
f 4259 4970 2738
f 4970 4259 4966
f 4968 2741 2740
f 3498 4317 3499
f 2746 2707 2747
f 2748 4969 4971
f 4969 2748 2741
f 2709 4972 4965
f 3545 2748 4971
f 2708 4972 2709
f 2708 4973 4972
f 4973 2708 3548
f 4974 4975 4964
f 2749 4176 2741
f 4976 4322 1952
f 4976 1952 442
f 1981 977 978
f 1981 1319 977
f 4323 1989 2808
f 2761 1989 2760
f 4323 2808 1983
f 1982 4323 1983
f 61 1984 1985
f 1985 34 31
f 34 1985 2763
f 61 988 1984
f 988 990 1984
f 3558 1632 1631
f 2731 3558 1631
f 2338 2337 3590
f 2333 3577 2773
f 4977 4978 4979
f 4977 4980 4981
f 4977 4982 4980
f 4977 4983 4982
f 4977 4979 4983
f 4978 4977 4984
f 1634 4984 4977
f 4984 1634 4985
f 4985 1634 4986
f 4987 2772 4988
f 2772 4987 4989
f 4989 2408 2772
f 2408 4989 4083
f 4986 1634 4084
f 2333 2327 3577
f 3579 2773 3577
f 4990 2773 3579
f 2773 4990 2771
f 4991 2769 2768
f 2769 4991 3576
f 3592 2778 1618
f 2778 3592 2777
f 2775 1318 1618
f 990 1318 2775
f 2751 1313 1310
f 1313 2751 3594
f 1309 1354 4329
f 1279 1983 1309
f 1979 576 1992
f 1979 1992 323
f 1993 591 550
f 589 591 1993
f 4992 1996 1998
f 591 341 3597
f 2785 1998 2813
f 1998 3632 2813
f 3595 803 3596
f 804 803 3595
f 820 2014 4892
f 1340 820 3475
f 2416 3257 105
f 2411 3257 2416
f 1035 3602 2791
f 3958 344 4993
f 315 3599 3598
f 3599 4795 1034
f 3606 3130 2276
f 2276 3130 1566
f 3108 2275 2285
f 2793 2275 3108
f 3961 1570 4994
f 1570 2278 4995
f 4996 4665 4348
f 4997 3610 3607
f 4997 3607 3609
f 2005 3610 4997
f 3615 3933 4998
f 4998 3922 3924
f 4362 4999 4363
f 4339 444 1326
f 3609 3608 4336
f 2819 5000 2800
f 816 1333 3622
f 3619 816 3620
f 5001 1346 1348
f 1334 1352 1335
f 3622 1333 5001
f 1333 1335 5001
f 5002 4374 4333
f 1335 1346 5001
f 5003 5004 5005
f 2002 5006 5007
f 5006 2002 4372
f 2802 1565 3626
f 2802 967 1565
f 810 804 3595
f 3628 1341 1340
f 2811 4356 2687
f 5008 2687 5009
f 2012 4357 4358
f 2012 97 4357
f 4359 4361 3949
f 3642 1325 3630
f 2785 454 453
f 3632 3114 4362
f 3635 3634 4364
f 4239 4365 817
f 4353 809 4351
f 2814 143 142
f 458 809 4353
f 5007 4385 5010
f 4385 5007 5006
f 4356 3631 4373
f 2688 2024 2025
f 3623 829 831
f 3636 2801 807
f 5011 809 458
f 457 5011 458
f 4343 3619 807
f 5012 831 5013
f 2819 3618 5000
f 445 2819 2799
f 4342 2801 5014
f 4342 2799 2801
f 4357 4355 2811
f 97 4355 4357
f 5014 3636 457
f 2024 5014 457
f 3643 2817 2825
f 3643 2815 2817
f 2825 2827 2076
f 2076 2820 2077
f 5015 4333 4335
f 469 4334 5016
f 2816 1359 2820
f 5017 5018 1359
f 78 3659 3655
f 2827 2820 2076
f 827 4379 4377
f 827 4377 4380
f 828 4380 2828
f 4380 2078 2828
f 2078 4380 3644
f 2079 77 2080
f 2080 77 3737
f 5019 4383 5020
f 1359 5018 935
f 5021 2824 3662
f 5021 3662 264
f 144 3637 818
f 3468 2015 2017
f 3638 3645 3639
f 3639 3645 3647
f 2015 4890 2016
f 818 3637 2831
f 1504 1503 4392
f 1503 2172 4392
f 3831 3387 5022
f 2066 5023 3831
f 3834 3842 3827
f 5024 5025 4528
f 3663 2185 2184
f 1511 3663 2184
f 854 3669 1408
f 2148 854 1408
f 4438 856 858
f 1371 3667 476
f 1410 1409 5026
f 4394 498 2850
f 2850 2866 2865
f 2851 2865 4398
f 4676 5027 5028
f 2252 953 3935
f 4397 476 2869
f 4435 2869 2868
f 5029 1411 2847
f 3670 2048 3672
f 846 952 1378
f 2048 5030 3672
f 4581 2036 4437
f 5031 5032 5033
f 146 4400 5034
f 5035 4411 2852
f 844 3670 2856
f 844 843 3670
f 2816 5017 1359
f 5036 2854 1403
f 5037 5038 2816
f 2816 5038 5017
f 3650 145 4403
f 4402 4399 3679
f 5039 5040 4374
f 4346 4664 5041
f 825 3098 4676
f 3621 844 2856
f 1517 3648 1518
f 4334 5042 1516
f 5043 2092 4412
f 2910 2916 5044
f 4422 4420 3740
f 5045 4402 3679
f 4421 2044 2859
f 2044 2046 2859
f 2863 4422 3681
f 2863 4420 4422
f 5019 936 5046
f 936 4424 4382
f 545 3740 546
f 4419 3749 2092
f 5047 4412 1365
f 3676 5043 5048
f 3793 2968 3805
f 4427 3793 3805
f 2912 2094 1421
f 2912 1421 1420
f 2876 2875 2051
f 2180 3835 3386
f 2875 2880 471
f 2050 2052 910
f 1395 2170 4430
f 5049 2051 5050
f 1462 5049 5050
f 1462 5050 909
f 718 848 719
f 848 718 890
f 484 2049 2061
f 2061 2049 1186
f 1846 4434 1847
f 1846 482 4434
f 3692 477 5051
f 2840 3691 4436
f 857 4580 4437
f 4436 3692 5051
f 1537 2039 856
f 2038 5052 5053
f 2842 3051 2039
f 3051 3050 3693
f 952 3683 5054
f 1538 856 4438
f 2839 3691 2840
f 2224 1459 3050
f 1459 1458 3893
f 3893 1458 1372
f 3050 1459 3893
f 3050 3893 3693
f 543 3051 2842
f 542 3051 543
f 4439 3004 5055
f 5055 3004 2886
f 2215 3698 3052
f 4441 757 4443
f 659 377 757
f 758 5056 4923
f 758 5057 5056
f 5057 758 3497
f 3496 2710 5058
f 4923 5059 5060
f 5059 4923 5056
f 2710 5061 5058
f 5061 2710 1897
f 5062 5063 5064
f 5065 3710 3709
f 4460 5066 4461
f 5065 5067 5068
f 3712 1107 2900
f 3450 1274 5063
f 3759 4273 4272
f 2893 3723 2894
f 5069 768 5070
f 5071 4897 5072
f 4459 4456 4262
f 1299 4465 5073
f 4267 3491 2716
f 4267 2716 2715
f 1941 1943 4268
f 4268 1943 4267
f 5074 4454 2074
f 786 5074 2074
f 5074 5075 4454
f 3722 4457 5076
f 5077 5078 5079
f 5078 5077 5080
f 5081 5082 5080
f 5083 5084 5085
f 5086 5084 5069
f 2904 865 3767
f 865 2908 4251
f 4251 1414 2703
f 1414 4251 5087
f 5088 1365 4414
f 5088 5047 1365
f 1412 3807 3682
f 3682 3808 5089
f 2092 3749 2093
f 3749 2021 2093
f 1417 3747 1418
f 3748 2111 4498
f 2111 3748 2109
f 2908 5087 4251
f 2908 2910 5087
f 1415 3745 1416
f 1416 3746 3738
f 4476 3754 2096
f 4470 2913 4471
f 4926 4476 2096
f 2701 4478 5090
f 3746 2931 3714
f 4472 2931 3746
f 4474 300 2941
f 300 882 880
f 2937 2934 3743
f 1366 2937 3742
f 2937 1366 2920
f 3743 2936 2906
f 2934 2936 3743
f 5091 3743 2905
f 3813 3817 229
f 3817 499 229
f 498 497 5092
f 5092 497 3751
f 4394 2844 498
f 2844 496 498
f 860 5093 861
f 4484 3754 1405
f 4471 3770 4486
f 3769 3755 3754
f 3756 3755 1406
f 3756 1406 1405
f 2933 1398 5094
f 875 874 3508
f 5095 4455 5075
f 1933 3455 5096
f 3716 432 3719
f 862 432 3716
f 3724 2923 2925
f 2925 2924 2680
f 3508 5097 2924
f 2923 875 2924
f 3508 874 5097
f 4480 4236 2680
f 4274 5098 5095
f 5082 2083 3448
f 3725 2679 5099
f 1406 2933 3456
f 3773 2682 4487
f 4487 2682 132
f 3464 4232 2115
f 3761 3463 3465
f 4482 2101 5100
f 4482 5100 5101
f 2683 2114 3761
f 2101 2100 5100
f 4233 2959 4232
f 2112 4482 2113
f 2114 2113 3463
f 4493 869 5102
f 2113 4482 5101
f 4232 1920 2115
f 430 4222 431
f 430 3764 4222
f 1955 5090 4895
f 2699 860 862
f 3741 1400 2914
f 3741 2914 2913
f 2914 4485 3770
f 1400 1401 2914
f 2929 132 134
f 2929 134 2930
f 2930 4477 2932
f 2932 1398 2933
f 3758 2930 3755
f 4486 3769 4476
f 1434 4491 4490
f 4507 271 4491
f 271 270 1437
f 271 1437 20
f 869 4496 5102
f 868 4496 869
f 881 4488 1419
f 4488 867 5103
f 2944 3786 2099
f 3781 3784 3786
f 3781 3786 2944
f 3781 3790 3784
f 4493 2105 2104
f 5104 2944 2943
f 2103 3779 2966
f 4495 3783 2125
f 3794 2103 3782
f 2103 2966 3782
f 478 3777 2110
f 3777 478 157
f 156 2131 157
f 2107 269 4507
f 2946 3788 2107
f 302 1423 2939
f 867 302 868
f 302 2955 1423
f 301 2955 302
f 5105 5106 5107
f 868 2939 4496
f 4489 5106 5108
f 5108 2102 5109
f 5107 5106 4489
f 3790 5107 4489
f 2953 4498 2954
f 2111 2110 2951
f 4498 2951 2954
f 4499 4475 4474
f 4501 1429 1431
f 4501 2125 1429
f 779 5110 780
f 2957 4500 2958
f 3785 5108 5109
f 4495 2125 4500
f 2962 274 273
f 2962 254 274
f 4222 3795 1268
f 5111 2674 2676
f 3797 254 2961
f 2675 3797 2961
f 3801 3802 5112
f 1430 2124 3797
f 2967 2123 4502
f 2125 2967 4502
f 1438 2942 1439
f 2942 3801 1439
f 3807 1420 2977
f 1420 1422 2977
f 3812 1447 3811
f 1447 3812 1456
f 2969 2134 2131
f 156 2969 2131
f 230 501 2136
f 230 2136 118
f 3788 872 2138
f 872 1451 2138
f 1433 2947 1434
f 5113 2948 2102
f 910 4510 1382
f 1382 4512 1385
f 4512 1382 4510
f 2129 2971 501
f 500 2129 501
f 3751 4513 5114
f 4506 2128 500
f 1384 5115 3823
f 1384 1383 5115
f 492 1461 2874
f 911 910 2147
f 2996 2993 4394
f 5116 2991 3824
f 1454 2147 1384
f 1454 1384 885
f 4515 2150 3001
f 4515 490 2150
f 3387 1396 5022
f 5117 4430 490
f 2889 4518 854
f 3829 2889 853
f 4519 3829 2169
f 4519 3825 3829
f 4516 4515 4518
f 3003 2889 3825
f 3827 5023 2066
f 5118 5119 5120
f 1460 855 3828
f 4519 2169 2887
f 2887 2169 1457
f 5121 4520 1439
f 4520 5122 5123
f 4520 5121 5122
f 3801 5121 1439
f 5121 3801 5112
f 5124 695 2581
f 695 5124 2159
f 691 2154 512
f 695 691 512
f 2054 2179 2178
f 2055 2054 2178
f 3834 2178 3841
f 2173 2055 3833
f 5117 1395 4430
f 2066 3831 2890
f 3842 3385 3387
f 3842 2180 3385
f 1493 88 3837
f 2058 88 1492
f 3690 3687 508
f 3690 508 507
f 3689 3686 3690
f 87 3686 3689
f 1488 1171 2601
f 1171 2058 2601
f 3838 1488 2053
f 3389 2055 3000
f 1485 3389 3000
f 1486 1485 3000
f 948 3865 949
f 2188 3049 2175
f 3699 4391 2166
f 3699 2166 4526
f 2168 3840 4523
f 4523 3840 4524
f 2167 1489 3840
f 2166 3845 2167
f 2837 2872 1519
f 1504 4392 1520
f 3846 4390 3847
f 3845 3844 5125
f 5126 2837 1498
f 1519 55 54
f 2216 1510 1512
f 2217 5127 3021
f 539 4533 35
f 3852 4532 538
f 1499 1498 4530
f 4530 54 3848
f 840 928 920
f 5128 292 294
f 3019 3853 3854
f 538 4532 539
f 2189 3012 3849
f 3012 2216 3849
f 914 4537 561
f 914 913 4537
f 3020 3850 3021
f 2028 2029 4532
f 3856 3017 4539
f 563 3017 3856
f 3855 3856 2199
f 548 3855 2199
f 4539 3019 4534
f 4535 3019 3854
f 5129 4766 3195
f 1527 1529 4541
f 4603 1576 2230
f 5130 2202 5131
f 4535 3854 5132
f 1001 3872 5133
f 4560 3871 839
f 2353 5134 3030
f 5135 4622 4620
f 5136 5129 3043
f 4619 4621 4568
f 3040 3041 290
f 556 3040 289
f 3041 3013 3015
f 3023 547 549
f 3022 547 3023
f 3014 4769 5137
f 3027 3026 3858
f 3201 3202 3026
f 4635 1534 4637
f 2353 3864 5134
f 5138 2353 2352
f 3863 3860 3861
f 4678 5139 3943
f 4551 4550 4678
f 3204 5136 3043
f 3026 3204 3859
f 3700 3699 4526
f 928 3007 920
f 4527 2166 2168
f 4527 2168 4523
f 3874 840 2207
f 4553 4525 2062
f 3865 2187 949
f 949 2187 950
f 2220 950 3046
f 2211 3046 2213
f 923 3034 308
f 2064 2063 3865
f 3866 4553 3035
f 921 3700 4525
f 2062 4525 2063
f 4525 5140 2063
f 3035 4553 2062
f 3035 2062 2064
f 4555 1560 2228
f 1560 4555 4557
f 926 4574 3059
f 2200 539 3870
f 2200 3870 1001
f 841 840 3874
f 3874 2207 2206
f 3875 3874 2206
f 2206 919 3034
f 3875 2206 5141
f 5141 2206 3034
f 298 3886 5142
f 3886 1550 5142
f 933 1525 4622
f 3898 4585 3039
f 3056 2228 3057
f 1639 1638 3877
f 2241 946 945
f 3028 2241 945
f 3066 4545 3067
f 3082 4619 5143
f 4621 4623 4568
f 3058 2226 2225
f 5144 5145 4565
f 4631 4563 3885
f 298 5142 5146
f 1532 940 2209
f 5147 3096 564
f 3884 2234 812
f 4673 1553 1552
f 3881 3882 4563
f 3039 4585 3884
f 2264 3038 957
f 3897 4576 3898
f 1000 1001 5148
f 5149 5150 5147
f 2212 2213 4578
f 2214 3698 2215
f 4579 542 541
f 3094 564 481
f 5151 5149 4575
f 3892 3891 2034
f 3891 3892 3890
f 5152 1459 2223
f 1459 5152 1457
f 3052 3890 3892
f 3894 3867 3032
f 4554 2221 172
f 4584 4576 3897
f 3031 3033 4556
f 3033 172 4556
f 3879 3878 5153
f 4583 4555 4636
f 3058 3057 924
f 3057 2229 924
f 2192 4626 2193
f 174 173 3054
f 4557 174 3054
f 3882 2208 2210
f 2227 3037 3881
f 3116 318 1580
f 318 317 3063
f 5154 3959 1569
f 1580 318 566
f 3605 1579 3606
f 3959 3062 3900
f 3954 3117 3904
f 3954 4589 3117
f 4686 5155 4687
f 3119 5156 5157
f 2290 4065 3954
f 4065 1010 4588
f 5158 5159 5160
f 3193 4678 4682
f 5161 5162 5139
f 5161 5139 4550
f 571 2290 3953
f 2290 3954 3953
f 317 336 3063
f 2274 2273 5163
f 2233 1552 2254
f 812 2234 813
f 4657 943 3066
f 944 943 4657
f 4567 3028 3065
f 4658 2240 1337
f 3065 945 3070
f 3915 3916 3071
f 3880 956 958
f 2235 2198 2236
f 946 2235 947
f 2233 2254 813
f 813 2254 2253
f 3612 2853 3077
f 3611 3613 5164
f 4348 3614 5165
f 3607 4996 3608
f 3924 3927 4661
f 3927 3924 3928
f 3922 1563 3923
f 5166 1336 3918
f 3918 1336 1338
f 3920 3918 3611
f 5167 3076 5168
f 4336 4348 4337
f 3933 3922 4998
f 3085 4996 3607
f 3085 2237 4996
f 3067 4567 3069
f 3067 3069 3068
f 2271 3931 1543
f 1545 1544 1542
f 3936 5169 4668
f 5170 3099 966
f 5134 4627 4625
f 961 960 3088
f 466 3092 3091
f 3091 3093 466
f 3081 2822 3098
f 3097 3081 3098
f 3911 2250 3064
f 3911 3064 3081
f 2247 2263 3673
f 3673 2263 823
f 2247 2261 2263
f 2247 1515 2261
f 1547 48 50
f 1547 481 48
f 5171 3938 3941
f 5172 3938 5171
f 4668 4670 1558
f 3946 1557 3110
f 2276 1566 1568
f 568 567 3111
f 3901 3942 336
f 5171 3941 3901
f 3941 2274 337
f 3938 2274 3941
f 4566 4677 3100
f 5173 4564 3099
f 5144 4565 4564
f 4634 2228 3056
f 52 5174 5175
f 2201 289 3914
f 4642 5153 4643
f 3857 1527 4056
f 3946 4668 1557
f 4670 5176 1558
f 5169 5177 4669
f 3937 5178 3936
f 4551 4678 3193
f 3193 4682 3123
f 3938 3121 2272
f 5179 3193 5180
f 3061 3122 3938
f 1570 4995 4994
f 3961 3605 2793
f 2300 1568 3102
f 3102 3103 3641
f 1566 568 1567
f 1567 3113 3109
f 1344 2287 1345
f 1343 1345 2288
f 963 1343 2803
f 963 1571 1343
f 2802 3626 2804
f 2804 3626 3625
f 5181 2282 2284
f 3950 2805 5181
f 3103 1572 3641
f 3641 1572 1571
f 4685 4687 4656
f 3952 4684 4070
f 2294 4654 4783
f 2294 195 4654
f 3956 1649 1531
f 3228 1649 3956
f 3955 1656 3228
f 3228 1656 1658
f 2388 4783 2389
f 2389 4783 3951
f 4330 3126 4331
f 1590 1589 2000
f 2789 3899 4688
f 3601 2789 4688
f 3126 1590 4331
f 1590 2000 4331
f 1711 1728 1662
f 974 4073 975
f 1588 4069 1589
f 3125 1331 1588
f 2438 2386 2432
f 2438 2432 305
f 1651 5182 1652
f 5182 3062 1652
f 2790 1651 2788
f 1651 2790 4072
f 1582 1653 5154
f 1582 5154 1569
f 4688 3899 344
f 3957 4688 344
f 3131 2415 104
f 3131 104 163
f 4050 3173 2458
f 4050 3174 3173
f 4082 4050 2457
f 4050 2458 2457
f 2459 2458 1686
f 1623 1686 2458
f 1686 1623 1687
f 999 2321 3176
f 3176 2321 3174
f 2731 2338 3558
f 4694 1940 2338
f 2364 3022 4769
f 3022 2364 4053
f 4770 2181 2183
f 4765 2181 4770
f 4060 4775 2363
f 4055 4771 2194
f 3195 4768 555
f 4766 4768 3195
f 2357 2359 5183
f 3204 5184 5136
f 4547 4765 5185
f 5185 4770 3197
f 1509 1508 1640
f 1012 4 1509
f 3206 2368 5186
f 1661 1495 1494
f 1496 1495 2358
f 5185 4765 4770
f 4767 2359 4058
f 1495 1008 1007
f 4785 4075 3233
f 2194 914 3010
f 4060 4773 4775
f 5187 4772 5188
f 4772 5187 5189
f 3010 914 3008
f 3008 914 561
f 4765 3200 2181
f 1666 3218 5190
f 1648 4778 4546
f 4778 4776 3198
f 3221 2355 1665
f 598 2355 3221
f 2371 3210 1006
f 334 3212 4066
f 1006 3210 3212
f 1006 3212 334
f 3209 100 4782
f 3209 4782 3210
f 3213 1223 3215
f 100 1876 4782
f 2401 916 2379
f 2380 3219 2381
f 176 3224 1656
f 176 2292 3224
f 1589 2389 3952
f 2387 2389 1589
f 1711 1662 969
f 968 1711 969
f 245 1664 3229
f 245 244 1664
f 972 4587 194
f 4073 971 193
f 4784 1047 1049
f 1051 1047 4784
f 2425 2424 3227
f 3227 2424 1051
f 2427 3231 2384
f 2384 3231 2385
f 3231 3232 1583
f 3231 198 3232
f 3128 1583 1585
f 3128 1585 1586
f 5191 5192 592
f 4780 4781 5191
f 2362 1502 4075
f 2362 4075 4785
f 603 1218 917
f 3243 1218 603
f 4076 753 4077
f 753 746 4077
f 1682 1670 745
f 744 1682 745
f 648 1699 646
f 1699 648 4080
f 2403 2417 2404
f 3274 4097 2403
f 5193 2421 4095
f 2404 5194 5195
f 5193 2404 2421
f 5194 2404 5193
f 2404 5195 5196
f 4098 1713 1715
f 1713 4098 2418
f 2459 1688 1743
f 17 2459 1743
f 2767 4081 4086
f 4086 4081 4082
f 2324 2342 2335
f 2324 987 2342
f 1636 5197 5198
f 1636 5199 5197
f 187 5199 1636
f 5199 187 4691
f 1636 259 260
f 626 1744 979
f 624 626 979
f 5200 4287 4308
f 625 4961 626
f 1744 3541 1745
f 1745 3541 2733
f 4088 1083 358
f 358 1083 359
f 2456 3270 1739
f 2456 2455 3270
f 5201 5202 338
f 5201 338 340
f 2297 303 313
f 2297 313 2411
f 993 992 1314
f 991 980 992
f 1741 1068 2452
f 2450 2452 2451
f 1707 2425 418
f 612 1707 418
f 1726 2383 415
f 4794 2441 363
f 4793 3264 2370
f 3264 4798 2370
f 623 610 1732
f 610 612 1732
f 1689 609 1705
f 1704 2430 1719
f 303 2433 314
f 2433 303 305
f 3129 3600 4795
f 3600 3129 4330
f 1043 417 2431
f 1043 2431 2428
f 4796 3262 4797
f 5203 3264 4793
f 3399 1778 422
f 3263 2443 2444
f 4796 3260 3262
f 2445 3260 4796
f 4797 3262 3264
f 4797 3264 5203
f 3268 1782 1767
f 1782 1768 1767
f 1062 1691 1067
f 360 5204 1691
f 2448 2447 3266
f 4087 2502 1736
f 360 1691 1062
f 5204 3340 1691
f 5205 5206 4124
f 1886 1070 2487
f 1254 3278 1255
f 5207 3436 5208
f 767 1927 1263
f 2670 1927 767
f 4802 4220 1264
f 4831 5209 1119
f 2645 5210 4841
f 1906 5211 5212
f 5213 2481 2483
f 426 1794 4127
f 5214 5215 5216
f 4115 5217 3440
f 5218 5217 4115
f 5217 5218 5219
f 3439 2664 5220
f 2664 3439 2661
f 5220 5221 3439
f 5221 4114 3439
f 4120 4119 1760
f 5222 1762 5223
f 771 4116 772
f 5224 5225 4817
f 5226 4129 5227
f 2485 5228 2486
f 4859 4174 1794
f 2542 3357 2543
f 4814 5224 4817
f 2537 4125 2538
f 4125 2537 4126
f 2553 4813 4858
f 3346 4215 4813
f 4821 3300 4116
f 4821 1914 3300
f 4117 3325 2589
f 1828 3373 1829
f 5229 5230 3304
f 4952 3305 4956
f 3526 4164 4299
f 3532 5231 4165
f 2486 5223 5230
f 3353 1116 1115
f 4144 5232 4808
f 5233 3352 2735
f 4296 5234 4297
f 4296 4826 5234
f 5235 4832 4880
f 663 5236 5237
f 5238 2586 662
f 2586 5238 4145
f 2476 4827 3312
f 4827 3321 5239
f 4827 5239 3312
f 1262 4830 3272
f 5240 5241 4121
f 661 663 4142
f 5239 3320 4133
f 5239 4133 3306
f 5235 4147 4832
f 5211 1907 1909
f 251 3292 3291
f 3292 251 250
f 4799 4141 136
f 3324 4834 4153
f 207 3324 208
f 1909 3323 3322
f 4820 1907 5211
f 1150 2532 1151
f 3364 1786 2572
f 1786 3364 3345
f 2530 4149 2531
f 3314 902 1810
f 1081 1080 4833
f 1080 2584 4833
f 3327 3328 5242
f 4145 397 399
f 258 2499 2500
f 4133 3307 3306
f 5236 3327 5237
f 3320 256 4133
f 5243 3372 1828
f 3326 3370 4198
f 3317 3318 4152
f 4152 3318 397
f 4156 1737 1736
f 2501 652 2502
f 651 361 1737
f 1737 361 84
f 652 651 4156
f 652 4156 1736
f 1774 3332 1775
f 2509 2508 2505
f 1053 4837 2443
f 4160 1102 1126
f 201 2571 1096
f 1823 2587 1824
f 4838 687 1824
f 1825 1100 657
f 3344 1101 1100
f 4169 4183 3358
f 4181 2478 4182
f 439 1112 1114
f 2480 1112 439
f 3294 2483 2466
f 2464 3277 4883
f 3277 2464 2463
f 1794 1796 4127
f 426 4127 2550
f 5244 5227 4810
f 3304 5230 2735
f 3304 2735 2734
f 4811 4171 4951
f 5215 4146 5245
f 5246 3294 3301
f 3294 5246 3295
f 138 137 262
f 4846 136 1879
f 2646 3494 3427
f 4842 4841 3494
f 5247 2544 2546
f 5248 4843 3297
f 12 1120 15
f 12 669 1120
f 4172 4173 2547
f 3298 4168 2542
f 5249 4179 4184
f 2543 3358 4172
f 249 4839 250
f 4123 4126 2537
f 4126 4123 4122
f 136 4141 137
f 4173 633 2547
f 3358 4183 4181
f 4861 2533 2742
f 2742 2533 2743
f 5250 4858 5251
f 4180 3349 3348
f 5251 2536 368
f 4816 2537 2536
f 439 1114 3349
f 2552 2534 4860
f 4319 3348 4175
f 1798 2548 4321
f 634 440 2548
f 4319 4180 3348
f 4178 5252 4900
f 5252 4178 1797
f 4188 5253 5254
f 5253 4188 4901
f 4178 1798 1797
f 4184 15 5249
f 1121 4172 4179
f 1234 2556 4871
f 3361 4869 3362
f 4869 3361 2561
f 5255 4871 2556
f 4871 5255 4870
f 5255 2556 3363
f 1232 5256 1233
f 4866 12 5257
f 4867 3356 2564
f 3356 4867 5258
f 385 391 1140
f 1140 391 393
f 2157 413 392
f 391 2157 392
f 677 3397 3398
f 677 1127 3397
f 3371 4192 1082
f 43 4192 3371
f 2582 3369 234
f 2582 5259 3369
f 233 2582 234
f 4192 4195 1082
f 2583 688 2490
f 235 2583 2490
f 4834 1828 1830
f 3323 5243 3324
f 4117 3299 3325
f 3300 3299 4117
f 3325 3384 3370
f 3299 3384 3325
f 1836 2612 3388
f 121 3388 1159
f 1161 2606 2607
f 1161 1160 2606
f 1841 1843 755
f 1841 1182 1843
f 1840 2628 1844
f 531 2628 1840
f 121 1159 1161
f 1837 1836 3390
f 3238 712 3392
f 2613 1381 4202
f 2152 717 409
f 409 717 410
f 506 1850 2615
f 1850 2152 2615
f 407 284 283
f 407 1125 284
f 2153 889 716
f 2152 715 717
f 849 4203 1471
f 849 848 4203
f 1814 676 1205
f 1206 676 678
f 712 2613 3392
f 3392 4201 530
f 698 3240 3400
f 698 3238 3240
f 3704 376 5260
f 1238 5261 660
f 1238 5262 5261
f 5262 1238 3705
f 3708 5263 3706
f 3708 5264 5263
f 5264 3708 5265
f 5260 376 375
f 660 378 377
f 378 660 5261
f 5264 5265 5266
f 5265 382 5266
f 382 5265 380
f 2635 1238 3702
f 3702 1238 660
f 3438 1831 4818
f 4818 1831 1833
f 3285 2650 3286
f 2650 3285 4812
f 5267 4852 4851
f 4857 5268 2485
f 4103 4137 116
f 3438 4884 1831
f 3440 5217 3441
f 4216 4885 3381
f 2595 2492 4197
f 5269 3377 3380
f 2595 5269 4886
f 5269 2595 3377
f 4216 3377 4885
f 2661 3439 3441
f 1268 5111 2963
f 2958 4501 1269
f 2673 3447 1927
f 5110 2963 780
f 3283 4221 2471
f 3283 3282 4221
f 4235 4237 2084
f 1276 277 3431
f 3451 5270 3452
f 1289 22 276
f 1289 276 277
f 2924 5097 4480
f 3462 3461 5271
f 133 3460 3462
f 133 3465 3460
f 1436 133 3462
f 1436 3462 4234
f 3461 3762 797
f 4889 797 799
f 2016 1935 1936
f 2016 2833 1935
f 2016 1936 279
f 279 1936 280
f 4239 2015 3467
f 819 2833 4890
f 4249 4241 3510
f 2008 3473 4249
f 4239 817 2015
f 3466 4239 3467
f 3470 3519 2720
f 4247 2023 3634
f 5272 2686 3635
f 3474 3635 4238
f 2019 2807 2685
f 449 448 3471
f 1934 2009 447
f 4249 3473 4241
f 3473 4242 4241
f 4246 3474 2007
f 2020 2686 5272
f 3476 4358 821
f 2692 5008 2807
f 1340 1342 820
f 822 2692 2010
f 822 821 2692
f 820 822 2010
f 1977 2714 1975
f 3516 2714 1977
f 4275 3482 795
f 2693 2695 3500
f 3766 4466 3656
f 4467 4466 2705
f 2705 5273 2089
f 3738 4468 2704
f 4893 2705 2706
f 4894 1954 1956
f 2896 3759 1944
f 4269 3718 93
f 3505 2086 3735
f 2086 2088 3735
f 2027 2026 2721
f 3487 2087 2086
f 3485 3486 2026
f 2026 3487 3505
f 834 4253 3485
f 4253 834 833
f 3652 3657 4252
f 3657 3652 3654
f 2835 2830 4253
f 2835 4253 833
f 826 4896 2834
f 2834 4896 2835
f 1233 3711 2556
f 2899 2901 5256
f 3710 1232 3488
f 5067 2899 5274
f 776 4256 5275
f 4256 3490 5275
f 4263 5276 3498
f 5277 5069 5278
f 4921 3501 4919
f 3501 4921 5279
f 4916 4915 5280
f 3501 5279 4904
f 4915 4907 5280
f 4907 4915 4316
f 2707 5281 4908
f 4315 4909 5282
f 4909 4315 2749
f 3501 5281 2707
f 3501 5283 5281
f 5283 3501 4903
f 5284 4315 5282
f 4315 5284 4906
f 4911 5285 1974
f 5285 4911 5286
f 4912 1799 5287
f 4188 4910 1974
f 4188 5288 4910
f 5288 4188 5254
f 5252 1797 5289
f 4913 5289 1797
f 5276 775 3498
f 4263 3498 1942
f 5290 5060 1901
f 5061 1897 1899
f 5060 1902 1901
f 5060 5291 1902
f 5291 5060 5059
f 3452 5270 1108
f 5270 1901 1108
f 5292 2332 2333
f 3183 5293 3181
f 5293 666 2332
f 4265 4264 5293
f 1975 1290 1976
f 1290 4924 1976
f 4260 4976 441
f 441 4976 442
f 4895 2699 2700
f 2918 4269 92
f 3507 94 2895
f 2919 2918 92
f 3735 3736 3511
f 5294 92 94
f 1297 2722 1283
f 1283 2722 1284
f 1282 2691 1280
f 2691 1282 1287
f 4245 1285 2725
f 4245 2725 460
f 2724 3480 3514
f 3514 3480 794
f 1958 2723 2724
f 1958 3506 2723
f 3184 4694 2731
f 4277 4051 2764
f 796 1301 4276
f 4276 1301 3516
f 782 784 1311
f 4927 3518 461
f 3519 3518 4927
f 1288 4240 1287
f 278 280 2690
f 280 1936 4243
f 1936 2834 4243
f 1312 2720 1959
f 1959 2720 141
f 141 2696 436
f 141 436 435
f 3185 2730 60
f 3185 2731 2730
f 2764 3184 3185
f 2727 2729 4930
f 3557 62 33
f 3557 33 2752
f 4962 1085 4305
f 4284 1086 1085
f 355 5295 5296
f 2743 2535 4933
f 5297 5298 5299
f 5298 5297 5300
f 4311 4307 1962
f 4934 1616 355
f 5301 3550 3549
f 3550 4934 355
f 5302 5303 5304
f 4935 1614 1616
f 4302 1693 5200
f 357 356 4303
f 680 1091 1811
f 5305 4290 4298
f 4942 655 1135
f 4165 5306 4166
f 4295 4291 4290
f 4155 1099 4291
f 3338 2519 3339
f 4294 4941 4943
f 4158 2515 2517
f 1770 1771 2519
f 1695 4288 4287
f 339 4159 353
f 4941 5307 4942
f 4957 3533 3535
f 5308 3342 5306
f 5234 4949 4297
f 4949 4947 4948
f 5309 5310 3534
f 4946 3330 4826
f 4836 658 4154
f 356 5311 5312
f 793 1074 1073
f 5313 1793 3536
f 369 2536 4167
f 5303 3536 4822
f 2743 4933 1133
f 1964 4936 2523
f 1963 4286 4936
f 4286 1963 3537
f 581 2522 999
f 352 2522 581
f 4286 3539 788
f 4936 788 2523
f 788 4936 4286
f 3538 357 4304
f 4289 4301 2737
f 4301 4937 1693
f 1693 5314 1694
f 4306 5315 3540
f 4307 4306 3540
f 1612 4285 4279
f 3543 4285 1612
f 4176 4964 4177
f 4313 2744 3190
f 2741 4177 2750
f 2750 4177 3543
f 2749 4865 4176
f 4176 4865 4964
f 4191 4919 2746
f 4919 3501 2746
f 2747 4261 4318
f 2745 2747 4318
f 4864 4865 2749
f 4316 4864 2749
f 4863 4861 4975
f 4865 4974 4964
f 2761 2779 1989
f 2761 1980 2779
f 1618 2776 2775
f 2776 1618 2778
f 2776 991 993
f 1985 990 2775
f 3559 4328 1937
f 3559 1937 1632
f 2334 2335 2766
f 2335 2342 2766
f 3591 2408 4328
f 3559 3591 4328
f 2327 4325 3577
f 4763 5316 5317
f 5316 5318 5319
f 5320 2334 3567
f 5321 2334 5320
f 5322 2334 5321
f 5323 2334 5322
f 5324 2334 5323
f 5325 2334 5324
f 5326 2334 5325
f 5327 2334 5326
f 5328 2334 5327
f 5329 2334 5328
f 5318 2334 5329
f 5316 2334 5318
f 2334 5316 4763
f 4764 3577 4325
f 5330 3577 4764
f 3577 5330 3578
f 5331 3589 3580
f 4698 3589 5331
f 4698 5332 3589
f 4698 5333 5332
f 4698 5334 5333
f 4698 5335 5334
f 4698 5336 5335
f 4698 5337 5336
f 4698 5338 5337
f 5338 4698 4697
f 5339 3592 4327
f 3592 5339 2777
f 5339 5340 2777
f 5339 5341 5340
f 5341 5339 5342
f 2777 1703 980
f 2777 5343 1703
f 5343 2777 5340
f 3594 801 1313
f 800 801 3594
f 783 2006 4248
f 2006 2008 4248
f 1320 1979 322
f 1979 323 322
f 806 1979 1994
f 1994 1979 1320
f 341 343 3597
f 3597 4992 2783
f 2783 4992 2784
f 4992 1998 2784
f 803 453 3596
f 3596 453 1339
f 4993 346 3960
f 4993 344 346
f 4993 3960 3603
f 3603 3960 3961
f 2792 3958 4993
f 2791 573 572
f 3598 1034 1033
f 315 3598 1033
f 2278 3116 4995
f 1569 3116 2278
f 3605 4995 1579
f 1580 566 1581
f 4994 4995 3605
f 3961 4994 3605
f 2282 3627 2283
f 3625 3627 5344
f 2283 5345 2818
f 2283 2005 5345
f 814 4344 815
f 4337 5165 2018
f 4337 4348 5165
f 3608 4996 4348
f 2284 4340 444
f 444 2818 445
f 91 2300 3102
f 3640 963 962
f 2800 814 5346
f 5346 814 816
f 1335 1352 1346
f 4661 4347 4345
f 4347 4661 3927
f 1352 1349 1346
f 1349 1352 4346
f 5001 1348 830
f 829 5001 830
f 4372 5015 5006
f 2267 5015 4372
f 1341 3595 2014
f 1341 2014 1342
f 2687 4356 2688
f 4358 2810 5008
f 2689 3629 4354
f 5009 2687 2689
f 2795 3640 962
f 4999 5347 2795
f 3630 3631 4356
f 97 3642 4355
f 4362 3114 4999
f 3114 5348 4999
f 454 4362 2013
f 455 454 2013
f 2010 2019 2011
f 2019 2685 2020
f 2023 2003 2814
f 3629 2022 2023
f 143 4387 144
f 1356 1358 4388
f 4353 4351 1356
f 809 5349 4351
f 3646 5350 5021
f 5350 3646 5351
f 5013 831 5007
f 4351 5352 1357
f 1357 5013 5353
f 5011 807 809
f 457 807 5011
f 5000 3618 814
f 5000 814 2800
f 5014 2801 3636
f 1327 4342 3631
f 4355 3630 4356
f 4355 3642 3630
f 4373 2024 2688
f 4356 4373 2688
f 2042 2825 2824
f 2826 2076 1946
f 2826 1946 1945
f 2825 2076 2826
f 4370 2040 2042
f 5015 4335 468
f 4385 2040 4370
f 468 4335 469
f 3647 4379 3661
f 4366 5010 4367
f 5006 468 4385
f 2077 3651 3659
f 552 5020 553
f 4896 2828 2835
f 828 2828 4896
f 3653 3737 5354
f 3653 3658 3654
f 3644 266 2079
f 3662 1945 265
f 2909 4384 2917
f 864 553 2909
f 552 5019 5020
f 1360 935 937
f 265 1945 1947
f 3645 5351 3646
f 5350 2824 5021
f 818 2831 819
f 3639 3647 2832
f 142 818 4365
f 4365 818 817
f 4393 528 1504
f 4393 1504 2185
f 3695 5118 5120
f 3694 2067 5118
f 4392 2172 2604
f 1503 3000 2172
f 476 2992 2994
f 3669 3001 1409
f 855 854 2148
f 3669 4515 3001
f 3692 475 477
f 1372 475 3692
f 2993 2844 4394
f 1409 5116 5026
f 2865 2867 4398
f 5355 4398 4428
f 4398 2094 2911
f 1412 1420 3807
f 2848 2847 2044
f 2848 2044 4421
f 2847 2978 2044
f 5054 5356 5357
f 4420 5358 4421
f 5358 2848 4421
f 952 5054 2855
f 2843 5359 846
f 2857 3671 2861
f 3671 2862 2861
f 4404 5360 4415
f 4403 147 4404
f 5018 4403 4405
f 5018 4405 935
f 5361 5168 5362
f 2853 2248 3077
f 5363 2852 4408
f 2244 2861 4399
f 4664 5167 5364
f 5365 5366 5367
f 823 825 4676
f 2030 842 3621
f 4402 2244 4399
f 5367 5368 5369
f 3935 2030 5370
f 5370 2030 3621
f 5027 5370 5371
f 5368 1539 5372
f 3078 4674 3079
f 4333 4374 4376
f 4412 2092 4413
f 1365 2920 1366
f 3676 4418 5043
f 2092 1375 4413
f 4415 5045 3678
f 5045 3679 3678
f 3679 4399 4417
f 4399 2863 4417
f 2859 2860 1373
f 1373 2860 1374
f 3679 3681 3680
f 3679 4417 3681
f 935 4423 936
f 3675 5036 1402
f 1403 4425 1404
f 5046 3675 4383
f 1402 4418 3676
f 3675 1402 3676
f 4418 2092 5043
f 5048 5043 4412
f 3808 3806 3793
f 5373 3808 3793
f 5374 2876 2171
f 2171 2876 5049
f 2875 471 2051
f 2051 471 473
f 5049 2876 2051
f 2171 5049 1462
f 491 2170 1461
f 490 2170 491
f 5375 5376 5377
f 4436 5051 2036
f 3095 3051 2838
f 3051 3693 2838
f 3048 3002 4439
f 2176 2886 2177
f 2175 3049 2176
f 2177 2886 3053
f 4922 2898 3495
f 3495 5060 5290
f 5060 3495 4923
f 4445 3451 3450
f 5063 1274 3712
f 4226 5378 4887
f 3730 5064 3731
f 5379 4460 5380
f 4447 4449 4462
f 5080 5082 5381
f 5066 4447 4462
f 93 3759 2896
f 93 3718 3759
f 3760 3724 3723
f 4462 3730 3726
f 4451 5067 5065
f 3728 5382 4451
f 4451 4452 5067
f 5383 4268 2715
f 4262 1942 1941
f 5083 3722 5076
f 3733 4459 3734
f 4266 1291 1290
f 3732 4268 5383
f 3482 5384 5385
f 2694 2927 2902
f 3734 4262 4268
f 4268 4262 1941
f 2074 4454 5386
f 5387 5388 5389
f 1944 4272 786
f 1944 3759 4272
f 4457 769 768
f 4454 5083 5390
f 4460 4461 4463
f 3722 4463 5391
f 5082 3448 5392
f 5082 5392 5381
f 2084 4229 2085
f 2085 4229 4888
f 3659 3651 552
f 937 936 5019
f 3739 4426 2081
f 3739 5373 4426
f 2091 1374 3749
f 1374 2864 3749
f 1418 3791 1377
f 3791 4498 4475
f 4498 3791 3748
f 1417 3805 3747
f 3747 3805 3748
f 5087 1415 1414
f 1415 5087 5044
f 2910 5044 5087
f 2915 3770 4471
f 2913 2915 4471
f 3715 4471 4926
f 4926 4471 4476
f 3714 4470 3715
f 3714 2913 4470
f 2907 3741 2931
f 2931 3741 2913
f 2935 4474 2941
f 4473 4474 2935
f 2936 880 879
f 2936 879 2950
f 2920 4473 2937
f 4473 2920 2922
f 2922 4499 4473
f 4499 2922 3792
f 3744 3743 5091
f 1415 3744 3745
f 3744 5091 3745
f 5091 2905 3745
f 3813 5393 5394
f 498 5395 5393
f 5395 498 5092
f 498 5393 3813
f 5092 3814 5395
f 3814 5092 3751
f 5394 3816 3813
f 4486 3770 3769
f 3770 3768 3769
f 5094 1398 875
f 1398 873 875
f 1407 1406 3456
f 5396 875 2923
f 1407 3456 3455
f 1405 1407 3455
f 861 1933 5096
f 862 861 432
f 874 3753 5097
f 3753 2071 5097
f 4274 5095 5074
f 3717 5397 3759
f 2938 3772 3771
f 3771 3772 2928
f 5100 2100 2956
f 2956 5398 2957
f 429 431 1277
f 1920 429 1277
f 3465 3464 3762
f 3464 2115 3762
f 3761 3465 133
f 132 3761 133
f 2112 2943 4482
f 2943 2099 4482
f 2113 5101 2959
f 2113 2959 4233
f 3762 2117 797
f 3460 3762 3461
f 3795 1269 1268
f 4222 2963 5110
f 4478 860 2699
f 1955 2701 5090
f 1419 5399 1428
f 3772 3774 3773
f 2928 4487 2929
f 4487 132 2929
f 3757 2932 1406
f 3755 3757 1406
f 2930 134 4477
f 4477 134 4234
f 1435 4490 19
f 4490 20 19
f 5102 4496 3789
f 5106 5400 5113
f 4493 2104 3775
f 867 4492 5103
f 1428 3775 3774
f 1401 2938 2914
f 4489 5108 3785
f 2100 5398 2956
f 4481 2114 2682
f 2106 2943 3780
f 2104 2106 3775
f 2105 2944 5104
f 1433 1435 3779
f 3779 1435 2966
f 5398 3794 4495
f 3785 5109 3794
f 5401 3819 3788
f 5400 2948 5113
f 3811 1447 1446
f 2983 2949 5402
f 2955 2951 4497
f 2951 2952 3809
f 5106 2102 5108
f 5106 5113 2102
f 2940 5105 3790
f 3789 2940 3790
f 4475 4498 2953
f 3764 2958 3795
f 3763 2958 3764
f 4501 1431 1269
f 1269 1431 2674
f 2676 4483 4110
f 2676 2675 4483
f 3804 4520 2597
f 2124 3798 3797
f 5089 3808 5373
f 5089 5373 3739
f 2867 229 2094
f 2867 3813 229
f 2138 2139 2108
f 2108 2139 493
f 5403 2946 2945
f 2947 2107 4507
f 1451 2984 4504
f 5404 499 3817
f 499 5404 4505
f 3751 5114 3815
f 3817 5405 5404
f 5405 3817 3818
f 2874 1461 911
f 1461 909 911
f 3695 4517 3003
f 5117 490 4514
f 5119 5406 5117
f 3695 5120 4517
f 5407 2604 2603
f 5118 3832 5119
f 3832 5406 5119
f 4517 4516 4518
f 3005 5025 5024
f 4528 2067 5408
f 3828 1371 1370
f 1371 3828 2149
f 1437 2964 3796
f 2120 2997 3800
f 4520 5123 5409
f 5410 5411 3826
f 5410 3826 5025
f 3832 3831 5406
f 3831 1395 5406
f 1493 3836 3835
f 3820 507 509
f 88 3689 3837
f 3837 3689 3836
f 2601 1492 3839
f 2058 1492 2601
f 296 1188 3686
f 87 296 3686
f 2607 3838 1485
f 2607 1488 3838
f 2063 4522 3865
f 2187 4524 2188
f 4526 2166 4527
f 3700 4526 4525
f 3006 293 4552
f 3699 3847 4391
f 3840 1489 3048
f 3840 3048 3047
f 54 56 3848
f 4530 3848 292
f 3846 55 5412
f 5412 4521 4390
f 5126 1498 1497
f 2217 3016 5127
f 4529 4531 4533
f 4531 4530 292
f 36 292 5128
f 5128 294 928
f 3851 36 35
f 4533 3851 35
f 2029 4529 4533
f 2029 1497 4529
f 927 5128 928
f 927 36 5128
f 4538 3021 4536
f 4532 2029 4533
f 3854 1002 2202
f 3854 3852 1002
f 3019 4538 3853
f 3018 4538 3019
f 1512 1511 3016
f 5127 3016 1497
f 2190 3020 3017
f 2190 3849 3020
f 5132 3854 5130
f 4534 4535 3878
f 3856 4539 1528
f 1528 4539 4534
f 4636 2228 4634
f 2228 4636 4555
f 4644 922 1506
f 4576 4585 3898
f 3044 3195 938
f 4643 5131 4645
f 5413 3873 5414
f 5415 1001 5133
f 2202 1000 5131
f 3878 5132 5153
f 5130 3854 2202
f 1001 3870 3872
f 4560 839 3873
f 3870 35 3871
f 35 37 3871
f 5413 4560 3873
f 3872 4559 5416
f 5417 1524 3862
f 3908 5418 3107
f 1526 1525 933
f 4613 2204 2203
f 4653 5416 5413
f 4058 3196 4768
f 557 556 289
f 1577 4607 1578
f 5186 3025 3860
f 5419 3206 5186
f 5420 3863 2353
f 5138 5420 2353
f 934 5135 5162
f 934 933 5135
f 920 3700 921
f 920 3007 3700
f 2221 2211 173
f 2221 2220 2211
f 3866 921 4553
f 919 921 3866
f 3869 2064 948
f 3869 948 2220
f 840 920 2207
f 2207 920 919
f 4646 5421 4644
f 5141 3034 5422
f 5142 1550 5423
f 5142 5423 5146
f 2198 1639 2264
f 2197 1639 2198
f 3030 4625 1524
f 4632 3881 4563
f 3029 5424 2241
f 3029 2191 5424
f 4572 3895 4639
f 5131 5148 4647
f 5425 4610 5426
f 4610 5425 4612
f 5133 5416 4653
f 3889 5427 5151
f 4575 5147 1533
f 1550 3912 1553
f 1553 3912 1521
f 5146 5428 4585
f 4585 5428 5429
f 3059 4586 1532
f 926 2208 3036
f 2264 3877 3038
f 3877 3039 3038
f 2197 1637 1639
f 3896 3881 4632
f 3898 3039 3877
f 1638 3898 3877
f 3888 5427 3889
f 5150 541 3096
f 5151 5427 5149
f 5430 5431 5432
f 5431 5430 5433
f 4578 2213 5430
f 2035 3891 2222
f 2035 2222 542
f 2175 2177 3698
f 2176 5055 2886
f 2888 1457 5152
f 3053 2888 5152
f 3053 5152 3890
f 3890 2223 3891
f 2223 3890 5152
f 307 309 3867
f 3032 4554 172
f 309 3868 3867
f 3867 3869 4554
f 4641 1507 4572
f 4570 3104 3106
f 4593 4592 4677
f 5139 3944 3943
f 3027 3858 4629
f 4572 1507 4573
f 4556 174 4557
f 4556 172 174
f 3887 3889 5151
f 5434 4575 4586
f 4995 1580 1579
f 4995 3116 1580
f 3062 5171 3900
f 3900 5171 3901
f 3901 336 317
f 3902 3901 317
f 4063 5419 3118
f 4063 3192 5419
f 5156 5138 2352
f 4589 3118 3117
f 3107 3862 932
f 2280 934 2281
f 5435 4590 4681
f 2279 2281 5436
f 3904 3907 3905
f 1643 3905 1644
f 4065 4588 3954
f 4588 4589 3954
f 3062 5172 5171
f 5182 3060 3062
f 5160 5435 5437
f 5437 4681 5179
f 4550 5139 4678
f 5159 5438 4590
f 2281 934 5161
f 5161 934 5162
f 943 2798 3082
f 2798 4617 3082
f 1337 2249 1338
f 3075 4350 3076
f 2240 3915 3917
f 3917 3915 3073
f 3072 957 1514
f 958 3072 1514
f 3915 3880 3916
f 3916 3880 958
f 946 2193 2235
f 2235 2196 2198
f 3884 812 957
f 813 2234 2233
f 3674 823 4674
f 4376 4375 5042
f 4996 2239 4665
f 2237 2239 4996
f 4665 3933 3615
f 3921 3933 4665
f 4672 4666 3923
f 4666 4672 5439
f 4663 3076 5167
f 4667 3925 3926
f 1563 4672 3923
f 3089 4672 3090
f 4672 3089 5439
f 310 3919 311
f 3076 3919 310
f 4998 3924 3616
f 3615 4998 3616
f 5143 4619 4568
f 4545 4568 4567
f 2271 5440 3931
f 1544 3092 2256
f 5440 3106 3932
f 1564 2271 1543
f 1344 1573 2287
f 1573 1575 2287
f 3109 3946 3110
f 4668 1558 1557
f 3099 4564 5441
f 5169 4669 4668
f 5442 961 558
f 2195 5443 558
f 5444 3930 4671
f 3093 5444 3086
f 3932 3106 3939
f 3939 5445 3092
f 5444 4671 3086
f 3093 3086 2237
f 3937 51 5178
f 3063 3937 3936
f 3113 3946 3109
f 3111 3936 3112
f 568 3113 1567
f 568 3111 3113
f 2273 5174 5163
f 5446 4602 4600
f 1559 5447 5144
f 4570 3106 5440
f 3101 2269 1564
f 3101 2270 2269
f 4592 4595 4569
f 52 5175 53
f 53 5175 5448
f 2273 5449 5174
f 4623 2191 3029
f 2231 1578 2232
f 5176 4597 4596
f 1558 5176 1559
f 337 52 51
f 2274 52 337
f 5180 3122 3061
f 3122 5180 3120
f 5180 3193 3120
f 1567 3109 3087
f 1568 1572 3103
f 2805 3625 5344
f 5344 3627 2282
f 3951 5158 5160
f 5435 4681 5437
f 4654 1591 4685
f 1644 3905 4686
f 3951 5160 4684
f 4684 4071 4070
f 1014 969 3226
f 969 974 3226
f 5450 1654 4073
f 5450 4073 974
f 2378 2388 4069
f 4069 2388 2387
f 618 617 2436
f 2437 2386 2438
f 5154 1652 3959
f 1653 1652 5154
f 1999 4070 2790
f 2790 4070 4072
f 2767 4693 4081
f 1617 3176 3177
f 3183 3181 1940
f 4694 2338 2731
f 3181 5292 2337
f 2338 3590 3559
f 3014 2183 4769
f 3015 3014 5137
f 4053 4054 547
f 4053 547 3022
f 3023 549 1535
f 3024 3023 1535
f 4774 3010 4054
f 5451 594 5452
f 4768 3196 556
f 4768 556 555
f 1496 2358 2357
f 3203 5184 3204
f 5 2366 6
f 4 6 1508
f 1495 4064 1008
f 4064 1667 1008
f 4767 4058 4768
f 2369 3203 3202
f 4546 3198 4765
f 4546 4765 4547
f 4547 5185 3197
f 3196 4547 3197
f 5453 5188 5454
f 5453 5454 5455
f 2372 5187 2373
f 1666 4776 1667
f 1162 1164 3205
f 4772 1668 4062
f 593 3234 2372
f 4075 5456 3234
f 4777 3199 3198
f 594 2373 5453
f 3200 3199 4060
f 3200 4060 2181
f 4067 4779 4061
f 4061 4780 2355
f 4782 3213 1676
f 4782 1876 3213
f 5457 2379 2380
f 2291 2399 5458
f 1662 1654 5450
f 1662 5450 974
f 4073 1655 971
f 1655 972 971
f 569 571 4587
f 4587 571 3953
f 4074 1647 3230
f 4074 3230 1047
f 3223 2374 4779
f 4779 4781 4780
f 3233 4075 3234
f 5192 593 592
f 2404 5459 5460
f 5459 2404 5461
f 2404 5462 5463
f 5462 2404 5196
f 2404 5463 5461
f 1699 5460 1701
f 5460 1699 2404
f 4080 3274 2403
f 4080 2403 1699
f 2403 2418 2417
f 4097 2418 2403
f 2404 4078 2421
f 2404 2417 4078
f 2459 1686 1688
f 1634 5464 4085
f 1636 5464 1634
f 5464 1636 5465
f 5465 1636 5198
f 1635 4086 1636
f 4961 5200 4308
f 4961 4308 3541
f 4302 5200 4961
f 2737 4961 625
f 2455 3248 4792
f 3248 358 4792
f 5200 1695 4287
f 1693 1695 5200
f 2778 991 2776
f 2778 980 991
f 2451 1068 630
f 2451 630 1069
f 3211 1726 1725
f 4794 363 1726
f 2370 4798 99
f 2441 2370 98
f 609 608 1704
f 608 2449 1704
f 1719 1036 1720
f 1720 1036 1714
f 2298 3599 4332
f 3599 2298 2299
f 4332 3599 315
f 1034 3600 2434
f 4795 3600 1034
f 320 4797 5203
f 320 5203 4793
f 4096 422 4798
f 3264 4096 4798
f 1691 4087 2447
f 4087 1736 2447
f 360 359 5204
f 359 3340 5204
f 4844 5466 3347
f 4104 4138 4136
f 4138 4104 3435
f 3494 4210 4799
f 5467 2477 2544
f 4808 1826 4119
f 2645 3292 5210
f 781 780 3447
f 1926 3283 1749
f 4105 1749 1928
f 1927 4105 1928
f 5468 3441 5469
f 5245 4148 5235
f 2482 4112 2483
f 4112 2482 5470
f 5470 4111 4112
f 5471 2476 2475
f 4805 3301 1758
f 3301 4805 5246
f 3296 5213 2483
f 1796 5226 5227
f 1230 2662 1231
f 4113 2662 1230
f 2662 4113 3432
f 1795 5472 1796
f 4799 4210 4139
f 3494 4841 4210
f 5473 5268 4857
f 4879 5235 4880
f 1833 1915 4821
f 5474 1756 1905
f 5228 5222 2486
f 5267 3288 3290
f 3288 5267 4851
f 2475 2477 5467
f 1261 4830 1262
f 4144 3420 5232
f 3436 3438 5208
f 3351 4174 4859
f 4126 1791 1793
f 5475 2544 5247
f 4815 4817 4816
f 4215 5224 4813
f 4813 5224 4814
f 3305 2734 3530
f 3532 4165 4164
f 3523 4297 1116
f 1117 1116 4135
f 3522 3523 1116
f 3353 3522 1116
f 5476 1764 3273
f 2736 4946 4825
f 3310 4296 3523
f 3310 4825 4296
f 4946 1764 3330
f 4825 4946 4826
f 5477 2489 5238
f 5477 662 661
f 662 5477 5238
f 3273 1764 4946
f 3271 3273 2736
f 3312 4829 5478
f 2545 3312 5478
f 2476 4143 4827
f 4142 663 4143
f 3312 5239 4829
f 5239 3306 4829
f 4146 207 4147
f 207 209 4147
f 5472 5479 5226
f 4148 4147 5235
f 4799 4139 4141
f 5480 4118 4120
f 3324 4153 208
f 208 4153 209
f 5211 1909 3322
f 5212 5211 5481
f 1908 4198 5243
f 4198 3372 5243
f 4161 2572 1143
f 2572 4161 3364
f 2495 2530 1150
f 1150 2530 2532
f 4150 516 4151
f 4151 516 1128
f 4835 258 2500
f 5237 5242 3320
f 3327 5482 213
f 5482 1148 213
f 4835 2500 3376
f 258 2498 2499
f 2586 3327 5236
f 663 2586 5236
f 3321 3320 5239
f 5237 3327 5242
f 1908 3326 4198
f 2589 3326 1908
f 3335 2505 3336
f 2505 2624 3336
f 2511 2509 3332
f 2508 621 2505
f 1202 4157 3337
f 4157 1202 4837
f 4837 1202 2443
f 1096 4160 1097
f 1096 2571 4160
f 2587 4838 1824
f 2587 683 4838
f 1825 3344 1100
f 1824 3344 1825
f 4170 4857 2484
f 4824 5229 3304
f 5230 5233 2735
f 114 116 5483
f 4168 5484 2542
f 5485 5481 5215
f 4168 4882 5484
f 1879 138 261
f 1879 136 138
f 3405 4845 3406
f 4845 3405 4846
f 3401 3402 4850
f 3405 136 4846
f 2646 4842 3494
f 2646 2645 4842
f 1795 5479 5472
f 5486 4818 4819
f 4856 1758 1757
f 1758 4856 4804
f 1121 3298 2541
f 1120 3298 1121
f 1121 2543 4172
f 2541 2543 1121
f 1114 1113 4862
f 4862 1113 2553
f 5303 4822 5304
f 2534 5250 2535
f 5250 5251 2535
f 4817 4123 4816
f 4816 4123 2537
f 4860 2533 4861
f 4863 4860 4861
f 4316 4320 4864
f 4321 4320 4316
f 4173 3358 633
f 3358 4181 633
f 440 4180 4319
f 2548 440 4319
f 15 1121 5249
f 5249 1121 4179
f 2644 1882 3711
f 2556 1882 2554
f 3711 1882 2556
f 1233 2556 1234
f 1234 4871 2564
f 3490 5487 3355
f 1140 388 385
f 388 1140 1139
f 2578 1157 4192
f 43 2578 4192
f 1082 4195 2582
f 4195 1479 5259
f 4193 3368 4195
f 4192 4193 4195
f 1479 1478 1144
f 2582 4195 5259
f 3372 3373 1828
f 1908 5243 3323
f 5243 1828 4834
f 3324 5243 4834
f 3370 2474 2590
f 3384 2474 3370
f 1379 1177 1380
f 1177 1836 1380
f 4200 1177 1379
f 3391 4200 1379
f 711 3391 2613
f 711 1843 3391
f 4204 4202 122
f 4204 122 2628
f 120 1837 121
f 1837 3390 121
f 1381 1380 1837
f 1381 1837 4202
f 232 715 1850
f 232 2153 715
f 3367 1856 1208
f 1205 1206 743
f 3392 2613 4201
f 2613 4202 4201
f 3444 3377 4216
f 3445 3444 4216
f 5217 3445 3437
f 3441 5217 3437
f 3377 2595 4885
f 4885 2595 4197
f 4225 3701 5378
f 4440 659 757
f 2668 2669 2071
f 3453 3454 4224
f 4448 4446 5062
f 4443 2898 4922
f 4230 4922 4231
f 2669 1289 1275
f 2669 1275 3453
f 4480 5097 4236
f 2070 2072 4236
f 5271 4889 3765
f 3462 5271 3765
f 797 2117 798
f 798 3449 799
f 817 819 2015
f 2015 819 4890
f 4246 2020 3474
f 4238 3635 4239
f 3519 1288 1286
f 1288 3519 3509
f 4354 4247 3633
f 3633 4247 3634
f 462 447 449
f 464 447 462
f 3472 3466 3473
f 3466 3468 3473
f 3474 4238 3466
f 3472 3474 3466
f 4892 821 820
f 4892 3476 821
f 3479 3478 5387
f 2927 2926 2902
f 794 3480 4275
f 3480 3482 4275
f 2703 3738 2704
f 3658 3766 3656
f 3766 3658 2904
f 4469 4468 5488
f 4468 3714 3713
f 5489 3715 2095
f 5273 3483 2089
f 3657 3656 4893
f 3656 4467 4893
f 3505 3487 2086
f 4255 3487 3486
f 3487 4255 4894
f 2836 2835 835
f 835 2835 833
f 2899 5256 5274
f 5274 5256 1232
f 5067 5274 5068
f 3710 5274 1232
f 3490 1234 5487
f 5275 3490 3492
f 5275 3492 1970
f 776 5275 1970
f 3729 2745 3498
f 3498 775 3729
f 5287 1799 4918
f 5285 4920 4919
f 5285 5490 4920
f 5490 5285 5286
f 1972 1974 4191
f 1971 1970 4190
f 1970 1972 4190
f 3493 2633 1973
f 3493 1973 1972
f 5277 5491 5492
f 5072 4899 4257
f 2717 3502 3179
f 3179 3502 4265
f 5292 2333 2337
f 3181 5293 5292
f 5293 2332 5292
f 4264 666 5293
f 4924 3178 3180
f 4924 3180 1976
f 4895 4270 2718
f 4270 4895 2918
f 5294 94 3507
f 3736 5294 3507
f 3511 3736 3507
f 3512 3511 3506
f 3518 459 461
f 3518 4245 459
f 2696 2698 436
f 436 4278 4051
f 801 782 1313
f 782 1311 1313
f 783 4891 784
f 784 4891 1311
f 2017 2016 278
f 278 2016 279
f 3510 4242 4240
f 4242 2690 4240
f 437 2765 1294
f 1294 435 437
f 4930 3184 2764
f 4051 4930 2764
f 2729 1938 4694
f 2729 4694 3184
f 1085 1087 4305
f 4285 1085 4962
f 1086 1133 4282
f 1133 1134 4282
f 4963 4283 5493
f 3551 357 3538
f 3549 3551 3538
f 3551 355 357
f 3550 355 3551
f 4935 5302 1614
f 5494 4935 4934
f 5301 4934 3550
f 5494 4934 5301
f 1615 4932 5295
f 356 5312 4937
f 4940 1811 5495
f 4943 1135 1770
f 5495 1811 5307
f 4940 5495 4292
f 3338 4943 2519
f 4942 1135 4943
f 4158 2517 2516
f 2520 4158 2516
f 3339 2519 2518
f 4943 1770 2519
f 339 4944 4159
f 5496 4944 339
f 5201 340 4791
f 3247 5201 4791
f 5496 4945 4944
f 3535 5497 5498
f 5499 4298 2525
f 2525 2527 3528
f 1694 4959 1695
f 3343 2525 3528
f 4836 4154 4295
f 4947 4836 4295
f 5500 5308 5306
f 4135 5500 5306
f 4290 4292 4298
f 5305 4298 3342
f 3330 1766 4836
f 4826 4836 4947
f 1615 4931 4932
f 4822 4823 5304
f 5310 3528 3529
f 5501 3526 4300
f 4939 1075 111
f 4939 111 110
f 2551 2550 5502
f 3536 2549 4822
f 5503 5494 5493
f 5494 5503 5504
f 1134 370 5299
f 2535 5251 368
f 368 2536 369
f 5505 5313 5303
f 4167 5300 5297
f 5300 4167 5505
f 4304 4303 4301
f 4304 4301 4289
f 356 4937 4303
f 5312 110 4937
f 4962 4305 4279
f 4306 4963 5315
f 1087 4963 4305
f 4305 4963 4306
f 4975 4861 2744
f 4975 2744 4313
f 4974 4863 4975
f 4964 4975 4313
f 3499 4318 4260
f 4317 4318 3499
f 2337 5506 3591
f 2337 2333 5506
f 4329 783 782
f 801 4329 782
f 4248 4249 4891
f 783 4248 4891
f 3597 343 4992
f 343 1996 4992
f 2792 4993 573
f 573 4993 3603
f 1033 1035 2791
f 1035 2434 3602
f 2434 3958 3602
f 3602 3958 2792
f 3959 3902 3115
f 3115 3902 3116
f 5345 4997 5507
f 2005 4997 5345
f 3626 3624 3627
f 3624 465 3627
f 4338 4337 4344
f 3609 4336 3618
f 2818 3617 2819
f 2818 5345 3617
f 815 1333 816
f 815 2018 1333
f 4338 4344 814
f 4344 4337 2018
f 5165 3614 1351
f 5165 1351 2018
f 4665 3615 4348
f 4348 3615 3614
f 4340 2283 2818
f 4340 2818 444
f 2801 4343 807
f 2801 2800 4343
f 5346 816 3619
f 2800 5346 3619
f 4664 4663 5167
f 4347 3927 4664
f 1351 4661 4345
f 4667 3926 4662
f 1351 4345 1352
f 311 4659 312
f 4396 5039 2245
f 2267 5508 5015
f 1349 4396 2245
f 5008 5009 2807
f 2810 2687 5008
f 3947 2805 964
f 3640 3641 963
f 4360 5181 5509
f 3948 4359 3949
f 3114 89 5348
f 89 91 5348
f 2813 3632 4362
f 2813 4362 454
f 2011 2020 4246
f 448 2011 4246
f 3629 456 2022
f 2022 456 2003
f 5510 1356 143
f 2003 5510 143
f 3638 4368 3645
f 4388 4368 3638
f 144 4387 3660
f 4387 3638 3660
f 1358 4366 4368
f 1358 4368 4388
f 831 2002 5007
f 5349 5511 5352
f 5012 3623 831
f 5349 5352 4351
f 3620 3623 5511
f 4341 445 2799
f 4341 2799 4342
f 3631 5014 2024
f 3631 4342 5014
f 3662 2826 1945
f 2824 2826 3662
f 4335 4334 469
f 5512 1516 5513
f 1516 1518 5513
f 4334 1516 5016
f 469 5016 5512
f 5016 1516 5512
f 4368 5351 3645
f 4379 5021 264
f 5021 4379 3646
f 5013 5010 5353
f 5013 5007 5010
f 4370 2042 4371
f 4369 5350 5351
f 5350 4369 4371
f 3737 2903 5354
f 3653 5354 3658
f 2078 3653 2829
f 2829 3653 3652
f 264 266 4378
f 4378 266 3644
f 5048 4412 5047
f 2916 5088 4414
f 3647 3646 4379
f 4371 2042 5350
f 5350 2042 2824
f 3637 3639 2831
f 2831 3639 2832
f 4364 3634 4365
f 3634 142 4365
f 1520 2604 5407
f 1520 5407 55
f 2163 154 4393
f 154 528 4393
f 3005 5410 5025
f 3005 2174 5410
f 5411 3834 3827
f 3000 2055 3664
f 5116 3824 2845
f 2993 2845 2844
f 2149 1408 3668
f 3668 1408 1410
f 4518 4515 854
f 854 4515 3669
f 2994 2993 2996
f 1410 2993 2992
f 2993 1410 5026
f 1393 4428 5514
f 5033 5355 4428
f 2869 2849 2870
f 2870 2849 2851
f 1413 1412 3682
f 2978 1411 2045
f 5356 5053 5377
f 5515 5033 5376
f 3672 5516 2862
f 3672 5030 5516
f 2048 5357 5030
f 5054 5053 5356
f 2846 5029 2847
f 5356 5377 5357
f 5029 1392 1411
f 1392 1394 1411
f 5516 5358 2862
f 5358 2846 2848
f 5359 858 952
f 2843 858 5359
f 4581 4436 2036
f 4580 4581 4437
f 3683 5053 5054
f 1378 952 2855
f 147 146 5360
f 147 5360 4404
f 2815 5037 2816
f 5513 1518 5038
f 3648 3650 5517
f 5038 5517 5518
f 146 5034 5045
f 4403 145 147
f 5168 3076 310
f 310 312 5362
f 311 3611 5164
f 5519 5520 4407
f 5371 4409 5521
f 1540 1556 5522
f 4410 2243 2242
f 4409 3621 2243
f 2243 2858 2244
f 2858 2861 2244
f 4395 2822 5027
f 5521 4409 4410
f 5027 5371 5521
f 5028 5027 5521
f 5522 2242 2244
f 4374 5523 4375
f 5168 310 5362
f 5361 5362 5524
f 1556 5521 4410
f 5005 5519 5525
f 5526 3676 5048
f 5526 5048 5047
f 5527 2921 2920
f 1365 5527 2920
f 4425 546 2090
f 4415 3678 2854
f 3678 544 2854
f 3681 3740 545
f 4421 2859 3740
f 3740 2859 1373
f 3678 3680 544
f 3680 3681 544
f 4384 3677 5526
f 3677 3676 5526
f 936 3675 5046
f 3651 5019 552
f 1404 4419 4418
f 1402 1404 4418
f 4412 2921 5527
f 1365 4412 5527
f 1396 3821 5374
f 3387 5528 1396
f 1396 2171 1397
f 1396 5374 2171
f 5050 2050 909
f 5050 2051 2050
f 473 3822 2052
f 3822 473 2987
f 2051 473 2052
f 477 4397 5051
f 5051 4397 4435
f 2038 2037 5052
f 5052 5515 5053
f 2039 5529 856
f 2039 2838 5529
f 5290 1901 5270
f 3451 5290 5270
f 5382 3731 4452
f 5382 4452 4451
f 4462 4449 3730
f 4449 5062 3730
f 4888 4229 4444
f 4448 5062 4449
f 5062 3450 5063
f 3730 5062 5064
f 5099 2679 5081
f 5066 4462 4461
f 5078 5530 5066
f 5531 4448 4447
f 5066 5531 4447
f 4254 3717 3719
f 3717 4254 5397
f 5096 3455 433
f 4254 434 5532
f 5072 4897 4899
f 1951 4898 776
f 768 770 5070
f 5071 770 4897
f 3722 5391 4457
f 3726 3730 3727
f 5492 4456 4459
f 5085 5084 5086
f 4465 4458 3733
f 5073 3733 3732
f 5533 5389 5534
f 5386 5390 5388
f 5383 2715 3178
f 1292 5383 3178
f 1291 3732 5383
f 1291 5383 1292
f 4250 1298 1300
f 1298 4464 1299
f 5387 5389 5533
f 5533 5534 4458
f 5098 5380 5095
f 5075 4455 4454
f 5083 5076 5084
f 5388 5086 5389
f 787 2075 2926
f 2075 2074 2926
f 2926 3478 3477
f 5076 4457 5084
f 5095 5380 4455
f 4455 3721 3720
f 2925 2680 2679
f 2679 2681 5082
f 4237 4887 2084
f 2084 4227 4229
f 4229 4231 4444
f 5392 4448 5531
f 4448 5392 4888
f 1350 552 554
f 3655 552 1350
f 2082 3739 2081
f 2046 3739 2082
f 1404 2090 4419
f 2090 3749 4419
f 2921 1377 2922
f 4413 1377 2921
f 3792 4475 4499
f 4475 3792 3791
f 4474 2953 301
f 4474 301 300
f 5044 3744 1415
f 3744 5044 1364
f 1364 3742 3744
f 3742 1364 1366
f 2850 498 2866
f 2866 498 3813
f 5396 2923 3724
f 3760 5396 3724
f 2892 2894 5532
f 3456 2933 5396
f 3455 3457 2893
f 1932 4484 1933
f 4484 1405 1933
f 5380 4460 4455
f 5098 5379 5380
f 5074 5095 5075
f 5535 5098 4274
f 4273 5535 4274
f 3759 5397 4273
f 3776 4481 2682
f 3776 2682 3773
f 5101 2960 2959
f 5101 5100 2960
f 2960 2956 3763
f 5100 2956 2960
f 3463 2113 3464
f 2113 4233 3464
f 5111 2676 1925
f 2963 1925 1924
f 5090 4478 2699
f 5090 2699 4895
f 2089 3484 2701
f 2096 4484 5093
f 3484 2095 2097
f 2097 2096 5093
f 2914 2938 4485
f 4485 2938 3771
f 2966 1435 3803
f 1435 19 3803
f 5103 5399 1419
f 4492 4493 5103
f 4488 5103 1419
f 5103 4493 5399
f 2099 3786 5536
f 3786 3785 5536
f 3775 4494 3776
f 2106 3780 4481
f 4493 5102 2105
f 5102 3789 2105
f 5398 4495 4500
f 3785 3794 5537
f 5538 5400 5106
f 3790 5105 5107
f 1266 5401 1267
f 5400 5403 2945
f 1446 2135 5539
f 5401 2135 3819
f 1266 1446 5539
f 2949 1446 1266
f 2951 3809 4497
f 1424 5540 1425
f 2123 3804 2124
f 2124 3804 3798
f 2599 252 2597
f 252 2599 255
f 254 2597 252
f 3788 2138 2107
f 2107 2138 2108
f 2948 2947 1433
f 2102 2948 1433
f 5119 5117 4516
f 4516 5117 4514
f 5024 4528 4389
f 5408 2067 3694
f 1489 1491 3048
f 1490 3694 1491
f 3697 4528 5408
f 3697 5408 3694
f 475 1371 476
f 1372 1371 475
f 270 2127 2965
f 2597 5541 2600
f 5409 2597 4520
f 2597 5409 5541
f 5411 3827 3826
f 2174 2173 5410
f 3827 3842 5023
f 2065 3827 2066
f 3842 3387 5023
f 5023 3387 3831
f 5022 1396 1395
f 3831 5022 1395
f 5406 1395 5117
f 4517 5119 4516
f 950 2218 2214
f 950 2187 2218
f 5140 4523 4522
f 2063 5140 4522
f 293 3847 4552
f 4552 3847 3699
f 3845 5125 2167
f 2167 5125 3696
f 2872 1520 1519
f 2872 1504 1520
f 4521 3005 3844
f 3844 3005 5024
f 4390 4521 3843
f 3843 4521 3844
f 3846 5412 4390
f 55 5407 2603
f 1498 54 4530
f 1498 2837 54
f 1511 2184 3016
f 2186 2837 5126
f 1499 4530 4529
f 1497 1499 4529
f 3848 3846 293
f 292 3848 293
f 4531 292 3851
f 4533 4531 3851
f 3871 927 839
f 3871 37 927
f 3021 2028 4536
f 4538 4536 3853
f 3021 5127 2028
f 5127 1497 2028
f 3850 2217 3021
f 3850 2216 2217
f 1524 4624 1525
f 4541 1529 4561
f 4652 5413 5414
f 3858 3859 4544
f 4056 4541 4540
f 4056 1527 4541
f 5449 4608 4606
f 2232 1578 5443
f 5133 3872 5416
f 5542 4616 4615
f 3878 4535 5132
f 3862 1526 933
f 3862 1524 1526
f 5418 2354 5417
f 2354 1524 5417
f 2352 2354 5418
f 5419 3192 3206
f 3864 4628 5134
f 5543 959 961
f 4568 4623 3029
f 2231 1576 1578
f 3043 5129 3194
f 3194 5129 3195
f 557 289 2201
f 555 557 2201
f 5157 5156 2352
f 3118 5419 5156
f 3863 5186 3860
f 5419 5186 5420
f 5175 4605 4604
f 5162 5135 5544
f 4554 3869 2219
f 3869 2220 2219
f 309 3035 3868
f 3035 2064 3868
f 5422 3034 923
f 922 5422 923
f 299 5146 4585
f 298 5146 299
f 5145 4596 4594
f 1506 1507 4641
f 4631 3885 298
f 3043 3194 3044
f 5424 2191 2193
f 5424 2193 2241
f 3864 4052 4628
f 5445 5545 3930
f 4565 4591 4593
f 4630 298 297
f 5176 4598 4597
f 1550 1553 5423
f 5423 1553 4673
f 2210 2205 1549
f 1549 2205 1550
f 3036 2208 3882
f 3037 3036 3881
f 4574 3887 5434
f 1561 3887 1562
f 5416 4559 4560
f 5427 5150 5149
f 5427 2033 5150
f 2213 5433 5430
f 4575 5149 5147
f 5147 5150 3096
f 4524 3049 2188
f 4524 3047 3049
f 4573 3894 3895
f 1507 3894 4573
f 4638 3895 3031
f 4632 4563 4631
f 4653 5413 4652
f 933 4622 5135
f 3055 3888 4577
f 3888 3055 4578
f 4557 1561 1560
f 1561 4557 3054
f 3059 5434 4586
f 4574 5434 3059
f 4577 3888 3887
f 1561 4577 3887
f 1581 568 3130
f 1579 1581 3130
f 6 2366 1508
f 1508 2366 1641
f 4589 3906 3118
f 1010 3906 4589
f 5420 5186 3863
f 3118 5156 3119
f 3119 5157 3908
f 3907 3119 3908
f 4590 5546 4549
f 3908 3107 3909
f 3903 3954 3904
f 4686 5547 5155
f 3117 3119 3904
f 3904 3119 3907
f 3062 3061 5172
f 3061 3938 5172
f 4072 4071 5548
f 5548 3060 5182
f 3060 5548 5549
f 4681 4551 3193
f 4681 3193 5179
f 5143 4568 4545
f 3082 5143 4545
f 1337 3917 2249
f 1337 2240 3917
f 2193 4626 2196
f 2196 4626 2197
f 5428 4673 2234
f 4585 5429 3884
f 3077 2248 3078
f 3078 3674 4674
f 5439 3089 3925
f 5439 3925 4666
f 4666 4667 3928
f 929 931 4349
f 3083 1336 5166
f 3074 3926 3075
f 3926 2797 3075
f 4350 5166 3920
f 5166 3918 3920
f 3616 4661 1351
f 3614 3616 1351
f 3931 3092 1544
f 1543 3931 1544
f 1565 4352 3626
f 1565 1564 4352
f 1574 5173 1575
f 3110 1557 4680
f 966 3101 1564
f 5173 5144 4564
f 2232 5443 4671
f 3930 2232 4671
f 5443 5442 558
f 1578 5543 5443
f 4671 2195 2238
f 4671 5443 2195
f 3939 5545 5445
f 4571 5545 3939
f 3092 5445 3940
f 5445 3930 3940
f 4669 4679 4670
f 3936 5178 5169
f 4548 5426 3910
f 5426 4548 5425
f 3910 5426 2273
f 5440 3932 3931
f 5544 4618 5542
f 3100 2270 3101
f 3100 4677 2270
f 5144 5447 5145
f 5446 4604 4602
f 4638 3031 4558
f 4638 4558 4583
f 5162 5544 5542
f 3945 3944 5550
f 5542 4615 3944
f 5175 4606 4605
f 4626 3883 2197
f 5551 4635 4633
f 4635 5551 1534
f 5163 5174 52
f 2274 5163 52
f 53 5448 5446
f 5178 5177 5169
f 51 5177 5178
f 5437 5180 5549
f 5437 5179 5180
f 1568 3087 1572
f 1568 1567 3087
f 1530 1643 1591
f 1530 3953 1643
f 5160 5437 4071
f 4684 5160 4071
f 4783 4655 3951
f 4783 4654 4655
f 4687 5155 5438
f 4656 5159 5158
f 2436 617 2386
f 2436 2386 2437
f 2767 1617 4693
f 1617 3177 4693
f 4769 3024 5137
f 3024 4769 3022
f 4775 4054 2363
f 4054 4775 4774
f 2359 4059 4058
f 2359 1009 4059
f 5552 5184 3203
f 1642 5553 5552
f 5129 5183 4766
f 5136 5183 5129
f 2358 1007 2359
f 1495 1007 2358
f 4059 1009 4547
f 4059 4547 3196
f 3197 4770 3013
f 3197 3013 3040
f 4771 4062 2194
f 4062 912 2194
f 4780 5191 3218
f 5191 592 3218
f 1648 4776 4778
f 1667 4776 1648
f 1669 2391 913
f 912 1669 913
f 5189 3205 1668
f 5456 5189 5187
f 5189 5456 1162
f 4075 2394 5456
f 2376 3233 593
f 2394 1162 5456
f 1162 2394 2393
f 5189 1162 3205
f 2373 5187 5188
f 5451 5452 3199
f 1004 2380 1005
f 5458 5457 1016
f 5457 2380 1004
f 2291 5458 1016
f 2376 593 5192
f 5191 2376 5192
f 4098 1045 2419
f 2418 4098 2419
f 4977 1635 1634
f 2769 2766 1635
f 4086 4082 259
f 259 4082 17
f 4961 3541 1744
f 626 4961 1744
f 320 4794 3211
f 3211 4794 1726
f 364 98 3214
f 2441 98 364
f 314 4332 315
f 3264 3263 4096
f 3263 2444 4096
f 1756 1755 771
f 7 5554 5555
f 773 772 4820
f 4881 4855 1757
f 4857 2485 2484
f 1754 1833 1755
f 4210 5556 5557
f 5245 4146 4148
f 780 1926 3447
f 780 1924 1926
f 5558 4851 5559
f 1906 773 4820
f 1906 4820 5211
f 2661 3441 5468
f 1231 2661 5468
f 1260 1262 3420
f 5225 4121 4817
f 1756 773 1905
f 1756 771 773
f 5560 5473 4857
f 4141 4140 5561
f 4859 1794 1792
f 4817 4121 4123
f 5212 5481 5485
f 5215 5481 4146
f 2463 114 5483
f 5562 3421 4144
f 2477 3312 2545
f 2545 5478 1261
f 3420 1262 5232
f 2546 1260 3420
f 116 4138 5563
f 4126 4122 1791
f 5469 3441 3436
f 3441 3437 3436
f 2534 4858 5250
f 2553 4858 2534
f 3532 3531 5231
f 3531 4135 5231
f 4955 3525 3524
f 4956 3305 3530
f 1304 3310 3522
f 1304 3522 3353
f 2489 4145 5238
f 4880 4832 5477
f 4832 2489 5477
f 2736 4825 3310
f 1303 2736 3310
f 1262 3272 3271
f 3308 4835 1765
f 73 4143 5564
f 5471 73 5564
f 4144 4808 4118
f 4138 3435 5563
f 5565 1231 5566
f 5245 5235 5567
f 1760 4119 1761
f 4819 1833 1754
f 5211 3322 5481
f 5481 3322 4146
f 2530 3314 4149
f 3314 1810 4149
f 3316 1149 1148
f 1149 3316 1152
f 2531 4151 4161
f 4151 1128 3364
f 398 1148 5482
f 1148 398 3316
f 1765 4835 3376
f 1765 3376 1766
f 3307 4835 3308
f 5476 5568 1764
f 663 5237 3319
f 3319 5237 3320
f 2505 1209 2624
f 3336 2624 3337
f 1775 3336 2503
f 3335 3336 1775
f 1796 5227 4127
f 5569 4174 3351
f 1302 1304 5233
f 5233 1304 3352
f 5570 4824 3303
f 4127 5244 4128
f 4130 5560 4857
f 4124 5569 3351
f 3349 4862 2552
f 4862 2553 2552
f 4858 4815 5251
f 5251 4815 2536
f 3350 3349 4860
f 3350 4860 4863
f 4320 4319 4175
f 4320 4175 4864
f 5256 3711 1233
f 2901 3711 5256
f 5258 9 3356
f 9 5571 10
f 9 5258 5571
f 5257 12 14
f 3492 3355 3493
f 3489 1234 3490
f 1232 1234 3489
f 5259 1479 1144
f 5259 1144 3369
f 743 3367 3366
f 743 1206 3367
f 3437 4884 3438
f 3437 3445 4884
f 5563 3435 5572
f 5573 1758 3302
f 1259 5219 1257
f 5219 1259 5217
f 5217 1259 3445
f 1276 3431 4442
f 4442 3431 2891
f 4227 5378 4228
f 4226 4225 5378
f 2071 3453 2072
f 2072 3453 4224
f 3454 1275 1276
f 3454 1276 4224
f 4922 5290 3451
f 5290 4922 3495
f 4229 4228 4230
f 4228 4441 4230
f 3765 3752 3753
f 3765 4889 3752
f 2071 2669 3453
f 4889 799 2668
f 799 3458 2669
f 3458 1289 2669
f 3461 797 5271
f 5271 797 4889
f 4891 3509 3469
f 3470 3509 3519
f 3509 3470 3469
f 2686 3633 3635
f 2686 4354 3633
f 5272 3635 3474
f 2020 5272 3474
f 821 4358 5008
f 821 5008 2692
f 5384 5574 4464
f 3481 5384 3482
f 3481 5575 5384
f 2695 5575 3481
f 4466 5273 2705
f 3766 2704 4466
f 4252 4893 4255
f 3657 4893 4252
f 5354 2903 3658
f 3658 2903 2904
f 3713 3715 5488
f 4468 3713 5488
f 4466 2704 5273
f 2704 4469 5273
f 4467 2705 4893
f 4893 2706 4894
f 3709 3488 5576
f 4897 3709 5576
f 4191 5285 4919
f 1974 5285 4191
f 4263 4257 5276
f 4257 775 5276
f 3182 4265 5293
f 3182 5293 3183
f 3736 2919 5294
f 2919 92 5294
f 4271 3511 1284
f 4271 3735 3511
f 4278 4276 3515
f 4278 3515 4051
f 4284 1085 4285
f 4312 4284 3543
f 3520 2743 1133
f 3520 1133 1086
f 4282 4283 1087
f 1086 4282 1087
f 4963 5493 5315
f 5493 5301 5315
f 5301 5493 5494
f 5296 5311 356
f 355 5296 356
f 5577 3527 1615
f 4823 5578 3527
f 5299 5504 5503
f 5504 5299 5298
f 4948 4290 5305
f 4948 4295 4290
f 4291 4940 4292
f 4291 1099 4940
f 5307 655 4942
f 4292 4941 4294
f 5579 3339 4945
f 3529 2527 3339
f 2519 1771 4158
f 2519 4158 2520
f 4944 3339 2518
f 4944 2518 2520
f 5580 5496 5202
f 4288 5201 3247
f 4960 5581 5201
f 4958 4957 5582
f 5202 5496 338
f 338 5496 339
f 110 112 4958
f 111 4957 112
f 3342 4298 5499
f 4298 2526 2525
f 4166 5306 3341
f 5306 3342 3341
f 4294 4943 2527
f 2526 4294 2527
f 1766 3331 4836
f 3331 658 4836
f 5231 4135 4165
f 4165 4135 5306
f 4950 4948 5305
f 4950 5305 3342
f 4938 1075 4939
f 4932 4939 5311
f 3525 3532 3526
f 1075 5583 5501
f 2550 4128 5502
f 4809 3305 4952
f 5505 1793 5313
f 370 5297 5299
f 1134 5299 5503
f 5313 3536 5303
f 370 4167 5297
f 369 4167 370
f 5311 4939 5312
f 5312 4939 110
f 5315 3549 3540
f 3549 5315 5301
f 4281 1962 3521
f 4280 4311 4281
f 4279 4305 4311
f 4311 4305 4307
f 4865 4175 4974
f 4175 4863 4974
f 4260 4322 4976
f 4318 4322 4260
f 5506 2333 2773
f 5506 2773 3591
f 1354 3593 783
f 1354 3471 3593
f 3617 3609 3618
f 5507 4997 3609
f 3627 2004 2283
f 3627 465 2004
f 3618 4338 814
f 3618 4336 4338
f 3928 4667 4662
f 3927 3929 4664
f 4346 5041 4396
f 4347 4664 4346
f 4396 5041 5039
f 5039 4374 5002
f 5167 5168 5364
f 5364 5168 5361
f 2267 2245 5508
f 1347 2245 2267
f 2245 4333 5508
f 5508 4333 5015
f 5009 2689 4354
f 2807 5009 4354
f 5347 91 3640
f 5347 3640 2795
f 2805 5344 5181
f 5509 2284 4339
f 4361 4339 1326
f 4361 1326 3642
f 3949 4361 3642
f 3949 3642 97
f 5584 2795 3948
f 4363 5584 3948
f 5510 4353 1356
f 2003 4353 5510
f 143 1356 4387
f 1356 4388 4387
f 3622 5001 3623
f 3623 5001 829
f 5352 5012 5013
f 5352 5013 1357
f 5038 5018 5017
f 4386 470 2040
f 468 470 4386
f 5512 5513 2815
f 4385 4386 2040
f 5006 5015 468
f 5010 4370 4367
f 4370 5010 4385
f 5353 5010 4366
f 1357 5353 4366
f 4368 4369 5351
f 4368 4367 4369
f 266 1947 77
f 266 77 2079
f 1409 2991 5116
f 5026 5116 2845
f 5026 2845 2993
f 3667 1410 2992
f 1410 3667 3668
f 2911 2094 2912
f 5355 2851 4398
f 5031 2870 5032
f 5032 5355 5033
f 5514 1420 1412
f 5376 1393 1392
f 5516 2846 5358
f 5030 2846 5516
f 5033 4428 5376
f 5376 4428 1393
f 2855 5054 5357
f 2855 5357 2048
f 5515 5031 5033
f 5377 5376 1392
f 5377 1392 5585
f 5585 1392 5029
f 2862 4420 2863
f 2862 5358 4420
f 5359 952 846
f 4438 858 2843
f 856 5529 857
f 2838 2840 4580
f 3683 2038 5053
f 4437 2036 2038
f 146 5045 5360
f 5360 5045 4415
f 5517 3650 4403
f 5518 4403 5018
f 3649 145 3650
f 3649 4408 145
f 4401 2244 4402
f 4407 5520 3648
f 5035 1540 4411
f 5034 4402 5045
f 5164 3613 4659
f 5586 4675 1555
f 5371 5370 4409
f 5370 3621 4409
f 1541 1540 5035
f 4395 5027 4676
f 2252 3935 2823
f 2823 3935 5370
f 1539 1555 1540
f 5363 5035 2852
f 4376 5042 4334
f 4333 4376 4334
f 311 5164 4659
f 4374 5524 5523
f 5524 5003 5005
f 5525 5519 4406
f 5039 5364 5040
f 5364 5361 5040
f 2916 4414 1364
f 2916 1364 5044
f 2917 5088 2916
f 4384 5088 2917
f 1403 544 4425
f 544 546 4425
f 5526 5047 5088
f 4384 5526 5088
f 935 4405 4423
f 4405 4404 4423
f 3835 3820 3386
f 5528 3821 1396
f 3712 2900 4453
f 3731 3712 4452
f 3728 3727 5382
f 3727 3731 5382
f 3448 4888 5392
f 3448 2085 4888
f 5064 5063 3712
f 5064 3712 3731
f 4446 4445 5062
f 5062 4445 3450
f 5587 5066 4460
f 5379 5587 4460
f 5381 5531 5530
f 5531 5381 5392
f 5080 5530 5078
f 5530 5080 5381
f 3723 3725 2894
f 434 2892 5532
f 4257 4899 1951
f 4899 4898 1951
f 4898 3488 4256
f 4898 4256 776
f 5069 5070 5071
f 5070 770 5071
f 769 3709 770
f 770 3709 4897
f 4463 3726 3728
f 4463 4462 3726
f 4457 3728 4450
f 3728 4451 4450
f 4463 3728 5391
f 5391 3728 4457
f 4458 5492 4459
f 5069 5071 5278
f 5278 5071 5072
f 5492 5491 4456
f 1299 5073 3732
f 4465 3733 5073
f 5277 5278 5491
f 4458 5277 5492
f 1300 1291 4266
f 2714 1300 4266
f 5389 5277 5534
f 5534 5277 4458
f 786 4274 5074
f 4272 4274 786
f 5390 5083 5388
f 5386 4454 5390
f 5084 768 5069
f 5084 4457 768
f 4460 4463 3721
f 3721 4463 3722
f 5099 5081 5080
f 5081 2679 5082
f 2681 2680 2083
f 2681 2083 5082
f 4236 4479 4237
f 4887 5378 4227
f 5019 5046 4383
f 5020 4383 553
f 2045 5089 3739
f 2045 3682 5089
f 2933 5094 5396
f 5094 875 5396
f 5588 5099 5077
f 2894 5099 5588
f 3456 5396 3457
f 3457 5396 3760
f 5096 433 432
f 861 5096 432
f 431 5110 779
f 431 4222 5110
f 2963 5111 1925
f 4222 1268 2963
f 1268 1270 5111
f 1270 2674 5111
f 3483 5488 3484
f 3484 2097 2701
f 5093 4484 1932
f 5093 1932 861
f 1428 3774 2938
f 2938 3774 3772
f 5399 4493 3775
f 5399 3775 1428
f 5109 2102 2103
f 5109 2103 3794
f 5398 4500 2957
f 5536 3785 5537
f 4494 2106 4481
f 4494 4481 3776
f 2106 5104 2943
f 2106 2105 5104
f 2100 5537 5398
f 5537 3794 5398
f 1425 5105 2940
f 2142 5400 5538
f 5400 2945 2948
f 1265 1267 5403
f 5401 3788 3787
f 5403 3787 2946
f 5539 2135 5401
f 1266 5539 5401
f 2952 3778 3809
f 4497 3809 5540
f 3804 2597 3798
f 3798 2597 254
f 1434 4507 4491
f 2947 4507 1434
f 5120 5119 4517
f 3694 5118 3695
f 2067 2890 5118
f 5118 2890 3832
f 5125 4389 3696
f 4389 4528 3697
f 1491 3003 3002
f 3048 1491 3002
f 3844 4389 5125
f 3844 5024 4389
f 3664 2055 2173
f 2172 3664 2173
f 2055 2178 3833
f 3833 2178 3834
f 5410 2173 5411
f 2173 3834 5411
f 4525 4527 5140
f 4527 4523 5140
f 55 2603 5412
f 5412 2603 4521
f 2166 3843 3845
f 4391 3843 2166
f 2604 2172 2605
f 2605 2172 2174
f 3016 2186 5126
f 3016 5126 1497
f 4536 2028 4532
f 4536 4532 3852
f 5131 1000 5148
f 4640 3879 4642
f 4607 4609 959
f 5447 4596 5145
f 5421 3875 5141
f 5589 5422 922
f 3876 3875 5421
f 4645 5131 4647
f 1535 3857 4056
f 5132 5130 5153
f 5550 4615 4614
f 3106 4599 4571
f 5416 4560 5413
f 3944 4615 5550
f 5184 5183 5136
f 5553 2357 5183
f 4651 5133 4653
f 4631 298 4630
f 3192 3191 2368
f 5186 3201 3025
f 4639 3895 4638
f 4648 5414 3876
f 4595 3104 4569
f 4599 4601 5545
f 960 2257 3088
f 2257 960 2203
f 5415 5133 4651
f 4052 3027 4629
f 4648 3876 5421
f 5441 4566 3100
f 4564 4566 5441
f 1559 5176 5447
f 4679 4598 5590
f 4670 4679 5590
f 1548 1550 3886
f 4563 1548 3886
f 2226 926 3036
f 924 926 2226
f 925 4574 926
f 1560 1562 2229
f 3059 1532 2208
f 2208 1532 2209
f 2215 3892 5433
f 2213 2215 5433
f 5433 2034 5431
f 2034 5433 3892
f 5431 2034 2033
f 4578 5432 3888
f 5432 4578 5430
f 5427 5431 2033
f 2033 4579 5150
f 5150 4579 541
f 1533 5147 5591
f 5147 564 5591
f 3049 4439 2176
f 2176 4439 5055
f 5134 4625 3030
f 4542 4541 4562
f 3887 5151 5434
f 5434 5151 4575
f 1509 1640 3191
f 1012 1509 3191
f 3906 4063 3118
f 3906 1012 4063
f 5419 5420 5156
f 5156 5420 5138
f 3905 5592 5547
f 3905 3907 5592
f 5418 5417 3107
f 3107 5417 3862
f 5436 2281 5161
f 4687 5438 5593
f 5549 3061 3060
f 3061 5549 5180
f 1336 3070 1337
f 3070 4658 1337
f 5146 5423 5428
f 5428 5423 4673
f 2248 3674 3078
f 2248 3673 3674
f 2797 929 4349
f 931 3068 3083
f 3929 3074 4663
f 4663 3074 3076
f 2797 4349 3075
f 4350 3083 5166
f 3110 4680 1574
f 1574 5594 5173
f 5170 966 965
f 965 1575 5170
f 5545 4601 2230
f 5545 2230 3930
f 3940 5444 3093
f 3940 3930 5444
f 4682 4548 3123
f 4569 4570 2270
f 4677 4569 2270
f 2270 5440 2271
f 2270 4570 5440
f 2273 5426 5449
f 5139 5542 3944
f 5162 5542 5139
f 4649 5415 4651
f 2230 1576 2231
f 5153 5130 5595
f 3105 4599 3106
f 4571 4599 5545
f 53 5446 5177
f 51 53 5177
f 1643 3903 3905
f 3953 3903 1643
f 1644 4686 4685
f 1591 1644 4685
f 4071 5437 5548
f 5548 5437 5549
f 5160 5159 5435
f 5159 4590 5435
f 4656 4687 5593
f 4686 3905 5547
f 5455 5454 4773
f 4774 4055 3010
f 2369 1642 5552
f 2369 5552 3203
f 5183 2359 4767
f 5183 4767 4766
f 3218 5451 5190
f 3218 592 5451
f 3205 1505 1668
f 1668 1669 4062
f 4772 5189 1668
f 2373 5188 5453
f 1164 1163 3235
f 1669 1505 2391
f 1164 3235 1505
f 3235 131 1505
f 3199 5452 5455
f 592 594 5451
f 3234 5456 2372
f 2372 5456 5187
f 5188 4771 5454
f 4771 5188 4772
f 2399 2400 5458
f 1016 5457 1004
f 2374 2376 4781
f 4781 2376 5191
f 2374 2360 2375
f 2360 4785 2375
f 2375 3233 2376
f 2375 4785 3233
f 2419 1044 1620
f 2417 2419 1620
f 2769 5596 5597
f 2769 5598 5599
f 2769 5600 2770
f 2769 5597 5600
f 5596 2769 5601
f 2769 5602 5601
f 2769 5603 5602
f 2769 5599 5603
f 5598 2769 4981
f 4981 2769 4977
f 2772 2774 4988
f 2769 1635 4977
f 4129 5560 4130
f 4141 5604 137
f 1755 4821 4116
f 1755 4116 771
f 5605 2463 5606
f 5469 3436 5207
f 5232 1262 3309
f 1826 3309 1827
f 1229 1231 5607
f 2546 2545 1260
f 2545 1261 1260
f 5478 4829 4830
f 5478 4830 1261
f 4122 3351 1791
f 4122 4124 3351
f 5608 5609 2478
f 5572 3289 5610
f 3530 2734 3531
f 2734 1117 3531
f 4956 3532 3525
f 4956 3530 3532
f 4951 4809 4952
f 5611 4953 4955
f 399 5482 4132
f 5482 399 398
f 4145 4132 2586
f 4132 4145 399
f 4830 5568 5476
f 4830 3306 5568
f 4830 5476 3272
f 3272 5476 3273
f 4880 661 4828
f 661 4880 5477
f 5206 5612 5569
f 5226 5613 4129
f 1151 1143 1142
f 1143 1151 4161
f 2532 4161 1151
f 3320 5242 256
f 5242 3328 256
f 5568 3308 1764
f 3306 3308 5568
f 4143 3319 4827
f 4143 663 3319
f 5483 116 5614
f 5615 1826 1303
f 5615 1303 1302
f 5223 5233 5230
f 2486 5222 5223
f 5570 2484 4824
f 4951 4171 4809
f 4824 2486 5229
f 2486 5230 5229
f 2 3277 5554
f 4171 4170 5570
f 5472 5226 1796
f 250 5616 5617
f 5609 5248 2478
f 5567 5235 4879
f 3355 3356 9
f 3355 9 2633
f 4442 3701 4225
f 4224 4442 4225
f 4479 2072 4226
f 2072 4224 4226
f 5378 3701 4440
f 3701 3702 4440
f 5097 2070 4236
f 5097 2071 2070
f 2926 5386 3478
f 5575 3479 5384
f 5273 5488 3483
f 4469 5488 5273
f 2706 2089 1954
f 2706 1954 4894
f 769 5065 3709
f 769 4451 5065
f 3180 3179 3182
f 3179 4265 3182
f 4313 3190 4284
f 3190 1086 4284
f 2549 2551 4823
f 5304 5577 1615
f 3527 1073 4931
f 1615 3527 4931
f 1811 1812 5307
f 5307 1812 655
f 4299 4166 4293
f 5501 4300 5618
f 4960 5201 4288
f 1695 4960 4288
f 4959 5619 5581
f 5580 5498 5496
f 5619 5580 5202
f 110 4958 5314
f 4299 4293 5309
f 5309 4293 5310
f 5499 2525 3343
f 3342 5499 3343
f 4292 5495 4941
f 5495 5307 4941
f 1116 5500 4135
f 5308 4950 3342
f 4297 4949 4950
f 1116 4297 5500
f 5234 4826 4949
f 4826 4947 4949
f 5295 4932 5311
f 5295 5311 5296
f 791 5502 792
f 1074 5583 1075
f 3526 3532 4164
f 1074 3524 5583
f 5583 3526 5501
f 3524 3526 5583
f 111 5620 4957
f 1075 5501 111
f 793 792 4954
f 4811 4951 4953
f 4823 2551 5578
f 2551 5502 791
f 4127 5227 5244
f 4128 4811 5502
f 4933 368 370
f 4933 370 1133
f 5504 5302 4935
f 5504 4935 5494
f 5298 5303 5302
f 5298 5302 5504
f 2538 5505 4167
f 5505 2538 4125
f 4125 1793 5505
f 4261 2709 4322
f 4318 4261 4322
f 1952 4258 637
f 4322 4258 1952
f 3593 2007 2006
f 3593 2006 783
f 5507 3609 3617
f 5345 5507 3617
f 3923 3928 3924
f 3928 3923 4666
f 5041 4664 5364
f 5041 5364 5039
f 2245 5002 4333
f 2245 5039 5002
f 4999 5348 5347
f 5348 91 5347
f 5344 2282 5181
f 964 3950 4360
f 4363 4999 5584
f 4999 2795 5584
f 3620 816 3623
f 809 5511 5349
f 5511 5012 5352
f 5511 3623 5012
f 470 2815 2041
f 2040 470 2041
f 5517 4403 5518
f 5038 5518 5018
f 5514 2911 1420
f 4428 2911 5514
f 5032 2870 5355
f 2870 2851 5355
f 5053 5375 5377
f 4435 2868 2037
f 1393 5514 1412
f 1394 1393 1412
f 5585 5029 2846
f 5357 5377 5585
f 5357 5585 2846
f 5030 5357 2846
f 5053 5515 5375
f 5375 5515 5376
f 2840 4436 4580
f 857 4437 858
f 1518 5517 5038
f 1518 3648 5517
f 3649 5363 4408
f 5369 5372 5363
f 1540 5522 4411
f 4411 5522 4401
f 1555 5621 5622
f 5621 5521 5622
f 4674 823 5623
f 823 4676 5623
f 2822 2823 5027
f 2823 5370 5027
f 1516 4406 1517
f 4406 3648 1517
f 4375 5005 5525
f 5042 4406 1516
f 5362 312 5524
f 5524 312 5003
f 3613 3077 4660
f 4660 5624 5625
f 5005 5004 5365
f 5004 5366 5365
f 4375 5525 4406
f 4375 4406 5042
f 4423 4404 4424
f 5036 1403 1402
f 3836 3690 3820
f 3820 3690 507
f 5067 4453 2899
f 4452 4453 5067
f 4231 3451 4445
f 3451 4231 4922
f 5379 5078 5587
f 5078 5066 5587
f 5530 5531 5066
f 5535 5626 5098
f 4273 5626 5535
f 2894 3725 5099
f 4254 5626 5397
f 5626 4254 5532
f 5576 3488 4898
f 4897 5576 4898
f 4456 5072 4257
f 4456 4257 4263
f 3479 5533 5574
f 5533 4458 4465
f 1300 1299 1291
f 5385 1298 4250
f 5086 5069 5277
f 5389 5086 5277
f 795 5385 4250
f 795 3482 5385
f 5626 5627 5098
f 5386 5388 3478
f 2926 2074 5386
f 4454 3720 5083
f 3720 3722 5083
f 5388 5083 5085
f 5388 5085 5086
f 4383 3675 3677
f 4383 3677 4384
f 1360 5019 3651
f 1360 937 5019
f 5373 3793 4427
f 4426 5373 4427
f 5079 5078 5379
f 433 3455 2893
f 433 2893 434
f 5488 3715 5489
f 3715 4926 2095
f 5536 5537 2100
f 2099 5536 2100
f 4497 5540 1424
f 2140 2142 5105
f 2142 5628 5400
f 2142 1265 5628
f 1267 5401 5403
f 5403 5401 3787
f 3778 5402 3810
f 3778 2983 5402
f 1489 3697 1490
f 3697 3694 1490
f 5025 3826 4528
f 4528 3826 2065
f 5421 5141 5422
f 4644 5589 922
f 5414 3873 3876
f 5421 5422 5589
f 4644 5421 5589
f 290 4057 291
f 3015 5137 5551
f 4544 3043 3042
f 5145 4591 4565
f 5595 5130 5131
f 4565 4593 4566
f 4566 4593 4677
f 4652 5414 4650
f 4648 5421 4646
f 5443 5543 5442
f 5442 5543 961
f 5135 4620 4618
f 4601 4603 2230
f 5426 4610 4608
f 5145 4594 4591
f 1524 4625 4624
f 5176 4596 5447
f 5177 4679 4669
f 4670 5590 5176
f 5590 4598 5176
f 5177 5446 4679
f 5446 4600 4679
f 3882 1549 1548
f 4563 3882 1548
f 5432 5431 5427
f 3888 5432 5427
f 5591 564 480
f 1533 5591 480
f 2229 1562 4574
f 1562 3887 4574
f 5157 2352 5418
f 3908 5157 5418
f 5592 3909 2279
f 5592 3907 3909
f 3107 932 2280
f 2280 932 934
f 5155 5436 5546
f 5436 5161 5546
f 5155 2279 5436
f 5593 5438 5159
f 5429 5428 2234
f 5429 2234 3884
f 3919 4350 3920
f 3076 4350 3919
f 5441 3100 3099
f 3099 3101 966
f 3112 4668 3946
f 3936 4668 3112
f 3945 5425 4548
f 4682 3945 4548
f 5135 4618 5544
f 5426 4608 5449
f 5174 4606 5175
f 4629 3858 4543
f 3945 5550 5425
f 4057 5551 4582
f 5134 4628 4627
f 5449 4606 5174
f 4650 5414 4648
f 5175 4604 5448
f 5448 4604 5446
f 4656 5593 5159
f 3951 4656 5158
f 4072 5182 1651
f 5182 4072 5548
f 5454 4055 4773
f 4055 5454 4771
f 5455 4773 4060
f 3199 5455 4060
f 1642 1496 5553
f 1496 2357 5553
f 2368 2369 3201
f 5186 2368 3201
f 4776 5451 4777
f 4777 5451 3199
f 5190 5451 4776
f 1666 5190 4776
f 5452 594 5453
f 5452 5453 5455
f 5458 2400 5457
f 2400 2379 5457
f 5216 5245 5567
f 2485 5268 5228
f 5232 3309 4808
f 4808 3309 1826
f 5566 5469 5629
f 5630 5631 4215
f 4132 5482 3327
f 5564 4143 2476
f 5471 5564 2476
f 5268 5632 5228
f 5479 5633 5226
f 5210 5634 5556
f 4141 5561 5604
f 4134 258 3307
f 256 3328 257
f 74 73 5471
f 5635 5485 5215
f 3301 3294 3302
f 4119 5615 1302
f 4119 1826 5615
f 1761 4119 1302
f 1761 1302 5233
f 5636 5233 5223
f 1762 5636 5223
f 5227 4840 4810
f 5227 4129 4840
f 2484 2486 4824
f 4170 2484 5570
f 5570 3303 4809
f 4171 5570 4809
f 1234 2564 5487
f 5487 2564 3355
f 4479 4887 4237
f 4479 4226 4887
f 5378 4441 4228
f 5378 4440 4441
f 2695 2902 5575
f 2902 3479 5575
f 5068 5274 3710
f 5065 5068 3710
f 5302 5304 1614
f 1614 5304 1615
f 5577 4823 3527
f 5304 4823 5577
f 5579 3529 3339
f 3535 3534 5497
f 5498 5579 4945
f 5498 4945 5496
f 5619 5202 5581
f 4959 5581 4960
f 5581 5202 5201
f 4958 5619 4959
f 5314 4958 4959
f 5314 4959 1694
f 4300 5309 5618
f 5310 3529 5579
f 111 5501 5620
f 5501 5618 5620
f 4297 4950 5500
f 5500 4950 5308
f 4932 1073 4938
f 1073 1075 4938
f 1616 5295 355
f 1616 1615 5295
f 4954 4955 3524
f 4954 3524 1074
f 4955 4952 4956
f 4953 4952 4955
f 5502 4811 5611
f 5611 4811 4953
f 4283 5503 5493
f 4283 1134 5503
f 5300 5505 5303
f 5300 5303 5298
f 4662 3074 3929
f 3928 4662 3929
f 3948 4360 4359
f 4683 964 4360
f 5181 2284 5509
f 3950 5181 4360
f 808 5511 809
f 808 3620 5511
f 470 5512 2815
f 469 5512 470
f 2815 5513 5037
f 5513 5038 5037
f 2868 2870 5031
f 2037 2868 5031
f 2036 5051 2037
f 5051 4435 2037
f 5052 2037 5515
f 2037 5031 5515
f 4437 2038 3683
f 951 4437 3683
f 5529 4580 857
f 5529 2838 4580
f 5519 5369 5520
f 5369 5363 5520
f 5363 1541 5035
f 4406 5519 4407
f 4400 4402 5034
f 5522 2244 4401
f 4674 5623 5621
f 5623 4676 5621
f 5040 5524 4374
f 5361 5524 5040
f 5625 3079 5586
f 5366 5368 5367
f 3612 3077 3613
f 3077 3079 5624
f 4660 5625 5366
f 4660 3077 5624
f 5524 5005 5523
f 5523 5005 4375
f 4404 4416 4424
f 4404 4415 4416
f 3821 509 2876
f 3821 2876 5374
f 5077 5099 5080
f 5532 2894 5588
f 5588 5079 5627
f 5079 5588 5077
f 5532 5627 5626
f 5627 5532 5588
f 5278 5072 5491
f 5491 5072 4456
f 5385 5384 1298
f 5384 4464 1298
f 3478 5388 5387
f 2902 3477 3479
f 2097 5093 860
f 4478 2097 860
f 5489 2095 3484
f 5488 5489 3484
f 5105 5538 5106
f 5105 2142 5538
f 1425 2140 5105
f 1425 5540 2140
f 5628 5403 5400
f 1265 5403 5628
f 5402 2949 1266
f 5402 1266 1265
f 4562 3879 4640
f 1536 4056 4540
f 3879 5153 4642
f 4561 1529 3879
f 4561 3879 4562
f 5542 4618 4616
f 5595 5131 4643
f 5153 5595 4643
f 4647 5415 4649
f 4057 3015 5551
f 4582 5551 4633
f 1578 4607 5543
f 5543 4607 959
f 5425 4614 4612
f 5550 4614 5425
f 5155 5546 5438
f 5438 5546 4590
f 5592 2279 5547
f 5547 2279 5155
f 4349 931 3083
f 4349 3083 4350
f 4680 1559 5144
f 1574 4680 5594
f 1575 3099 5170
f 1575 5173 3099
f 4637 1536 4540
f 1534 1536 4637
f 4655 4654 4656
f 4654 4685 4656
f 5184 5553 5183
f 5552 5553 5184
f 5208 4818 5486
f 4130 4857 4131
f 4828 4142 73
f 72 4828 73
f 1110 5637 1111
f 4854 1760 1762
f 2479 5248 3297
f 3328 2498 257
f 257 2498 258
f 4133 256 4134
f 256 258 4134
f 5638 5639 4169
f 1111 5640 4882
f 4840 4129 4131
f 4840 4131 4171
f 1762 1761 5636
f 5636 1761 5233
f 5244 4810 4811
f 4128 5244 4811
f 5554 3277 5605
f 3479 5387 5533
f 5384 3479 5574
f 5502 5611 792
f 3527 791 793
f 3535 5498 5580
f 5497 5579 5498
f 4957 3535 5582
f 5619 3535 5580
f 5582 3535 5619
f 4958 5582 5619
f 4937 5314 1693
f 4937 110 5314
f 4300 4299 5309
f 5310 3343 3528
f 5620 3533 4957
f 5620 5618 3533
f 4683 4360 3948
f 3948 2795 4683
f 5509 4339 4361
f 4360 5509 4361
f 5005 5365 5519
f 5369 5368 5372
f 5625 5586 1539
f 5586 1555 1539
f 1556 4410 5522
f 5522 4410 2242
f 2852 4400 146
f 2852 4411 4400
f 5621 5028 5521
f 5621 4676 5028
f 5622 5521 1556
f 1555 5622 1556
f 4674 5621 4675
f 4675 5621 1555
f 312 5004 5003
f 312 4659 5004
f 5004 4660 5366
f 4659 4660 5004
f 3079 4675 5586
f 5624 3079 5625
f 5625 1539 5368
f 5366 5625 5368
f 4424 4416 5036
f 4416 2854 5036
f 3387 3386 5528
f 3386 3821 5528
f 5397 5626 4273
f 3809 2141 5540
f 5540 2141 2140
f 5148 1001 5415
f 5148 5415 4647
f 5137 1534 5551
f 1534 5137 3024
f 4609 4611 960
f 4611 2203 960
f 2203 4611 4613
f 5546 5161 4550
f 5546 4550 4549
f 4680 5144 5594
f 5594 5144 5173
f 3277 2463 5605
f 5225 5240 4121
f 5574 5533 4465
f 5574 4465 4464
f 5578 2551 791
f 5578 791 3527
f 5611 4955 792
f 792 4955 4954
f 3534 5310 5497
f 5497 5310 5579
f 3533 5309 3534
f 5618 5309 3533
f 5365 5369 5519
f 5365 5367 5369
f 4424 5036 4382
f 4382 5036 3675
f 5627 5079 5379
f 5627 5379 5098
f 3810 5402 2141
f 2141 5402 1265
f 3278 5641 5642
f 2 5554 7
f 5224 5631 5225
f 4124 5206 5569
f 4293 3341 3343
f 4293 3343 5310
f 5372 1539 1541
f 5372 1541 5363
f 5520 5363 3649
f 3648 5520 3649
f 5643 4807 5644
f 3435 3289 5572
f 5645 1754 1756
f 5635 5212 5485
f 5241 4124 4121
f 4124 5241 5205
f 5631 5240 5225
f 4215 5631 5224
f 4853 4120 1760
f 3347 5466 4214
f 5606 2463 5483
f 5646 4120 4853
f 2478 5248 2479
f 5474 1905 1906
f 4100 4807 5643
f 5633 5613 5226
f 4169 5608 4183
f 4854 1762 5222
f 3288 4851 5558
f 5484 5638 3357
f 5562 4144 5647
f 5614 116 5563
f 4851 4100 5643
f 3297 4843 3347
f 5648 5212 5649
f 5650 4819 5645
f 5648 1906 5212
f 3289 3288 5558
f 5651 4854 5222
f 5228 5651 5222
f 5247 2546 5562
f 5562 2546 3421
f 5647 4144 5480
f 5480 4144 4118
f 4841 5556 4210
f 4183 5608 2478
f 5613 5560 4129
f 4174 5612 1795
f 5569 5612 4174
f 5480 4120 5646
f 5632 5651 5228
f 3294 2466 5652
f 5653 5479 1795
f 5610 3289 5558
f 5644 3286 5654
f 2542 5484 3357
f 1801 1757 1759
f 5649 5212 5635
f 5639 5608 4169
f 3286 5655 5654
f 5655 3286 2650
f 4807 3286 5644
f 5612 5653 1795
f 5466 5630 4215
f 5652 2466 5607
f 4214 5466 4215
f 5559 4851 5643
f 5468 5469 5566
f 1231 5468 5566
f 5629 5469 5207
f 5656 1756 5474
f 3302 3294 5657
f 5658 72 74
f 5645 4819 1754
f 5635 5215 5214
f 3278 5642 1255
f 2466 1229 5607
f 5659 5567 4879
f 5645 1756 5656
f 1759 1758 5573
f 5607 1231 5565
f 5660 2475 5467
f 5661 5471 2475
f 2650 1801 1800
f 5657 3294 5652
f 3357 5638 4169
f 5655 2650 1800
f 5474 1906 5648
f 5661 74 5471
f 137 5604 5662
f 4211 5555 5663
f 3292 5664 5634
f 759 5637 1110
f 5661 2475 5665
f 5666 72 5658
f 3292 5634 5210
f 5216 5215 5245
f 4210 5557 4140
f 5208 3438 4818
f 1256 5667 1070
f 1119 5209 4839
f 5210 5556 4841
f 759 5662 5668
f 3354 5662 759
f 5486 4819 5650
f 1111 5637 5640
f 5658 74 5661
f 4211 5663 5669
f 5216 5567 5659
f 250 5664 3292
f 5664 250 5617
f 1072 1071 4831
f 5660 5467 2544
f 5660 2544 5475
f 5659 4879 5670
f 5670 72 5666
f 72 5670 4879
f 4839 5616 250
f 759 5668 5637
f 5665 2475 5660
f 137 5662 3354
f 4839 5209 5616
f 1077 5669 3278
f 4831 1071 5671
f 4882 5638 5484
f 5640 5638 4882
f 5640 5639 5638
f 5637 5639 5640
f 5637 5608 5639
f 5668 5608 5637
f 5668 5609 5608
f 5662 5609 5668
f 5662 5248 5609
f 5604 5248 5662
f 5604 4843 5248
f 5561 4843 5604
f 5561 4844 4843
f 4140 4844 5561
f 4140 5466 4844
f 5557 5466 4140
f 5557 5630 5466
f 5556 5630 5557
f 5556 5631 5630
f 5634 5631 5556
f 5634 5240 5631
f 5664 5240 5634
f 5664 5241 5240
f 5617 5241 5664
f 5617 5205 5241
f 5616 5205 5617
f 5616 5206 5205
f 5209 5206 5616
f 5209 5612 5206
f 5671 5612 5209
f 5671 5653 5612
f 1071 5653 5671
f 1071 5479 5653
f 5672 5479 1071
f 5672 5633 5479
f 5667 5633 5672
f 5667 5613 5633
f 5642 5613 5667
f 5642 5560 5613
f 5641 5560 5642
f 5641 5473 5560
f 5669 5473 5641
f 5669 5268 5473
f 5663 5268 5669
f 5663 5632 5268
f 5555 5632 5663
f 5555 5651 5632
f 5554 5651 5555
f 5554 4854 5651
f 5605 4854 5554
f 5605 4853 4854
f 5606 4853 5605
f 5606 5646 4853
f 5483 5646 5606
f 5483 5480 5646
f 5614 5480 5483
f 5614 5647 5480
f 5563 5647 5614
f 5563 5562 5647
f 5572 5562 5563
f 5572 5247 5562
f 5610 5247 5572
f 5610 5475 5247
f 5558 5475 5610
f 5558 5660 5475
f 5559 5660 5558
f 5559 5665 5660
f 5643 5665 5559
f 5643 5661 5665
f 5644 5661 5643
f 5644 5658 5661
f 5654 5658 5644
f 5654 5666 5658
f 5655 5666 5654
f 5655 5670 5666
f 1800 5670 5655
f 1800 5659 5670
f 1759 5659 1800
f 1759 5216 5659
f 5573 5216 1759
f 5573 5214 5216
f 3302 5214 5573
f 3302 5635 5214
f 5657 5635 3302
f 5657 5649 5635
f 5652 5649 5657
f 5652 5648 5649
f 5607 5648 5652
f 5607 5474 5648
f 5565 5474 5607
f 5565 5656 5474
f 5566 5656 5565
f 5566 5645 5656
f 5629 5645 5566
f 5629 5650 5645
f 5207 5650 5629
f 5207 5486 5650
f 5486 5207 5208
f 1070 5667 5672
f 4831 5671 5209
f 1256 5642 5667
f 1255 5642 1256
f 1070 5672 1071
f 3278 5669 5641
f 4211 5669 1077
f 7 5555 4211
f 5673 2348 2347
f 4764 2348 5673
f 2348 4764 3189
f 3189 4764 4326
f 4326 4764 4696
f 5330 5673 5674
f 5673 5330 4764
f 5674 3578 5330
f 5674 3579 3578
f 4990 5674 5675
f 5674 4990 3579
f 5676 186 183
f 5676 2346 186
f 2347 5676 5673
f 5676 2347 2346
f 5677 5281 5283
f 5281 5677 4908
f 4908 3548 3547
f 4908 5677 3548
f 3548 5677 4973
f 5678 4973 5677
f 5679 4973 5678
f 5680 4973 5679
f 4973 5680 5681
f 5682 2632 4868
f 2632 5682 2634
f 2634 5682 4187
f 4187 5682 4189
f 5253 4189 5682
f 4189 5253 4901
f 5683 5253 5682
f 5684 5253 5683
f 5685 5253 5684
f 5686 5253 5685
f 5253 5686 5687
f 5688 5689 5690
f 5689 5688 5691
f 5692 2738 4970
f 638 2738 5692
f 2738 638 639
f 5693 638 5692
f 5694 638 5693
f 638 5694 5695
f 4909 5284 5282
f 3544 4909 3546
f 4909 3544 5284
f 5696 5284 3544
f 5697 5284 5696
f 5698 5284 5697
f 5699 5284 5698
f 5700 5284 5699
f 5701 5284 5700
f 5702 5284 5701
f 5284 5702 5703
f 5704 5705 5706
f 5705 5704 5707
f 5708 4848 4849
f 4848 5708 1883
f 1883 5708 1884
f 1884 5708 2558
f 5709 2558 5708
f 2557 5710 5711
f 2557 5712 5710
f 2557 5713 5712
f 2557 5714 5713
f 2557 5715 5714
f 2557 5716 5715
f 2557 5717 5716
f 2557 5718 5717
f 2558 5718 2557
f 5718 2558 5709
f 5719 5261 5262
f 5261 5719 378
f 378 5719 379
f 379 5719 1894
f 5262 5720 5719
f 5720 5262 5721
f 2638 5722 2636
f 2656 5722 2638
f 5722 2656 5723
f 5723 2656 5724
f 5724 2656 5725
f 5725 2656 5726
f 5726 2656 5727
f 5727 2656 5728
f 5729 3504 4925
f 183 5729 5730
f 183 5730 5731
f 183 5731 5732
f 183 5732 5733
f 183 5733 5734
f 183 5734 5735
f 5676 5735 5736
f 5729 1630 3504
f 5676 5736 5737
f 5676 5737 5738
f 5729 183 1630
f 5735 5676 183
f 1630 183 185
f 5739 5740 5741
f 5740 5739 5742
f 5743 5744 5745
f 5744 5743 5746
f 636 995 994
f 5695 636 638
f 636 5695 995
f 995 5695 4309
f 5747 4309 5695
f 5748 4309 5747
f 5749 4309 5748
f 5750 4309 5749
f 4309 5750 5751
f 5752 4870 5255
f 4870 5752 2565
f 2565 5752 2566
f 2566 5752 4867
f 4867 5752 5258
f 5258 5752 5571
f 5753 5571 5752
f 5754 5571 5753
f 5755 5571 5754
f 5756 5571 5755
f 5757 5571 5756
f 5758 5571 5757
f 5759 5571 5758
f 5760 5571 5759
f 5761 5571 5760
f 5571 5761 5762
f 4914 5763 4917
f 5763 4914 5764
f 5765 1244 1246
f 5765 1246 3706
f 5765 3706 5263
f 1244 5765 5766
f 4324 3187 3188
f 5767 4324 4695
f 5767 4695 4698
f 5768 4698 5331
f 4324 5767 3187
f 4698 5769 5767
f 4698 5768 5769
f 5331 5770 5768
f 5331 5771 5770
f 5331 5772 5771
f 5772 5331 5773
f 5774 3423 3424
f 3423 5774 4208
f 4208 5775 3403
f 5776 3403 5775
f 3403 5776 3402
f 5777 3402 5776
f 4849 5778 5708
f 4849 5779 5778
f 4849 5777 5779
f 4850 5777 4849
f 3402 5777 4850
f 4208 5774 5775
f 5780 996 998
f 5780 998 4310
f 5781 4310 5782
f 5783 4310 5781
f 5784 4310 5783
f 5780 4310 5784
f 996 5780 4314
f 5785 4920 5490
f 4920 5785 4921
f 4921 5785 5279
f 4902 5279 5785
f 5279 4902 4904
f 5786 4902 5785
f 5787 4902 5786
f 4902 5787 5788
f 4905 4916 5280
f 4905 5280 4907
f 4916 4905 4914
f 5789 4914 4905
f 5790 4914 5789
f 5791 4914 5790
f 5792 4914 5791
f 5793 4914 5792
f 5794 4914 5793
f 5795 4914 5794
f 5764 5795 5796
f 5764 5796 5797
f 5764 5797 5798
f 5795 5764 4914
f 5799 4786 4787
f 5799 1986 4786
f 5799 1988 1986
f 5799 2317 1988
f 5799 2318 2317
f 4327 5799 5339
f 5799 4327 2318
f 5800 4989 4987
f 5800 4083 4989
f 5800 2406 4083
f 5800 2409 2406
f 4787 5800 5799
f 5800 4787 2409
f 5801 2350 3187
f 2350 5801 2349
f 3187 5802 5801
f 3187 5803 5802
f 3187 5804 5803
f 3187 5805 5804
f 5805 3187 5767
f 587 2345 588
f 5806 2345 587
f 2345 5806 4925
f 5807 4925 5806
f 5808 4925 5807
f 5809 4925 5808
f 4925 5809 5729
f 5687 5254 5253
f 5687 5288 5254
f 5810 5288 5687
f 5811 5288 5810
f 5812 5288 5811
f 5813 5288 5812
f 5288 5813 5814
f 5815 2069 1895
f 5815 1895 1894
f 2069 5815 3497
f 3497 5815 5057
f 1894 5816 5815
f 1894 5817 5816
f 1894 5818 5817
f 5818 1894 5719
f 5819 2640 2642
f 5819 2642 2654
f 5819 2654 4874
f 2640 5819 5820
f 2658 5821 2657
f 5821 2658 5822
f 5822 2658 5823
f 5823 2658 5824
f 5824 2658 5825
f 5825 2658 5826
f 5826 2658 5827
f 5827 2658 5828
f 5828 2658 5829
f 5829 2658 5830
f 5830 2658 5831
f 5830 5831 5832
f 5675 2771 4990
f 5675 2774 2771
f 4987 2774 5675
f 4987 5675 5800
f 2774 4987 4988
f 2657 5728 2656
f 5728 2657 5833
f 5833 2657 5834
f 5834 2657 5835
f 5835 2657 5821
f 4969 3545 4971
f 5836 3545 4969
f 5836 4969 4967
f 3545 5836 3544
f 5837 3544 5836
f 5838 3544 5837
f 3544 5838 5696
f 2740 4967 4968
f 5839 2740 2739
f 2740 5839 4967
f 5840 4967 5839
f 5841 4967 5840
f 5842 4967 5841
f 5843 4967 5842
f 4967 5843 5836
f 5844 4872 4873
f 4872 5844 3409
f 3409 5844 3407
f 4873 5845 5844
f 4873 5846 5845
f 5846 4873 5847
f 5690 5742 5739
f 5742 5690 5689
f 5847 2652 2653
f 2652 5847 4873
f 2653 5848 5847
f 2653 5849 5848
f 2653 5850 5849
f 5850 2653 5851
f 5788 4903 4902
f 5788 5283 4903
f 5852 5283 5788
f 5853 5283 5852
f 5854 5283 5853
f 5283 5854 5677
f 5814 4910 5288
f 4910 5814 4911
f 4911 5814 5286
f 5286 5814 5490
f 5855 5490 5814
f 5856 5490 5855
f 5857 5490 5856
f 5490 5857 5785
f 5858 5056 5057
f 5056 5859 5059
f 5059 5860 5291
f 5059 5859 5860
f 5056 5858 5859
f 5057 5861 5858
f 5057 5862 5861
f 5862 5057 5815
f 5863 1902 5291
f 1902 5863 1903
f 1903 5864 2712
f 5865 2712 5864
f 2712 5865 3430
f 3425 5865 3424
f 3424 5866 5774
f 3424 5867 5866
f 3424 5865 5867
f 3430 5865 3425
f 1903 5863 5864
f 5291 5868 5863
f 5868 5291 5860
f 5681 4972 4973
f 4972 5681 4965
f 4965 5681 4966
f 4966 5681 4970
f 5869 4970 5681
f 5870 4970 5869
f 5871 4970 5870
f 4970 5871 5692
f 5872 5691 5688
f 5691 5872 5873
f 5782 1967 1966
f 5874 1966 5875
f 5876 1966 5874
f 5877 1966 5876
f 5782 1966 5877
f 1967 5782 4310
f 5745 5878 5879
f 5878 5745 5744
f 5879 5873 5872
f 5873 5879 5878
f 5711 2555 2557
f 2555 5711 3363
f 3363 5711 5255
f 5255 5880 5881
f 5255 5882 5880
f 5255 5883 5882
f 5255 5884 5883
f 5255 5711 5884
f 5885 5255 5881
f 5886 5255 5885
f 5887 5255 5886
f 5888 5255 5887
f 5255 5888 5752
f 5706 5746 5743
f 5746 5706 5705
f 5851 2637 2636
f 2637 5851 2653
f 2636 5889 5851
f 2636 5890 5889
f 2636 5891 5890
f 5891 2636 5722
f 5892 5893 5894
f 5893 5892 5895
f 3580 5773 5331
f 3580 5896 5773
f 3580 5897 5896
f 5897 3580 3582
f 5703 4906 5284
f 4906 5703 4905
f 5898 4905 5703
f 5899 4905 5898
f 5900 4905 5899
f 5901 4905 5900
f 4905 5901 5789
f 4309 584 1969
f 5751 584 4309
f 584 5751 587
f 5902 587 5751
f 5903 587 5902
f 5904 587 5903
f 5905 587 5904
f 5906 587 5905
f 587 5906 5806
f 642 2739 640
f 5907 642 4314
f 5908 4314 5780
f 5909 4314 5908
f 5907 4314 5909
f 642 5907 2739
f 5910 2739 5907
f 2739 5910 5839
f 5762 11 10
f 5762 10 5571
f 11 5762 3360
f 3360 5762 4868
f 5911 4868 5762
f 5912 4868 5911
f 5913 4868 5912
f 5914 4868 5913
f 5915 4868 5914
f 5916 4868 5915
f 5917 4868 5916
f 4868 5917 5682
f 5766 4207 3418
f 5766 3418 1245
f 5766 1245 1244
f 4207 5766 5918
f 5919 5895 5892
f 5895 5919 5920
f 5921 2658 2659
f 2658 5921 5831
f 5875 582 583
f 5875 583 2343
f 5922 2343 5923
f 5924 2343 5922
f 5925 2343 5924
f 5926 2343 5925
f 5875 2343 5926
f 582 5875 1966
f 5923 2344 3503
f 5923 3503 1629
f 5923 1629 1628
f 5927 1628 5928
f 5929 1628 5927
f 5930 1628 5929
f 5931 1628 5930
f 5932 1628 5931
f 5923 1628 5932
f 2344 5923 2343
f 5933 181 2351
f 5933 2351 2349
f 5934 2349 5801
f 5935 2349 5934
f 5936 2349 5935
f 5937 2349 5936
f 5938 2349 5937
f 5933 2349 5938
f 181 5933 179
f 5721 1239 3414
f 1239 5721 1237
f 1237 5721 3705
f 3705 5721 5262
f 3414 5939 5721
f 3414 5940 5939
f 3414 5941 5940
f 5941 3414 5942
f 5918 4877 3412
f 5918 3412 3411
f 5918 3411 4207
f 4877 5918 5943
f 5943 4874 4875
f 5943 4875 4877
f 4874 5943 5819
f 4913 5919 5289
f 4912 5919 4913
f 5919 4912 4918
f 4918 4912 5287
f 5919 4918 4917
f 5919 4917 5920
f 5920 4917 5763
f 5741 5263 5264
f 5741 5264 5266
f 5263 5741 5740
f 5263 5740 5765
f 5928 180 179
f 5944 179 5933
f 5945 179 5944
f 5946 179 5945
f 5928 179 5946
f 180 5928 1628
f 5820 2659 2641
f 5820 2641 2640
f 2659 5820 5921
f 5942 3415 3408
f 5942 3408 3407
f 3415 5942 3414
f 3407 5947 5942
f 3407 5948 5947
f 3407 5949 5948
f 5949 3407 5844
f 5704 4185 4186
f 5704 4186 4900
f 4185 5704 2631
f 5706 2631 5704
f 2631 5706 2629
f 5892 4900 5252
f 5704 4900 5894
f 2629 5706 3359
f 5919 5252 5289
f 5892 5252 5919
f 4900 5892 5894
f 5743 3359 5706
f 3359 5743 13
f 5745 13 5743
f 13 5745 14
f 14 5745 5257
f 5879 5257 5745
f 5257 5879 4866
f 4866 5879 2562
f 2562 5879 2563
f 2563 5879 4869
f 5872 4869 5879
f 4869 5872 3362
f 3362 5872 2560
f 5688 2560 5872
f 2560 5688 2559
f 2559 5688 1880
f 1880 5688 1881
f 5690 1881 5688
f 1881 5690 4847
f 4847 5690 4845
f 4845 5690 3406
f 3406 5690 3404
f 3404 5690 4209
f 4209 5690 3428
f 3428 5690 3426
f 5739 3426 5690
f 3426 5739 3429
f 3429 5739 2711
f 2711 5739 1898
f 1898 5739 1899
f 1899 5739 5061
f 5741 5061 5739
f 5061 5741 5058
f 5058 5741 3496
f 3496 5741 2068
f 382 5741 5266
f 2068 5741 1889
f 381 5741 382
f 1889 5741 381
f 5894 5707 5704
f 5707 5894 5893
f 5950 5799 5800
f 5951 5800 5675
f 5952 5675 5674
f 5953 5674 5673
f 5954 5673 5676
f 5954 5676 5738
f 5955 5673 5954
f 5953 5673 5955
f 5674 5953 5952
f 5675 5952 5956
f 5951 5675 5956
f 5950 5800 5951
f 5957 5799 5950
f 5799 5957 5339
f 5958 5339 5957
f 5959 5339 5958
f 5960 5339 5959
f 5961 5339 5960
f 5962 5339 5961
f 5339 5963 5342
f 5964 5339 5962
f 5339 5965 5963
f 5966 5339 5964
f 5339 5966 5965
f 5967 5966 5964
f 5967 5968 5966
f 5969 5968 5967
f 5969 5970 5968
f 5971 5970 5969
f 5971 5972 5970
f 5973 5972 5971
f 5973 5974 5972
f 5975 5974 5973
f 5975 5976 5974
f 5977 5976 5975
f 5977 5978 5976
f 5979 5978 5977
f 5979 5980 5978
f 5981 5980 5979
f 5981 5982 5980
f 5983 5982 5981
f 5983 5984 5982
f 5985 5984 5983
f 5985 5986 5984
f 5987 5986 5985
f 5987 5988 5986
f 5989 5988 5987
f 5989 5990 5988
f 5991 5990 5989
f 5991 5992 5990
f 5993 5992 5991
f 5993 5994 5992
f 5995 5994 5993
f 5995 5996 5994
f 5997 5996 5995
f 5997 5998 5996
f 5999 5998 5997
f 5999 6000 5998
f 6001 6000 5999
f 6001 6002 6000
f 6003 6002 6001
f 6003 6004 6002
f 6005 6004 6003
f 6005 6006 6004
f 6007 6006 6005
f 6007 6008 6006
f 6009 6008 6007
f 6009 6010 6008
f 6011 6010 6009
f 6011 6012 6010
f 6013 6012 6011
f 6013 6014 6012
f 6015 6014 6013
f 6015 6016 6014
f 6017 6016 6015
f 6017 6018 6016
f 6019 6018 6017
f 6019 6020 6018
f 6021 6020 6019
f 6021 6022 6020
f 5691 6021 6023
f 6021 5878 6022
f 5691 6023 6024
f 5744 6022 5878
f 5742 6024 6025
f 5746 6022 5744
f 5742 6025 6026
f 6022 5746 6027
f 5740 6026 6028
f 5705 6027 5746
f 5765 6028 6029
f 6027 5705 6030
f 5766 6029 6031
f 6030 5707 6032
f 5918 6031 6033
f 6032 5707 6034
f 5943 6033 6035
f 5893 6034 5707
f 5943 6035 6036
f 5895 6037 5893
f 6038 5920 6039
f 5764 6040 5763
f 5819 6036 6041
f 5820 6041 6042
f 6040 5764 5798
f 5921 6042 6043
f 6044 5763 6040
f 5921 6043 6045
f 5831 6045 5832
f 6045 5831 5921
f 6046 5763 6044
f 6042 5921 5820
f 5763 6046 5920
f 6041 5820 5819
f 6039 5920 6046
f 6036 5819 5943
f 5920 6038 5895
f 6033 5943 5918
f 6037 5895 6038
f 6031 5918 5766
f 6034 5893 6037
f 6029 5766 5765
f 5707 6030 5705
f 6028 5765 5740
f 6021 5873 5878
f 6026 5740 5742
f 6021 5691 5873
f 6024 5742 5689
f 6024 5689 5691
f 6047 6048 6049
f 6050 6051 6052
f 6053 6054 6055
f 6056 6057 6058
f 6059 6060 6061
f 6062 6063 6064
f 6063 6062 6065
f 6065 6066 6063
f 6067 6068 6069
f 6070 6071 6072
f 6073 6074 6075
f 6076 6077 6078
f 6079 6080 6081
f 6082 6083 6084
f 6085 6086 6087
f 6088 6089 6090
f 6091 6092 6093
f 6094 6095 6096
f 6097 6098 6099
f 6100 6101 6102
f 6103 6104 6105
f 6106 6107 6108
f 6109 6110 6111
f 6112 6113 6114
f 6115 6116 6117
f 6118 6119 6120
f 6121 6122 6123
f 6124 6125 6126
f 6127 6128 6129
f 6130 6131 6132
f 6133 6134 6135
f 5832 6136 5830
f 6136 5832 6137
f 6137 5832 6045
f 6138 6139 6140
f 6139 6138 6141
f 6142 6143 6144
f 6145 6146 6147
f 6148 6149 6150
f 6151 6152 6050
f 6153 6154 6155
f 6156 6157 6158
f 6159 6160 6161
f 6162 6163 6164
f 6165 6166 6167
f 6168 6169 6170
f 6171 6172 6173
f 6166 6174 6167
f 6175 6176 6177
f 6178 6179 6180
f 6181 6182 6183
f 6184 6185 6186
f 6187 6188 6189
f 6190 6191 6192
f 6193 6194 6195
f 6196 6197 6198
f 6199 6200 6201
f 6202 6203 6204
f 6205 6206 6207
f 6208 6209 6210
f 6211 6212 6213
f 6214 6215 6216
f 6217 6218 6082
f 6219 6220 6221
f 6222 6223 6224
f 6225 6226 6227
f 6228 6229 6230
f 6231 6232 6233
f 6234 6235 6236
f 6237 6238 6239
f 6240 6241 6242
f 6243 6244 6245
f 6246 6247 6248
f 6249 6250 6251
f 6252 6253 6254
f 6255 6256 6257
f 6258 6259 6260
f 6259 6258 6261
f 6262 6263 6264
f 6265 6266 6267
f 6268 6269 6270
f 6271 6056 6058
f 6272 6273 6274
f 6275 6276 6277
f 6278 6279 6280
f 6281 6282 6175
f 6283 6284 6285
f 6286 6287 6288
f 6289 6290 6291
f 6090 6292 6293
f 6294 6295 6296
f 6297 6298 6299
f 6300 6301 6302
f 6303 6304 6305
f 6306 6307 6308
f 6309 6310 6311
f 6312 6313 6314
f 6315 6271 6316
f 6317 6318 6319
f 6320 6321 6119
f 6322 6323 6324
f 6325 6326 6327
f 6328 6329 6330
f 6331 6332 6333
f 6334 6335 6336
f 6337 6338 6339
f 6340 6341 6342
f 6343 6344 6345
f 6346 6347 6348
f 6349 6350 6351
f 6352 6353 6354
f 6355 6356 6357
f 6358 6359 6360
f 6361 6362 6363
f 6364 6365 6366
f 6367 6368 6369
f 6370 6371 6372
f 6373 6374 6375
f 6376 6377 6378
f 6379 6380 6381
f 6212 6382 6383
f 6384 6385 6386
f 6387 6388 6233
f 6389 6390 6391
f 6392 6393 6394
f 6395 6396 6397
f 6398 6399 6400
f 6401 6402 6403
f 6404 6405 6406
f 6407 6408 6409
f 6408 6407 6410
f 6411 6412 6413
f 6414 6415 6416
f 6417 6418 6419
f 6420 6421 6422
f 6423 6424 6425
f 6426 6427 6428
f 6429 6430 6431
f 6432 6433 6434
f 6435 6436 6437
f 6438 6439 6440
f 6441 6442 6443
f 6444 6445 6446
f 6445 6444 6447
f 6448 5748 6449
f 5748 6448 5749
f 6450 6451 6452
f 6453 6454 6455
f 6456 6133 6135
f 6457 6458 6459
f 6460 6461 6462
f 6463 6464 6465
f 6466 6467 6468
f 6469 6470 6471
f 6432 6434 6472
f 6473 6474 6475
f 6476 6477 6478
f 6479 6480 6481
f 6482 6483 6484
f 6485 6486 6487
f 6488 6489 6490
f 6491 6492 6493
f 6494 6495 6496
f 6497 6299 6498
f 6499 6500 6501
f 6399 6150 6502
f 6503 6504 6435
f 6505 6506 6507
f 6292 6508 6509
f 6510 6511 6512
f 6397 6513 6514
f 6515 6516 6517
f 6518 6519 6520
f 6521 6522 6523
f 6301 6524 6525
f 6526 6527 6194
f 6117 6116 6194
f 6528 6529 6530
f 6531 6532 6533
f 6534 6535 6323
f 6192 6536 6336
f 6537 6538 6539
f 6540 6541 6542
f 6543 6544 6331
f 6545 6543 6546
f 6547 6329 6328
f 6548 6549 6550
f 6551 6552 6553
f 6554 6336 6555
f 6556 6557 6558
f 6559 6560 6561
f 6562 6563 6564
f 6565 6566 6545
f 6567 6545 6546
f 6568 6569 6570
f 6571 6572 6573
f 6574 6575 6576
f 6052 6577 6578
f 6579 6580 6581
f 6582 6583 6584
f 6585 6586 6587
f 6588 6372 6589
f 6590 6591 6592
f 6593 6594 6595
f 6596 6597 6598
f 5890 5891 6599
f 6600 6601 6602
f 6603 6604 6605
f 6097 5995 6606
f 5995 6097 5997
f 6607 6608 6609
f 6610 6611 6612
f 6613 6376 6378
f 6614 6615 6616
f 6617 6618 6619
f 6620 6621 6622
f 6623 6624 6625
f 6626 6627 6628
f 6629 6630 6631
f 6149 6632 6633
f 6634 6635 6636
f 6227 6627 6626
f 6159 6637 6638
f 6639 6640 6269
f 6641 6642 6643
f 6644 6645 6646
f 6647 6648 6649
f 6650 6651 6652
f 6653 6654 6655
f 6656 6657 6658
f 6659 6660 6661
f 6662 6663 6664
f 6665 6666 6667
f 6668 6669 6670
f 6671 6672 6673
f 6674 6675 6676
f 6677 6678 6679
f 6680 6681 6682
f 6683 6684 6685
f 6686 6687 6688
f 6689 6690 6691
f 6692 6693 6694
f 6695 6696 6657
f 6185 6697 6698
f 6698 6697 6699
f 6700 6701 6702
f 6703 6704 6705
f 6061 6706 6707
f 6708 6709 6710
f 6711 6712 6713
f 6095 6714 6715
f 6716 6717 6718
f 6719 6720 6721
f 6722 6723 6724
f 6725 6726 6727
f 6728 6084 6729
f 6730 6731 6732
f 6733 6734 6735
f 6736 6732 6737
f 6738 6739 6722
f 6740 6741 6742
f 5971 6438 5973
f 6743 6744 6745
f 6744 6746 6747
f 6748 6407 6749
f 6750 5955 5954
f 5955 6750 6751
f 6752 6753 6754
f 6755 6756 6741
f 6757 6758 6759
f 6458 6760 6459
f 6287 6761 6762
f 6763 6764 6458
f 6281 6175 6765
f 6766 6767 6768
f 6769 6770 6771
f 6772 6773 6271
f 6774 6775 6776
f 6777 6496 6778
f 6779 6780 6781
f 6782 6783 6784
f 6785 6786 6787
f 6788 6789 6790
f 6493 6791 6792
f 6793 6285 6794
f 6069 6068 6282
f 6795 6523 6796
f 6797 6798 6799
f 6800 6801 6802
f 6803 6804 6805
f 6806 6807 6808
f 6809 6810 6811
f 6812 6813 6814
f 6815 6816 6817
f 6818 6819 6482
f 6820 6821 6822
f 6823 6499 6824
f 6436 6825 6826
f 6827 6828 6829
f 6830 6831 6832
f 6833 6834 6835
f 6836 6837 6838
f 6839 6521 6795
f 6840 6841 6842
f 6843 6844 6845
f 6420 6846 6421
f 6181 6847 6182
f 6848 6849 6297
f 6850 6188 6851
f 6852 6843 6845
f 6853 6854 6855
f 6856 6187 6857
f 6187 6856 6858
f 6518 6803 6519
f 6803 6518 6859
f 6844 6858 6856
f 6858 6844 6860
f 6509 6861 6862
f 6305 6863 6510
f 6864 6857 6865
f 6866 6867 6868
f 6869 6117 6193
f 6870 6871 6872
f 6591 6873 6592
f 6874 6875 6876
f 6877 6338 6337
f 6878 6879 6880
f 6873 6881 6882
f 6883 6884 6885
f 6886 6335 6334
f 6334 6336 6554
f 6887 6888 6570
f 6889 6547 6890
f 6891 6892 6893
f 6894 6544 6543
f 6895 6896 6897
f 6051 6898 6899
f 6132 6889 6900
f 6901 6902 6533
f 6093 6903 6904
f 6905 6906 6907
f 6908 6196 6198
f 6909 6557 6556
f 6902 6910 6531
f 6911 6910 6902
f 6880 6879 6912
f 6913 6914 6562
f 6915 6916 6917
f 6916 6915 6583
f 6199 6918 6919
f 6918 6199 6920
f 6204 6921 6922
f 6567 6923 6565
f 6923 6567 6924
f 6925 6926 6927
f 6928 6929 6930
f 6931 6932 6326
f 6933 6918 6934
f 6935 6936 6937
f 6938 6341 6340
f 6939 6940 6941
f 6942 6943 6944
f 6945 6946 6947
f 6948 6949 6950
f 6430 6951 6952
f 6953 6954 6350
f 6354 6955 6956
f 6102 6914 6913
f 6957 6958 6585
f 6619 6618 6959
f 6587 6960 6961
f 6962 6963 6964
f 6965 6966 6355
f 6205 6207 6967
f 6968 6969 6970
f 6969 6968 6971
f 6972 6973 6974
f 6975 6874 6976
f 6977 6600 6322
f 6978 6979 6980
f 6981 6275 6277
f 5854 5853 6982
f 6983 5787 5786
f 6984 6985 6986
f 6987 6556 6988
f 6066 6989 6990
f 6991 6585 6587
f 6391 6390 6992
f 6631 6630 6993
f 6994 6995 6112
f 6996 6997 6998
f 6999 6431 7000
f 7001 7002 7003
f 6971 7004 6969
f 7004 6971 7005
f 6618 7006 7007
f 7008 7009 7010
f 7009 7008 7011
f 7012 7013 7014
f 6637 7015 7016
f 7017 7018 7019
f 6617 6619 7020
f 7021 7022 7023
f 7024 7025 7026
f 7027 7028 6630
f 6640 6163 6162
f 6398 6668 7029
f 6668 6398 6669
f 7030 7031 7032
f 7033 7034 7031
f 7035 7036 7037
f 6154 7038 7039
f 7040 7041 7042
f 7043 7044 7045
f 6073 6075 7046
f 7047 7048 7049
f 7050 7051 7028
f 6628 7052 6617
f 7053 6504 6503
f 7054 6437 7055
f 7056 6230 7057
f 7058 7059 7060
f 7061 7062 6236
f 6682 7063 7064
f 7065 6836 6838
f 7066 7067 7068
f 7069 7070 7071
f 6415 7072 7073
f 7074 7075 7076
f 7061 6835 7062
f 7077 7078 7079
f 6654 6653 7080
f 6679 7081 7082
f 7083 7084 7085
f 7086 7087 7088
f 6402 7089 7090
f 7091 7092 7093
f 7094 7095 7096
f 7015 7097 7016
f 7098 7099 7100
f 7031 7101 7102
f 7103 7104 7105
f 7106 6672 6671
f 7107 7108 6666
f 7109 7110 7111
f 7112 7113 7114
f 6703 6705 7115
f 7116 7117 7118
f 7119 6417 6419
f 7120 7121 7122
f 7123 7124 7125
f 6308 6687 7126
f 7127 7128 6256
f 6778 6496 7129
f 7130 7131 7132
f 6854 7133 6681
f 7134 7135 7136
f 7137 7138 6250
f 7139 7140 7141
f 6251 6250 7142
f 7143 7144 7145
f 7146 7147 6846
f 7148 7149 7150
f 7149 7148 7151
f 7152 7153 7154
f 7155 7156 7157
f 7158 7151 7159
f 7160 7158 7159
f 7161 7162 7139
f 7163 7164 7165
f 7166 7167 7168
f 7169 7170 6059
f 7171 7172 7173
f 7174 7175 7176
f 6522 7177 6523
f 7178 6734 7179
f 7180 6072 7181
f 6754 7182 7183
f 6738 6722 6724
f 6752 6754 7183
f 7184 7185 7186
f 7187 7188 7189
f 6733 6735 7190
f 7191 7192 7178
f 6089 6088 7193
f 7178 7192 6734
f 7194 6387 7195
f 7195 7196 7197
f 7198 6391 7199
f 7200 6270 7201
f 7202 7203 7204
f 6748 6749 7205
f 6447 7206 7207
f 7060 7208 7209
f 7210 5950 5951
f 5950 7210 7211
f 7212 7213 7214
f 6720 6446 6721
f 6762 7215 7216
f 7217 6140 7218
f 6140 7217 6138
f 7219 7220 7221
f 7222 7223 7224
f 7216 7225 7226
f 6145 6147 6054
f 7227 7228 7229
f 7230 7229 7231
f 6054 6147 6981
f 7232 7233 6471
f 7234 7235 6217
f 7236 7237 6145
f 7238 7239 7240
f 7241 7242 7243
f 7244 6823 7245
f 7246 7247 7248
f 7249 7250 7251
f 7252 7253 7254
f 7255 7256 7257
f 7258 7259 7260
f 7261 6468 6571
f 6888 7262 6570
f 7263 7264 7265
f 7266 6115 6117
f 7267 7268 7269
f 7270 7271 6773
f 7272 7273 7274
f 7275 6766 7276
f 7277 6255 7278
f 7279 7280 6477
f 7281 7282 7283
f 7284 7285 7286
f 6864 7287 7288
f 7289 7290 7282
f 7190 6735 7291
f 6264 7292 7293
f 6072 7180 7294
f 6785 7295 6786
f 7180 7181 7296
f 7297 6716 7298
f 7299 6286 7300
f 6726 6264 7301
f 7286 7302 6859
f 7303 7244 7245
f 7304 7305 7306
f 7307 6725 7308
f 7309 7310 7311
f 7312 7313 7314
f 7315 7316 7317
f 7318 7319 7320
f 7319 7318 7321
f 7322 6165 6813
f 6517 7314 7323
f 7324 7322 6812
f 6804 6282 6281
f 7325 6515 7326
f 6297 6299 6497
f 7327 7328 6821
f 7329 7330 7331
f 6464 5679 5678
f 7332 7333 6761
f 6822 7334 7335
f 6472 6434 7336
f 7337 7338 7339
f 6177 7340 7341
f 7342 7343 7344
f 6646 6645 7345
f 7346 6441 7347
f 7348 7342 7349
f 7350 7351 7352
f 6831 7353 7354
f 6836 7355 6837
f 7356 7357 6843
f 7358 7068 7359
f 7360 7361 7362
f 7363 7364 6683
f 7365 6305 6510
f 7366 7367 7368
f 7369 7370 7371
f 7372 6691 7143
f 7373 7374 6245
f 6510 7375 6511
f 6863 7375 6510
f 7374 6243 6245
f 7302 6804 6803
f 7376 7377 7378
f 6296 6295 7379
f 6517 7323 7380
f 6180 7381 7356
f 6289 6180 6290
f 6291 6290 7382
f 7383 6856 6857
f 7384 7304 7385
f 7386 7387 7388
f 7374 6865 6243
f 6865 7374 7287
f 7389 7390 7391
f 7392 7393 6526
f 7394 6117 6869
f 6117 6194 6193
f 7395 7396 7397
f 7398 7399 7400
f 7401 7402 7403
f 6882 6530 7404
f 6881 7405 6882
f 7406 7407 7408
f 6598 7409 7410
f 7411 7412 7413
f 7414 7415 6879
f 7416 7417 7418
f 6867 7419 6868
f 7420 7421 7422
f 7423 6335 6886
f 6555 7424 7425
f 7426 7404 7427
f 6192 7428 6536
f 7429 6555 7430
f 6336 7424 6555
f 6887 7431 6888
f 7432 7433 6568
f 7425 7434 7435
f 6333 6901 7436
f 7437 7438 7439
f 6890 6547 6328
f 7429 7430 7435
f 6131 7435 6547
f 6891 6893 6200
f 6890 6328 7440
f 6200 6900 7441
f 7442 7443 7444
f 6331 6892 6891
f 6543 7445 6919
f 6199 6891 6200
f 6892 7436 6893
f 7446 6339 7447
f 6904 6903 7448
f 7449 7450 7451
f 7452 7453 7454
f 6533 6532 7455
f 6196 7456 6197
f 7457 7458 7459
f 7460 7461 7462
f 6332 6901 6333
f 7436 6533 6130
f 7463 7456 6196
f 7464 6988 7407
f 7465 7466 7467
f 7468 7469 7470
f 6934 6918 6920
f 7471 7472 7473
f 7474 6151 7475
f 7476 7477 7478
f 6933 7479 6918
f 7480 7481 7482
f 6931 7483 6932
f 7484 6327 7485
f 7486 6566 6565
f 6550 7487 7488
f 7489 7490 7491
f 7486 7492 6566
f 7493 6340 7494
f 6581 6580 7495
f 6350 6100 7496
f 7497 6579 7498
f 7499 7471 7500
f 7501 7502 7503
f 7400 6942 7504
f 7505 7011 7506
f 7115 7507 7508
f 7168 7167 7509
f 7510 6061 7511
f 7512 7513 7514
f 6948 6950 7167
f 7515 7516 7517
f 7507 7518 7519
f 7520 7521 6101
f 7496 6100 6102
f 6214 6216 6616
f 7522 6355 7523
f 7524 6576 7525
f 6576 7524 7526
f 7527 6991 6587
f 7528 7529 7530
f 6065 7524 6066
f 7531 6574 6576
f 7532 7533 7534
f 7527 7535 7536
f 7535 7527 7537
f 7538 7539 7540
f 7541 7542 7543
f 7042 7041 7544
f 5823 5824 7420
f 7529 6025 6024
f 6025 7529 7528
f 5827 5828 7545
f 7546 6015 7547
f 6015 7546 6017
f 7548 7549 7550
f 6486 7551 6487
f 7552 6983 7553
f 7554 7555 7556
f 5682 7557 5683
f 5917 7557 5682
f 7557 5917 7558
f 7559 7560 7561
f 6769 7562 6770
f 7563 7564 7565
f 7261 6466 6468
f 7419 7566 7567
f 7568 7569 6138
f 7026 6615 6614
f 6998 7570 7571
f 7546 6140 7572
f 6994 6099 6098
f 6099 6994 6112
f 7199 6391 7573
f 7571 7574 6113
f 7207 6440 6439
f 6440 7207 6451
f 6450 7575 7576
f 7575 6450 7577
f 7578 7579 7580
f 7581 7582 7583
f 7584 7585 7586
f 7587 7588 7589
f 7041 7583 7590
f 7591 6969 7004
f 7028 7592 6630
f 6227 6226 7017
f 6993 7593 7594
f 7588 7595 7021
f 6624 7020 6625
f 7592 6626 7596
f 6377 7597 7050
f 7598 7599 7600
f 6268 6270 7200
f 7601 6268 6359
f 7051 6227 6626
f 7106 6671 7599
f 6230 6229 7602
f 7603 7604 7605
f 6746 7606 7033
f 6749 6407 6746
f 7607 7608 7609
f 6668 7609 7029
f 7609 6668 7610
f 7611 6073 7612
f 6270 6154 6153
f 7038 6073 7046
f 7039 7106 6155
f 7613 6502 7614
f 7615 7035 7037
f 7616 7617 7618
f 7619 7620 7621
f 7097 7622 7623
f 7624 7619 7625
f 7626 7627 7047
f 7628 7629 7630
f 7631 6213 7041
f 7632 7633 7634
f 7605 7635 6385
f 7636 7637 6089
f 7636 7638 7637
f 6731 6437 7639
f 7640 6736 7603
f 7635 7641 7642
f 7344 7643 7644
f 7640 7645 7646
f 7645 7640 7213
f 6304 7373 6305
f 7647 7648 7649
f 6847 6840 6842
f 6291 7382 6524
f 7650 6181 6183
f 7350 7651 7351
f 7652 7653 7654
f 7654 7647 7655
f 7655 7647 7649
f 7656 7657 6647
f 7657 7656 7658
f 7659 7660 7661
f 7662 7663 7664
f 7665 6237 6239
f 7354 7651 7666
f 7651 7350 7667
f 6655 7083 7668
f 7669 7670 7671
f 7091 7082 7092
f 7358 7359 7672
f 7081 7673 7082
f 7072 7661 7073
f 7674 7675 7676
f 7675 7674 7677
f 7678 7679 7680
f 7652 7654 7067
f 7681 6414 6416
f 7682 7683 7684
f 7685 7686 7687
f 7688 7689 7690
f 7664 7691 7692
f 7693 7694 7695
f 7693 7696 7694
f 7697 7671 7698
f 7699 7700 7701
f 7702 7703 7704
f 7705 7706 7707
f 6241 7708 7078
f 7709 6241 6240
f 7706 7710 7711
f 7712 7713 7714
f 7614 7715 7716
f 7644 7717 6229
f 7094 7105 7718
f 7719 7662 7664
f 7717 7720 7721
f 7109 6443 7110
f 7722 7723 7724
f 7725 7723 7722
f 7726 7727 7728
f 7729 6607 7730
f 7731 7009 7732
f 7733 7734 7735
f 7736 7737 6946
f 7738 6945 7739
f 7740 7741 7742
f 7743 7744 7745
f 7746 7747 7748
f 7749 7746 7750
f 7154 7751 7752
f 7753 7754 7755
f 6421 6846 7152
f 7283 7282 6476
f 7756 7277 7757
f 7153 7368 7154
f 7758 7759 7754
f 7751 7760 7761
f 6473 7762 6474
f 7763 7132 7764
f 6712 7765 6686
f 7766 7767 7768
f 7769 6709 6708
f 6707 7770 7771
f 7772 7773 6251
f 6712 6686 6713
f 7138 7760 7774
f 7761 7760 7138
f 7774 7132 7763
f 6250 7774 7763
f 6251 7142 6184
f 7772 6251 7775
f 7776 7777 7778
f 7779 7780 7781
f 7782 7783 7784
f 7783 7785 7784
f 7786 6584 7787
f 6914 7788 7789
f 6938 7790 6341
f 7159 7791 7788
f 7792 6106 7793
f 7794 7795 6940
f 7796 7797 7798
f 7797 6707 7799
f 6708 6710 7800
f 7801 7802 7161
f 6418 7511 7803
f 6950 7804 6540
f 6946 7737 7805
f 7806 7807 7808
f 6311 7749 7809
f 7810 7811 7812
f 7813 7814 6714
f 6401 7815 6402
f 7816 6782 6860
f 6862 6178 6289
f 7817 6217 6082
f 7818 7817 7819
f 7820 6217 7817
f 7821 6738 6724
f 6789 7822 6790
f 7823 7184 7824
f 7824 7184 7825
f 6726 7301 6716
f 7296 7826 7827
f 6786 7388 6263
f 7192 7828 6734
f 7186 6387 7194
f 6735 7829 7823
f 6503 6435 6437
f 7830 7831 7829
f 7832 6231 6388
f 7637 6508 7833
f 6722 6739 6723
f 6233 7212 7197
f 7834 7835 6730
f 7386 7836 6070
f 7837 7838 6390
f 7839 6743 7840
f 7841 6643 6640
f 6747 7030 7842
f 7843 7844 7845
f 7211 7846 7847
f 7848 7605 7849
f 7205 6749 6744
f 7845 7839 7203
f 7850 6720 7851
f 6720 7850 7843
f 7852 7837 6390
f 6452 7853 7854
f 7855 7846 7856
f 7846 7855 7857
f 7214 7858 7859
f 7847 5958 7211
f 5958 7847 5959
f 7860 7861 7862
f 7863 7864 7182
f 7847 6720 6719
f 7865 7576 6265
f 7866 7867 7868
f 6048 7869 7870
f 7871 7556 6461
f 7872 7873 7874
f 6472 7336 7875
f 7876 7877 6124
f 7878 7879 7880
f 7881 7882 7883
f 7884 7885 7886
f 7887 7888 6462
f 6471 7233 7889
f 7890 7891 7187
f 6277 6276 7892
f 7893 7216 7242
f 7888 7894 7895
f 7892 6276 7552
f 6276 6983 7552
f 7896 7897 7898
f 7899 6799 7900
f 7901 7902 7903
f 7904 7905 7906
f 7907 6125 6124
f 7908 7909 7910
f 7911 6486 6485
f 7912 7913 7914
f 7915 7916 7917
f 7918 7919 7920
f 7921 7922 7923
f 6318 7924 7925
f 7926 7927 7909
f 7928 7929 7930
f 7931 6573 7932
f 7933 7311 7934
f 7935 7464 7406
f 6467 6771 6468
f 7936 7222 7224
f 7937 6772 6271
f 7247 7394 6869
f 7394 6316 6117
f 7938 5858 5861
f 6058 6057 6115
f 7939 7940 6047
f 7941 7942 7943
f 7944 7921 7272
f 6698 6699 7945
f 6691 7946 7135
f 6489 6255 7277
f 7314 7947 7948
f 7949 7950 7951
f 7368 7367 7952
f 7953 6781 7954
f 6245 6244 7955
f 7956 6123 6752
f 6790 7957 7872
f 6790 7822 7957
f 7826 6121 6123
f 7958 7959 6284
f 6725 6727 7297
f 7960 7961 7295
f 7961 7386 7962
f 7963 7964 7965
f 7327 7966 7967
f 7968 7969 7970
f 7971 7300 6288
f 7972 7973 7964
f 7974 7972 7963
f 6284 7975 7976
f 6492 6791 6493
f 7977 6177 7341
f 7304 7306 7385
f 7978 7979 6500
f 7980 7385 7302
f 7980 7302 7286
f 6128 7981 6129
f 7982 7983 7984
f 7129 7985 7986
f 7987 7988 7989
f 7990 7991 7992
f 7993 7258 7260
f 6799 7994 6320
f 7995 7335 6815
f 7978 6500 6499
f 7996 6499 6823
f 6813 6165 6167
f 7997 7998 7999
f 8000 7986 8001
f 8002 7260 8003
f 8004 7245 8005
f 8006 8007 8004
f 6516 7312 7314
f 8008 7979 7978
f 6299 6298 8009
f 7312 6520 7313
f 8010 8011 6500
f 8009 8012 6498
f 6298 8013 8009
f 6781 6780 7325
f 8014 8015 8016
f 8015 8014 6244
f 6287 8017 8018
f 6288 6287 8018
f 6483 6433 6432
f 8019 7319 7321
f 7826 6123 7827
f 6287 6762 8017
f 6822 7335 7995
f 7967 7338 7337
f 7320 8020 7318
f 7334 7337 8021
f 8022 6283 6793
f 6821 7328 6822
f 6282 8023 8024
f 6282 8024 6175
f 6435 6504 6436
f 6228 7344 6229
f 6088 6644 8025
f 8026 7353 8027
f 7603 6736 7604
f 7112 7096 7113
f 7355 6862 6289
f 8028 7065 8029
f 7833 6508 6292
f 6089 7637 7833
f 7383 6857 6864
f 6837 7355 6289
f 6397 6514 8030
f 8031 6183 8032
f 6838 8033 8034
f 8035 8036 7653
f 7133 7063 6682
f 8037 7758 7362
f 8038 8039 8040
f 8041 8042 8043
f 8044 6694 8045
f 7758 8046 6420
f 7955 7369 8047
f 6863 6245 7375
f 8046 7064 6420
f 6156 6158 8048
f 6245 7955 7375
f 7370 6779 8049
f 6779 7370 7369
f 8050 6510 6512
f 7365 6510 8050
f 8015 6297 6780
f 7375 7955 6511
f 6864 6865 7287
f 6303 8051 6304
f 8051 6303 8052
f 8009 8053 8012
f 6259 6261 8054
f 6509 6260 6861
f 6843 7357 6844
f 6508 6258 6509
f 6179 7381 6180
f 6179 6521 7381
f 6521 6179 6522
f 8055 8056 7305
f 7293 8057 7974
f 7308 6725 7297
f 6857 6189 6865
f 6189 6857 6187
f 6850 6298 6849
f 6298 6850 6851
f 8058 7379 7285
f 8055 7305 7384
f 6795 6796 6782
f 6839 6795 7816
f 8059 8060 8061
f 6194 7390 7389
f 7393 6455 8059
f 6527 8059 7390
f 6271 6058 6316
f 6316 6058 7266
f 7566 8062 7567
f 8063 8064 8065
f 8066 8067 6330
f 8068 8066 6329
f 7439 8069 8070
f 8071 6529 8072
f 8073 8074 8075
f 8076 8077 8078
f 8079 6885 6881
f 6036 6220 6041
f 8080 6137 8081
f 5825 7421 7420
f 7421 5825 5826
f 8082 8083 8084
f 8085 6595 6873
f 8086 8079 6881
f 5728 8087 5727
f 8087 5728 5833
f 8088 8089 8090
f 6324 8091 8092
f 8084 6594 6593
f 6873 6882 6592
f 8093 8072 8094
f 8072 8095 8094
f 8092 8091 6190
f 7456 8096 8097
f 6594 8098 6595
f 6870 6872 8099
f 6871 6593 6872
f 8085 6873 6591
f 7425 8100 7434
f 6590 8100 7425
f 6131 7429 7435
f 6554 6555 7429
f 7430 7425 7435
f 6555 7425 7430
f 6532 6554 7429
f 6533 7455 6130
f 6889 6131 6547
f 6132 6131 6889
f 7440 8101 7441
f 8101 7440 8102
f 8103 6934 8104
f 6201 6200 7441
f 8104 6920 8105
f 8106 8107 6051
f 6565 6545 6567
f 6919 8108 6546
f 8108 6919 6918
f 6546 6543 6919
f 6892 6333 7436
f 6331 6333 6892
f 7416 8109 7417
f 8110 6047 8111
f 8112 8113 8114
f 7919 8115 8116
f 6911 8117 6910
f 6197 8118 6198
f 8119 6196 6908
f 8120 6196 8119
f 6888 8121 7262
f 7433 6887 6569
f 7444 7443 6894
f 8122 6278 8123
f 7457 8124 6332
f 7461 8117 6911
f 8125 6332 6331
f 8125 7457 6332
f 7442 8126 7443
f 8127 8128 8129
f 8130 8131 7935
f 7464 7407 7406
f 8096 7406 8097
f 8118 6324 8092
f 6197 7456 8118
f 6323 6535 8091
f 6559 6561 7469
f 6560 8132 6561
f 7481 8103 7482
f 8133 8134 7466
f 6151 6050 7539
f 8135 8136 8137
f 6934 6920 8104
f 8138 7480 6577
f 7485 6933 6934
f 7485 7479 6933
f 8139 6929 8140
f 6564 7468 8141
f 6327 8142 7485
f 6921 7484 6922
f 7791 8143 8144
f 8145 8146 7486
f 6546 6924 6567
f 6924 6546 8108
f 8128 7432 6568
f 8147 8148 8149
f 7494 7489 8150
f 7489 7494 7490
f 7491 8151 8146
f 8152 7257 8153
f 8151 8154 7442
f 8155 8156 7457
f 8157 8158 8159
f 8107 6202 8160
f 8161 8162 8163
f 8163 8164 8165
f 7514 8166 8167
f 8168 6354 8169
f 6944 8102 8170
f 8171 6418 7803
f 8172 7510 6418
f 8173 7796 7798
f 6947 6946 7805
f 8174 8175 8176
f 8175 6948 7167
f 8177 8178 7008
f 8179 8180 8181
f 8182 8168 8169
f 6579 8183 6580
f 8184 8179 8185
f 7000 6431 6579
f 8167 7786 7787
f 7514 8167 8186
f 7008 8178 8176
f 8187 8188 7513
f 7521 8189 6101
f 8186 8167 7787
f 8165 8190 8191
f 8192 7496 8193
f 8194 6965 6355
f 7589 6371 6370
f 6625 7020 6215
f 6997 8195 7570
f 8196 8197 8198
f 6603 8199 6604
f 6957 7522 6958
f 8200 8201 8202
f 7477 8203 7478
f 7525 6575 7395
f 6575 7525 6576
f 7527 6587 7537
f 6366 7536 7530
f 7536 6366 7527
f 6585 8204 6586
f 8198 8205 8206
f 6614 6616 8207
f 6033 6031 8208
f 6021 7572 6023
f 7523 6355 6357
f 6586 8204 7531
f 8075 6537 8209
f 7395 8210 7396
f 8210 7395 6575
f 6219 6062 8211
f 6062 6219 6221
f 8212 8213 7474
f 8190 8214 8215
f 8216 8217 8218
f 8219 7021 8220
f 8221 8222 8223
f 8224 8225 8226
f 6968 8227 6971
f 8228 8229 8230
f 8231 6967 6207
f 6967 8231 8232
f 7005 6207 7004
f 6207 7005 8231
f 8233 7634 8234
f 8235 8236 8237
f 7560 8238 8239
f 6026 6025 7528
f 8240 8241 8242
f 8243 8244 7228
f 7221 8245 8246
f 7268 8247 7269
f 8248 8249 8250
f 7890 6277 7891
f 7188 8251 7189
f 5788 6982 5852
f 6983 5788 5787
f 5788 6983 6982
f 6147 6465 6275
f 7891 8252 8251
f 8253 8088 8254
f 8255 8256 7564
f 8257 8258 7563
f 8259 7411 8260
f 8261 6599 8262
f 6558 6977 7407
f 8263 8258 8257
f 7417 8264 8265
f 8264 8266 8265
f 8267 7416 7418
f 6553 6984 8268
f 6468 6771 8269
f 8270 8271 7463
f 7217 7568 6138
f 8272 8273 8274
f 7547 7218 6140
f 6364 7530 8275
f 7530 6364 6366
f 6141 8275 6139
f 8275 6141 6364
f 6112 8276 6113
f 6097 8277 6098
f 6741 7199 8278
f 8279 8280 8281
f 6451 8282 6452
f 7577 6266 7575
f 6266 7577 6755
f 6742 6741 8278
f 8279 8281 6997
f 8283 8284 8285
f 6412 8286 6413
f 8287 8181 8288
f 8289 8290 8291
f 8292 8293 8294
f 8294 8295 8296
f 8297 7500 8298
f 8299 8300 8301
f 8302 8303 8304
f 8305 8306 6248
f 8307 8308 8309
f 6616 8199 6603
f 8310 6967 8232
f 6967 8310 8217
f 8311 6895 8312
f 8313 7042 7544
f 8314 8230 7591
f 8315 8316 8317
f 6612 8236 8235
f 7006 8318 8313
f 7634 8318 7006
f 7028 6626 7592
f 7028 7051 6626
f 7596 8319 6617
f 6626 8319 7596
f 7594 6214 6615
f 6624 6617 7020
f 6215 8308 8307
f 8320 7586 8321
f 8280 6629 8322
f 6992 6358 6360
f 7200 7201 6377
f 6270 6153 7201
f 6992 8323 6358
f 6358 8323 6359
f 6629 7027 6630
f 6613 6378 7028
f 6161 8324 7017
f 7019 7018 8233
f 8325 7598 8326
f 7598 7600 8326
f 7349 7344 6228
f 8327 8328 8329
f 8330 8331 7609
f 8332 7610 6670
f 6643 6163 6640
f 7032 7031 7102
f 6749 6746 6744
f 7101 8332 7615
f 6074 8333 8334
f 6671 6673 7599
f 8331 8335 6398
f 8336 6164 6154
f 8336 6154 6270
f 6163 8337 8338
f 6163 8338 6164
f 8339 8340 7035
f 8341 7614 8342
f 8338 8337 7611
f 8343 6074 6073
f 7628 7630 8344
f 8345 8346 8347
f 8348 7707 8349
f 7041 7581 7583
f 6213 6383 7581
f 8350 8351 8352
f 6213 6212 6383
f 8353 8354 8355
f 8356 8357 8358
f 6225 6161 6226
f 8359 7049 8360
f 7007 7584 8361
f 7040 7042 8313
f 7584 8313 7585
f 8362 8314 7591
f 7624 7625 7633
f 7040 7631 7041
f 7646 8363 8364
f 6737 6732 8365
f 8366 8367 8368
f 7828 7831 7830
f 7646 8364 7640
f 6388 6231 6233
f 6387 6233 7196
f 7197 7212 7214
f 6750 8369 8370
f 8371 5738 5737
f 5738 6750 5954
f 6750 5738 8371
f 7849 6385 6384
f 6410 6407 6748
f 7349 6228 6230
f 7606 8372 7033
f 7348 7054 7342
f 7054 7055 7342
f 6304 7288 7373
f 7288 6304 8051
f 8373 6395 6397
f 6648 6479 6481
f 6479 8374 6480
f 8373 6397 8375
f 7648 8376 8377
f 7673 6416 8378
f 8379 8380 8036
f 8381 8032 8382
f 7660 7071 7661
f 7069 7649 7070
f 8383 7069 7659
f 6183 6182 7657
f 8032 6183 7657
f 7649 8377 8384
f 7660 7069 7071
f 7661 7071 6675
f 6674 6676 8385
f 8386 7172 7171
f 8387 8388 6654
f 7667 7350 7352
f 7083 7358 7084
f 7084 7672 7085
f 8027 8389 8390
f 8389 8029 6833
f 6832 7354 8391
f 6504 6392 6394
f 8392 7112 8393
f 6441 8394 8395
f 8396 8397 6651
f 8398 8397 8399
f 6416 7073 8378
f 7359 7068 6414
f 8400 6652 8401
f 6678 7672 7081
f 8402 8403 8404
f 8405 8406 8407
f 8408 7812 8409
f 7661 6675 8410
f 7082 8411 7092
f 8412 7067 8413
f 7672 6414 7681
f 8043 8040 8414
f 6105 8381 8382
f 8415 6678 6677
f 7668 7085 8415
f 7810 8400 7811
f 8416 8417 6608
f 7692 7691 8418
f 7096 8419 8420
f 7664 7692 8421
f 8422 8423 8424
f 8425 8426 8427
f 8425 8428 8426
f 8356 7711 8429
f 8333 8430 8431
f 8284 8432 8285
f 8433 8434 8435
f 8436 8437 8438
f 8439 8440 8441
f 7719 7664 8442
f 8443 6666 6665
f 8393 7112 7114
f 8444 7094 8445
f 8446 8447 8448
f 8449 8344 8450
f 8451 7714 8440
f 8449 8450 8452
f 8453 8454 8455
f 8456 8440 8439
f 8457 8458 6400
f 8458 8457 8354
f 6148 6150 6399
f 6229 7717 8459
f 8329 6149 6148
f 8460 8461 8462
f 6443 8392 7110
f 6437 6436 8463
f 7347 6441 6443
f 8464 8465 8466
f 8467 8466 8468
f 8469 8470 8471
f 8472 7118 6635
f 8473 8474 8475
f 8476 8477 8478
f 8479 8480 8481
f 8482 7736 6945
f 8483 7119 8484
f 7739 8485 7738
f 8485 7739 7731
f 7742 8486 8487
f 8488 8489 8490
f 8491 8492 8493
f 8494 8468 8495
f 7741 6426 8486
f 8496 8497 7747
f 7747 6661 7748
f 6310 7746 7749
f 6311 6310 7749
f 7748 6661 8498
f 7748 8498 8499
f 7362 7758 7754
f 8500 8501 8502
f 8503 8504 7366
f 6810 7289 7281
f 7289 6810 8505
f 8506 7372 7367
f 7134 8507 7144
f 6802 6109 8508
f 8040 6855 6680
f 8040 6680 8414
f 7945 8509 8510
f 6802 8511 6109
f 8512 7764 6697
f 7773 6249 6251
f 7152 8513 8514
f 6661 6660 8515
f 6711 6713 7802
f 8516 8517 8518
f 7137 7761 7138
f 8514 8513 8519
f 6686 6688 6709
f 6709 6688 7773
f 7758 6420 7759
f 8520 7145 7130
f 8520 7130 8521
f 7145 7131 7130
f 6250 7763 8512
f 7763 7764 8512
f 6425 6186 8522
f 6425 8522 8523
f 6710 7772 7775
f 7800 7775 6424
f 6185 6698 8524
f 8148 8150 8149
f 8525 7784 8526
f 8527 8528 8529
f 7923 6801 6800
f 7786 6582 6584
f 7787 6584 7521
f 7788 7791 8530
f 8531 8532 8533
f 8534 8144 8535
f 8536 6086 6939
f 7770 7139 7141
f 7770 7141 6085
f 7162 6708 7800
f 7140 7800 6424
f 7170 7161 6059
f 6664 6663 8537
f 7775 6251 8538
f 7162 7800 7139
f 7804 7798 8539
f 7803 7511 7796
f 7744 6658 8540
f 7745 7744 8540
f 8541 8517 8542
f 8542 8517 8516
f 8543 8544 7678
f 8545 7086 8546
f 8547 7685 7687
f 7173 8548 8549
f 8550 6311 7809
f 8551 8552 8553
f 6292 8554 6836
f 6836 8554 7355
f 6261 7191 8555
f 6261 8555 8054
f 6084 8556 8557
f 8558 6084 8557
f 8559 5904 5903
f 5904 8559 8560
f 7183 7182 8561
f 6123 6122 8562
f 7183 8561 7820
f 5869 8557 8556
f 5681 8557 5869
f 8557 5681 5680
f 8562 6753 6752
f 8562 7821 6753
f 6733 7836 7386
f 6264 8563 7301
f 7825 8564 6739
f 7823 7829 7184
f 8565 7824 8566
f 6716 7301 7958
f 8567 8568 7181
f 8555 7178 7179
f 8555 7960 8054
f 7961 6733 7386
f 6734 6733 7961
f 8568 8569 6121
f 8569 8570 6738
f 8571 8572 8573
f 6734 7828 7830
f 8574 8575 6392
f 7637 7638 6508
f 8560 5906 5905
f 8564 7194 8576
f 8577 7832 7185
f 8578 8579 7835
f 8580 6641 8581
f 7838 6639 7601
f 7206 7204 8582
f 6745 7842 8583
f 6721 6446 8584
f 5959 7847 5960
f 7209 7205 7839
f 7857 7060 7844
f 7857 7851 7846
f 7851 7857 7850
f 7845 7844 7839
f 7207 8582 6451
f 7202 7845 7203
f 6452 7854 7198
f 8282 8582 7853
f 6996 8585 8279
f 6391 6992 7573
f 8586 5951 5956
f 5951 8586 7210
f 8587 7210 8586
f 7210 8587 7856
f 6217 7235 6218
f 8584 5971 5969
f 5971 8584 6438
f 5950 7211 5957
f 6005 6003 8588
f 5985 6265 5987
f 8589 8590 8591
f 8592 8593 8594
f 7254 8595 8596
f 6469 6471 8597
f 6487 8598 8599
f 8600 7913 7912
f 8601 6764 6763
f 5679 8557 5680
f 8557 5679 6464
f 7905 7912 8602
f 8603 8604 8605
f 7336 8606 8607
f 8608 7912 7905
f 8609 8610 6315
f 8111 6047 6049
f 7242 7871 8600
f 8611 8612 8613
f 7891 7552 8252
f 8614 8615 7222
f 7895 7236 6053
f 8616 6981 7890
f 7991 7997 7999
f 8617 8618 7998
f 8619 8620 7907
f 6320 7994 6321
f 8621 8622 8623
f 8624 7238 7896
f 8625 8601 6763
f 8626 7907 8627
f 7907 8626 6125
f 7927 8628 7909
f 8629 7926 7909
f 7238 7240 8630
f 7984 8621 8631
f 8632 8633 8604
f 8604 8634 8605
f 8635 8636 8637
f 7926 8621 7927
f 8638 8639 8640
f 7909 8628 7881
f 6257 8641 8642
f 8003 8643 8644
f 8645 7155 7157
f 8646 7155 8645
f 6319 8647 6767
f 7256 8122 7257
f 8648 8649 8650
f 6767 8647 8651
f 8528 8652 8653
f 8654 8655 8656
f 6128 8657 7981
f 8658 8644 6317
f 8659 8660 8661
f 8660 8659 8662
f 8663 8664 8665
f 8666 7261 6571
f 8667 8668 8669
f 8670 6571 6573
f 6573 8671 8672
f 8673 8674 6313
f 8675 8676 7869
f 8677 8678 8679
f 8634 8680 8681
f 7454 8682 8683
f 6314 8684 8685
f 7222 8615 7223
f 8686 5887 5886
f 5887 8686 8687
f 8639 8635 8637
f 8688 8689 8690
f 8691 8673 6312
f 8692 7939 6047
f 7923 8693 6801
f 6940 7795 8694
f 7757 8695 8696
f 7757 8697 8695
f 7143 7134 7144
f 8507 8698 7131
f 8699 8700 8701
f 6766 8702 6767
f 8703 7127 8704
f 6811 6810 6689
f 6693 8705 6809
f 6810 6690 6689
f 7955 8047 6511
f 6511 8047 8706
f 7827 6123 7956
f 7968 6789 7969
f 7973 8707 6789
f 7964 7968 7970
f 6716 7958 6717
f 8708 6283 8022
f 6067 6493 6068
f 6493 6792 6068
f 6068 6505 8023
f 8023 6505 6507
f 7958 8709 7963
f 7292 7294 7293
f 7965 7964 7970
f 7296 8707 7973
f 6483 8710 6433
f 6482 6819 6483
f 6507 6506 7327
f 6176 6507 7327
f 6069 6282 6804
f 6068 8023 6282
f 6859 7302 6803
f 7306 6067 6069
f 6796 8711 8055
f 7285 7980 7286
f 8712 6118 6120
f 6807 7319 8019
f 7988 8713 7990
f 6812 6814 7987
f 8714 8715 8716
f 7317 7316 8717
f 8718 6812 8719
f 7322 6813 6812
f 8719 7987 7259
f 7986 7993 8002
f 8720 8721 8722
f 8723 8724 8725
f 8724 8723 8726
f 8727 8011 7341
f 8011 8727 8728
f 7341 6820 8727
f 8727 6820 8725
f 7979 8010 6500
f 6805 6281 6765
f 6823 6824 8729
f 8730 8731 6165
f 6478 6777 6778
f 7129 6496 7985
f 6804 6281 6805
f 6805 7979 8732
f 7979 6805 6765
f 7302 6069 6804
f 7286 6518 8053
f 6518 7286 6859
f 6519 6805 8732
f 6805 6519 6803
f 7954 7326 7280
f 8733 7996 7244
f 6495 8734 8735
f 7324 8005 7322
f 8008 7978 8733
f 7947 8736 8733
f 8737 7290 7289
f 7280 8738 6477
f 6497 6498 7325
f 7325 6498 6515
f 7279 6477 6476
f 7953 7954 7280
f 8739 8006 6494
f 7380 7323 8739
f 8018 8017 6080
f 6434 6079 6081
f 7556 7555 8740
f 7957 8741 7872
f 8021 8742 6815
f 8021 8743 8742
f 7822 8744 7957
f 8744 6752 8745
f 6506 6793 7966
f 6482 6484 7339
f 6505 8022 6506
f 6506 8022 6793
f 7335 8021 6815
f 7339 6432 8746
f 8725 7995 8723
f 6504 6394 6436
f 6436 8747 6825
f 7193 6088 8025
f 6830 6832 8748
f 7056 7349 6230
f 7608 7602 8330
f 6838 6837 8033
f 6837 6289 8033
f 6300 6524 6301
f 6838 8034 8379
f 6289 6178 6180
f 6862 6861 6179
f 8033 6289 6291
f 6301 6525 7377
f 7649 7648 8377
f 8749 7378 8750
f 8380 6302 8751
f 7653 8752 7654
f 8028 6293 7065
f 7351 6235 6234
f 8753 7755 6659
f 7759 6420 6422
f 8754 6649 6853
f 6853 6156 6854
f 6647 8755 6648
f 8755 6647 7657
f 8032 7657 7658
f 7147 8756 7366
f 8705 8757 8505
f 8706 7371 6693
f 6512 6511 6692
f 8037 6682 7758
f 6682 8046 7758
f 6809 6811 8758
f 6779 6781 7953
f 8759 8045 7147
f 6682 7064 8046
f 8049 6779 7953
f 8050 6512 8760
f 8761 8762 8044
f 6294 6296 6188
f 6396 7383 6864
f 7373 6245 6863
f 7373 6863 6305
f 8053 6518 6520
f 8012 8053 6520
f 6861 6522 6179
f 6522 6861 8763
f 6290 6180 7382
f 6844 6856 7383
f 7381 8764 7356
f 7356 8764 7357
f 6522 8765 7177
f 8765 8766 8767
f 6786 6263 6262
f 7384 7305 7304
f 7357 6860 6844
f 6860 7357 7816
f 6521 6523 6795
f 7297 6727 6716
f 6727 6726 6716
f 6787 6786 6262
f 6787 6262 6725
f 6189 6849 6848
f 6849 6189 6850
f 6244 6848 8015
f 6848 6244 6243
f 6865 6848 6243
f 6848 6865 6189
f 6189 6188 6850
f 6784 6783 6295
f 6858 6860 6294
f 6057 7392 6115
f 8768 8769 8770
f 8770 8771 8772
f 8060 8773 8774
f 7390 6877 8775
f 8768 8776 6208
f 6194 6527 7390
f 8777 6210 8778
f 8258 8255 7563
f 6316 7266 6117
f 6058 6115 7266
f 6056 8779 6057
f 8094 8780 8067
f 7398 7400 8781
f 8069 6539 8070
f 6539 8069 8209
f 8070 8782 8095
f 8782 8070 6539
f 6876 6875 8783
f 8784 8785 8786
f 8787 7420 7422
f 6881 6885 7405
f 8788 6136 8080
f 8783 7532 7534
f 7421 7545 8788
f 6137 6064 8081
f 5824 5825 7420
f 6369 6368 6976
f 6368 6975 6976
f 8099 8085 7428
f 8099 6872 8085
f 8079 6883 6885
f 8789 7415 6367
f 8260 7411 8790
f 6912 8791 8086
f 5727 8792 5726
f 8792 5727 8087
f 6883 6369 6884
f 6973 8262 7412
f 7565 6596 6598
f 6871 8084 6593
f 6594 8086 8098
f 8793 7410 8794
f 8795 8082 8084
f 6593 6595 8085
f 8098 8086 6881
f 7424 6590 7425
f 8077 8796 8078
f 8796 8077 8073
f 7435 7434 6547
f 7434 7426 7427
f 7427 8094 8066
f 8066 8094 8067
f 8091 6870 6191
f 8091 6191 6190
f 8797 8794 6870
f 6535 8794 8797
f 6336 6536 7424
f 6590 6592 8100
f 6536 7428 6590
f 6536 6590 7424
f 6893 7436 6132
f 7436 6130 6132
f 6532 6334 6554
f 7455 6532 7429
f 7455 7429 6131
f 6130 7455 6131
f 7441 8105 6201
f 8105 7441 8101
f 7441 6900 7440
f 7440 6328 8798
f 6328 6330 8798
f 6052 8138 6577
f 8798 8102 7440
f 8102 8798 8170
f 6921 7470 7484
f 6942 6944 7504
f 6566 6894 6545
f 6545 6894 6543
f 6919 6891 6199
f 6543 6331 7445
f 8109 8799 8800
f 8264 7246 8266
f 8801 7884 7310
f 8802 8803 6905
f 8657 8804 8805
f 8806 8807 8808
f 8809 8810 8811
f 8268 6984 8812
f 8813 6190 6335
f 7423 8813 6335
f 7463 8096 7456
f 8814 8815 8816
f 8270 7463 6196
f 8817 8669 8815
f 8119 6908 8117
f 7461 8119 8117
f 6886 6334 6532
f 6531 6910 6532
f 6198 8813 7423
f 8818 7423 6910
f 8123 6278 7433
f 8819 8123 8128
f 6901 6533 7436
f 6902 6531 6533
f 7433 6569 6568
f 7262 8820 7461
f 8271 8096 7463
f 7456 8097 8118
f 6198 8118 8813
f 8813 8118 6190
f 8821 8822 8132
f 8823 8824 8825
f 8824 8823 6929
f 6101 8826 6102
f 6562 8827 6563
f 7469 6325 7470
f 8141 7468 7470
f 7539 6050 6052
f 6152 8106 6051
f 8135 8137 8828
f 8829 8830 8831
f 6203 8832 6204
f 8160 6922 6899
f 6563 8827 6559
f 6561 8132 6931
f 6914 7789 6562
f 7789 8827 6562
f 8142 6326 7479
f 6327 6326 8142
f 8833 6923 6924
f 6932 8834 6923
f 7483 8822 8834
f 8835 8836 8837
f 8836 8835 8838
f 8839 8152 8840
f 8839 7255 7257
f 8126 8129 7443
f 8841 7462 7458
f 8842 8654 8656
f 8843 8844 8845
f 6340 6342 8846
f 6340 8846 7494
f 7492 7442 7444
f 8146 7492 7486
f 8154 8153 8126
f 8847 8848 7473
f 8849 8850 8851
f 8852 8297 8298
f 8853 8854 8830
f 8851 8855 8856
f 6351 6350 8192
f 7165 8857 6955
f 6351 8192 8190
f 6956 6955 6954
f 8858 7514 8859
f 7539 6052 7540
f 8860 8861 7399
f 7540 6052 6578
f 7475 7539 7538
f 7168 8187 7166
f 8187 7168 8188
f 8166 8862 8167
f 7010 7731 7739
f 7731 7010 7009
f 7735 7508 8863
f 6419 6418 8171
f 8174 8484 8175
f 8476 8478 8864
f 6704 8865 8866
f 8863 7164 7163
f 7163 7165 6354
f 6580 8867 8868
f 8869 7495 6171
f 6346 8870 6347
f 6353 7163 6354
f 6705 8866 8871
f 6542 8872 8873
f 8872 6542 6582
f 6954 8859 7520
f 8859 8186 7520
f 8178 8174 8176
f 7506 8187 7513
f 8874 7520 6100
f 6349 6953 6350
f 6101 8189 8826
f 8826 8875 6914
f 8193 6102 8876
f 8877 8215 8878
f 7026 7025 6615
f 8274 8197 8196
f 7594 6623 6625
f 7596 6624 6623
f 8273 8879 8274
f 6113 7574 8880
f 8274 8879 8200
f 8202 8881 6957
f 6965 7587 7589
f 6605 6604 8194
f 6357 6356 6588
f 6355 6370 6356
f 8882 8883 6895
f 7528 7530 7536
f 7537 6587 6961
f 6220 8208 8884
f 6366 8206 7527
f 8205 6957 6585
f 6220 8884 6221
f 6960 7531 6576
f 8196 8198 6365
f 8205 6585 6991
f 6141 8196 6365
f 7529 6023 7572
f 6023 7529 6024
f 7546 7547 6140
f 6574 8210 6575
f 6585 6958 8204
f 6958 6357 8204
f 6587 6586 6960
f 6586 7531 6960
f 8208 7535 8884
f 8211 6045 6043
f 6045 8211 6137
f 6065 7526 7524
f 7526 6065 8885
f 6136 6137 8080
f 8886 8887 8888
f 8216 8889 8217
f 8890 8891 8892
f 8311 8312 8221
f 8892 8893 8894
f 8310 8895 8890
f 8896 8897 8898
f 8899 8900 8901
f 8900 8899 8902
f 8903 6962 6964
f 8890 8904 8891
f 6965 7589 6966
f 7595 7022 7021
f 7528 6028 6026
f 6028 7528 8905
f 6013 6011 7547
f 6995 8276 6112
f 8906 8907 8908
f 8909 8910 6273
f 8911 8912 8913
f 8912 8911 8909
f 8914 8915 8916
f 7220 8245 7221
f 7879 6459 8917
f 5912 5911 8918
f 7553 5857 5856
f 5785 6983 5786
f 5857 6983 5785
f 6983 5857 7553
f 5848 5849 8919
f 8920 7563 7565
f 6600 6534 6322
f 8239 8921 8922
f 8919 8261 8922
f 6557 7447 8923
f 8256 8924 7564
f 5847 8925 5846
f 5848 8925 5847
f 8925 5848 8919
f 7561 8239 6972
f 5724 5725 8926
f 6115 7392 6526
f 7448 8927 8928
f 8929 6093 6904
f 8930 8263 6339
f 8931 7447 6557
f 8065 8064 6909
f 8931 7446 7447
f 7935 6988 7464
f 6556 6558 8932
f 6092 8933 6093
f 6869 6193 6195
f 8934 8065 6909
f 8935 8934 8936
f 8265 6867 6866
f 7567 6195 8063
f 7248 7247 6869
f 6867 7566 7419
f 7562 8937 6770
f 6770 6093 8929
f 6770 8929 8938
f 8937 6093 6770
f 8271 7935 8096
f 8096 7935 7406
f 6987 6909 6556
f 8131 8939 7935
f 8588 8940 8941
f 6114 8880 8942
f 6114 6113 8880
f 7574 8943 8944
f 6740 6098 8277
f 6098 6740 6994
f 5989 6267 5991
f 7571 7570 7574
f 8281 8280 8195
f 7570 8945 7574
f 6613 7027 6629
f 6450 6452 6756
f 7576 7575 6265
f 6265 7575 6266
f 6756 6452 7198
f 6742 8278 6998
f 8946 8947 8948
f 8949 8950 8951
f 8350 8352 8952
f 8953 8954 8955
f 8956 8438 6382
f 8957 8958 8959
f 8960 6375 8961
f 7014 8962 8963
f 8964 8468 6695
f 8965 8966 7810
f 8967 8968 8969
f 8970 7473 8300
f 8300 8869 6171
f 8961 8971 7471
f 8181 7734 7733
f 8972 8973 8974
f 7579 8475 7580
f 8975 8474 8473
f 8309 7587 6965
f 8309 7588 7587
f 7588 8219 7589
f 7589 8219 6371
f 8889 6205 8217
f 6372 8216 8218
f 7595 8976 7022
f 7023 8362 6205
f 7586 7585 8321
f 8230 8977 7591
f 8230 8235 8237
f 8229 8235 8230
f 8978 8979 8980
f 8230 8237 8977
f 7544 8981 6611
f 7583 7582 7541
f 6378 7050 7028
f 6378 6377 7050
f 7592 7596 7593
f 7596 6617 6624
f 8308 8982 8983
f 8982 8320 8984
f 6613 7028 7027
f 6996 8279 6997
f 7201 6155 8985
f 6377 7201 7597
f 6639 6269 7601
f 6359 6268 8986
f 7601 6269 6268
f 8323 7601 6359
f 6359 8986 6376
f 6376 8986 6377
f 8987 8325 8988
f 6161 6160 8989
f 7597 7201 8987
f 7050 6227 7051
f 6626 6628 8319
f 8319 6628 6617
f 8233 8234 6618
f 7019 8233 7052
f 8359 8360 8990
f 6155 8991 7598
f 6153 6155 7201
f 7597 8987 7050
f 7602 8459 8327
f 6229 8459 7602
f 7608 8330 7609
f 8332 6670 7615
f 7610 6668 6670
f 7610 7607 7609
f 7607 7610 8372
f 8372 7610 7034
f 6746 7033 7030
f 6669 8458 8340
f 6670 6669 8339
f 8331 6148 8335
f 8335 6148 6399
f 6269 8336 6270
f 6269 6164 8336
f 6164 7612 6154
f 7612 7038 6154
f 7611 8992 6073
f 7102 8993 8337
f 8340 8353 8994
f 6400 6399 8457
f 8992 7037 8343
f 7612 6073 7038
f 8337 8992 7611
f 8343 7037 6074
f 7036 8340 8994
f 7046 8334 6672
f 8995 7047 7049
f 7036 8994 8996
f 6213 7581 7041
f 7581 6383 7582
f 8997 8998 8999
f 9000 9001 6213
f 9002 9003 8990
f 7619 7621 7625
f 8981 7541 7543
f 7701 9004 9005
f 9006 7704 9007
f 9008 9009 8896
f 7618 7617 9010
f 8285 8432 9011
f 7600 7599 9002
f 9012 8990 7015
f 8989 9013 7624
f 7016 7097 8997
f 8984 8320 7595
f 6618 7007 6959
f 7634 9014 7040
f 7006 8313 7584
f 7620 7043 7621
f 8345 9015 9013
f 7055 7343 7342
f 6437 8463 7055
f 8574 7193 8575
f 7835 7053 6503
f 6731 6503 6437
f 6232 7645 7212
f 7858 8369 6750
f 7212 7645 7213
f 7214 7213 7858
f 9016 7348 9017
f 9018 7642 9019
f 8586 5952 6751
f 5952 8586 5956
f 7605 7641 7635
f 9020 7349 7056
f 9016 9017 9020
f 9019 7057 6409
f 6732 6731 7639
f 6732 7639 8365
f 8374 8052 6303
f 8052 8374 6841
f 8030 6514 8052
f 6481 6480 6156
f 6303 6305 7365
f 7377 8373 9021
f 6840 8052 6841
f 6514 7288 8051
f 6514 8051 8052
f 8752 7647 7654
f 6835 7653 7062
f 7351 6234 6238
f 6234 6236 6238
f 7073 7661 8410
f 8378 8410 8403
f 6415 7659 7072
f 6675 6103 6676
f 8384 8377 6181
f 7649 8384 7070
f 9022 9023 8382
f 9023 9022 9024
f 8032 7658 8382
f 7070 7650 8031
f 8031 7650 6183
f 8385 9025 9026
f 9027 8041 7683
f 8388 7352 7665
f 7667 7352 9028
f 9029 8394 6441
f 7352 8388 8387
f 7668 7083 7085
f 7084 7358 7672
f 6830 9030 6831
f 7651 8027 9031
f 6235 7061 6236
f 9032 8389 8027
f 6442 8395 8444
f 6443 6442 8444
f 8748 9033 9029
f 6436 6394 8747
f 9034 7721 7111
f 7717 9034 8328
f 8444 8445 7112
f 9035 8420 7662
f 8388 7665 6654
f 7096 7095 8419
f 7669 7697 9036
f 6666 7693 6667
f 6678 7081 6679
f 6402 7815 7089
f 8398 7668 8397
f 9037 8398 7689
f 8378 8403 8402
f 7673 8378 7082
f 7093 9038 9039
f 9038 8404 9040
f 9025 7676 7675
f 9041 6674 8385
f 8410 6674 9041
f 8410 6675 6674
f 7672 7681 7081
f 6416 6415 7073
f 7754 6422 9042
f 7683 9043 9044
f 8500 8502 9045
f 7126 6687 6686
f 8502 7753 7755
f 8414 7361 7360
f 6855 6854 6680
f 8754 6853 8039
f 9046 7173 8549
f 7174 9047 9048
f 7815 7082 7091
f 6679 7082 7815
f 7689 7688 7698
f 7688 7690 6143
f 6144 9049 9050
f 9051 9052 9053
f 7719 8442 7708
f 6828 7708 6241
f 8461 9054 9050
f 7078 8421 8443
f 8446 6242 8447
f 9010 9055 6412
f 7107 8462 7108
f 9056 8443 6665
f 8990 8360 7622
f 8285 9057 9058
f 9003 8359 8990
f 7622 7616 7623
f 8347 9058 7043
f 9059 9060 9061
f 8998 9062 8283
f 8283 9062 8284
f 7691 9063 7107
f 7078 9056 7079
f 7716 6240 9064
f 9065 9064 9066
f 7709 6829 6241
f 9067 6633 6380
f 8334 8333 7627
f 8353 8355 8994
f 6672 7627 7626
f 6224 9068 6621
f 9069 7629 9070
f 7629 9069 9071
f 7049 9072 9073
f 7049 9074 9072
f 7711 8456 8429
f 8349 8356 8358
f 9075 8439 8441
f 9076 9077 9078
f 8328 9034 6149
f 9034 6632 6149
f 8459 8328 8327
f 8459 7717 8328
f 7643 7720 7717
f 7643 9079 7720
f 8747 9029 7346
f 6825 8747 7346
f 7679 9080 9081
f 7680 7679 9081
f 8955 9082 9083
f 9084 9085 9086
f 8965 7810 9047
f 6667 9087 9088
f 9089 9090 8184
f 8184 9090 8179
f 8180 7115 7734
f 8491 8477 8476
f 6947 7805 8177
f 9091 9092 9093
f 9093 9092 7119
f 7737 8483 7805
f 7008 8176 7166
f 8483 8484 8174
f 8486 9094 8479
f 7741 8486 7742
f 9095 9096 9097
f 8476 8864 8973
f 9098 8493 9099
f 8493 9098 9100
f 8864 8865 6704
f 7743 6656 6658
f 6695 9101 6696
f 6658 6657 9102
f 9103 9104 9105
f 9106 9107 9108
f 8497 9109 7747
f 7747 9109 6661
f 7679 6664 9080
f 8515 7765 7124
f 9045 8502 8497
f 8496 7747 7746
f 9102 8542 9110
f 7169 7801 7170
f 6418 7510 7511
f 7510 6059 6061
f 7170 7801 7161
f 6059 7161 6060
f 9111 7125 7767
f 7767 7125 6711
f 8501 9112 7753
f 6422 9113 9114
f 7754 9042 7755
f 7754 7759 6422
f 7147 7366 9115
f 9115 7366 7368
f 9116 8519 6687
f 8513 7752 8519
f 7367 7143 7952
f 7952 7143 7145
f 9117 9118 9119
f 9120 8698 7762
f 7131 8698 9120
f 6680 6682 8037
f 7361 8037 7362
f 8039 6853 6855
f 8039 6855 8040
f 7132 9121 9122
f 9121 9120 6473
f 6801 8511 6802
f 6699 8509 7945
f 8532 9123 7776
f 6186 6185 9124
f 9125 9126 9127
f 9126 9125 9128
f 9129 9122 6475
f 6687 9130 9131
f 8519 7752 7761
f 7755 9132 6659
f 9133 6308 9134
f 7802 6713 6708
f 6713 6686 7769
f 7138 7774 6250
f 7368 9135 7154
f 7769 6686 6709
f 6713 7769 6708
f 6688 6687 9131
f 6688 9131 7773
f 6420 7146 6846
f 7133 8761 7063
f 7368 7952 9135
f 7774 7130 7132
f 6184 8512 6185
f 8512 6697 6185
f 6423 6425 6086
f 9136 6186 6425
f 6542 6343 6916
f 9137 6087 9138
f 8522 6186 8531
f 8523 8522 7794
f 8538 6184 6186
f 8538 6251 6184
f 9131 7761 7137
f 7773 9131 6249
f 6709 7773 7772
f 6710 6709 7772
f 8148 7494 8150
f 6935 6937 7783
f 9139 8525 9140
f 7779 7781 9141
f 7784 7785 6938
f 6109 6111 9142
f 8511 6110 6109
f 8511 9143 6110
f 8539 6344 6343
f 6540 8539 6541
f 9144 6941 9145
f 6940 8694 6941
f 8837 9141 8149
f 9141 8837 8836
f 9146 6076 6078
f 8694 6107 6106
f 6060 7161 7139
f 7139 7800 7140
f 7161 6708 7162
f 7802 6708 7161
f 6706 7139 7770
f 6706 7770 6707
f 7140 6424 7141
f 7800 6710 7775
f 7803 7796 8173
f 7796 6707 7797
f 8484 7119 9147
f 8171 7803 9148
f 9149 6540 7509
f 8873 6540 6542
f 9150 9151 8541
f 6426 9094 8486
f 7745 8540 9152
f 6428 7745 8479
f 9153 9080 9154
f 9153 9154 6700
f 9155 7074 7076
f 9046 8549 8552
f 6607 9156 6608
f 9157 9158 9159
f 7678 7680 9160
f 9161 8543 7678
f 8550 7809 8543
f 7814 9162 6311
f 9162 6309 6311
f 7687 9163 7813
f 8555 7179 7960
f 7191 7178 8555
f 7820 8561 6217
f 8740 7555 7894
f 8745 7183 8741
f 8745 6752 7183
f 6449 5748 5747
f 8591 5731 5730
f 7182 9164 7234
f 8561 7182 7234
f 8591 5732 5731
f 7182 7864 9164
f 7817 6082 6084
f 6463 8558 6464
f 6754 6753 7182
f 6753 7863 7182
f 6123 8562 6752
f 6122 7821 8562
f 6122 8569 7821
f 6121 8569 6122
f 8565 8566 8569
f 8569 6738 7821
f 8570 6739 6738
f 7825 7194 8564
f 7295 7961 7962
f 6263 7388 6264
f 9165 6072 7294
f 7387 6072 9165
f 7296 7181 7826
f 7181 6121 7826
f 7960 7179 7961
f 7179 6734 7961
f 6735 7823 7291
f 7291 7823 7824
f 7836 7190 6070
f 7836 6733 7190
f 8567 8565 8568
f 8568 8565 8569
f 7191 9166 7192
f 7638 6258 6508
f 6258 6260 6509
f 6292 6509 8554
f 6862 6179 6178
f 7196 6233 7197
f 6387 7196 7195
f 7184 8577 7185
f 7186 7185 6387
f 7837 9167 7838
f 9167 7841 7838
f 7032 7102 8337
f 9168 7032 8337
f 7840 6743 8583
f 8583 7842 6641
f 9169 9167 7852
f 6447 6439 6445
f 6439 6447 7207
f 7207 7206 8582
f 9169 9170 9167
f 8584 5967 6721
f 5967 8584 5969
f 7843 6446 6720
f 6446 7843 6444
f 7850 7844 7843
f 6446 6445 8584
f 6444 7843 7202
f 7843 7845 7202
f 7844 7060 7209
f 7844 7209 7839
f 9170 7840 8580
f 7203 7839 7840
f 6444 7202 7206
f 6447 6444 7206
f 7577 6450 6756
f 7573 6992 8585
f 6389 7852 6390
f 6390 7838 8323
f 8323 7838 7601
f 6739 7860 6723
f 9171 5732 8591
f 5732 9171 5733
f 9172 9173 8590
f 6719 5960 7847
f 5960 6719 5961
f 6265 5983 7865
f 5983 6265 5985
f 6485 6487 8633
f 8913 9174 8911
f 7254 8596 7942
f 9175 7252 7254
f 9176 8638 8640
f 9177 9178 9179
f 7232 6055 7233
f 9180 8679 9181
f 6470 6055 7232
f 6470 7232 6471
f 8602 9182 9183
f 6758 8613 6759
f 9183 9184 7220
f 7914 6460 6757
f 8558 8557 6464
f 9185 6982 6276
f 9185 6464 6982
f 6276 6982 6983
f 8602 9183 7551
f 6462 7888 8611
f 9186 7904 9187
f 6081 9188 7904
f 6080 9188 6081
f 6081 7904 9186
f 9189 9190 9191
f 8690 8689 9192
f 6047 9193 6048
f 9194 8692 8110
f 7887 7556 7888
f 8611 7888 8612
f 9195 7890 7187
f 6055 6054 9196
f 7892 7552 7891
f 6277 7892 7891
f 6054 6981 9196
f 6147 6275 6981
f 9197 9198 9199
f 8740 7894 7888
f 8600 6461 7913
f 6461 7887 6462
f 9200 9201 8717
f 6118 6320 6119
f 8721 8619 7877
f 9202 6124 8593
f 8913 9203 7251
f 9203 8913 8912
f 9204 9205 9206
f 9206 9205 9207
f 9208 9189 9191
f 7909 7881 7883
f 7983 7898 8622
f 7982 7898 7983
f 7896 7238 7897
f 9209 7898 7982
f 9210 7984 8715
f 8715 8631 9211
f 6321 8722 6119
f 9212 8630 9213
f 7917 9214 8635
f 9215 7916 7915
f 7910 7883 9216
f 9217 8110 9218
f 8640 8639 9219
f 9220 7882 9221
f 8699 8701 9222
f 9223 9224 8700
f 8644 8643 9225
f 7157 9226 9227
f 9226 8702 6766
f 6318 7925 6319
f 8528 8651 8652
f 8702 6319 6767
f 6937 6936 8843
f 9228 8809 9229
f 7276 8527 8693
f 8693 8527 8529
f 6279 7932 6280
f 6278 6280 7433
f 9230 9231 9232
f 9233 9230 9232
f 6767 8651 8528
f 9234 8113 8112
f 7317 8657 6128
f 9235 9236 8664
f 7934 7311 6466
f 7885 8267 9237
f 9238 9239 9240
f 9241 9242 8809
f 9243 9244 9245
f 7932 8672 6887
f 7262 8816 8820
f 8672 7431 6887
f 8121 8814 8816
f 9246 9247 9248
f 9249 9250 9251
f 9252 9253 9254
f 8680 9255 8681
f 9256 6314 8685
f 9257 9258 9259
f 9260 9261 9262
f 8242 9263 6906
f 9264 6772 7937
f 9265 8610 9266
f 9263 8691 6312
f 8251 7222 9267
f 7251 9174 8913
f 9268 8691 8242
f 9213 7253 7252
f 9269 7254 7941
f 8679 6133 9181
f 8908 8907 7938
f 7869 9270 9271
f 7869 9272 9270
f 9273 9274 9275
f 6773 7271 6056
f 7951 6766 7275
f 7949 7951 8697
f 6257 8642 7278
f 8695 8697 7921
f 9118 7757 8696
f 7757 7949 8697
f 6691 7135 7134
f 7134 7136 8507
f 7136 6488 6490
f 6488 7136 7135
f 9276 7281 8703
f 6255 6257 7278
f 6256 8641 6257
f 8703 6476 7127
f 9277 9276 9278
f 8758 6689 8506
f 6690 7946 6691
f 7370 8757 8705
f 6693 9279 9280
f 6788 6790 7333
f 6789 6788 7969
f 8057 7296 7973
f 7974 7973 7972
f 7973 7968 7964
f 7973 6789 7968
f 6492 7297 6791
f 7298 6716 6718
f 6792 6505 6068
f 8711 7307 8056
f 8023 6507 8024
f 6505 8708 8022
f 6491 6493 7306
f 7306 6493 6067
f 7967 9281 7338
f 6284 7976 6285
f 7301 8563 8709
f 8563 7974 8709
f 7963 7972 7964
f 6717 7958 6284
f 7301 8709 7958
f 8709 7974 7963
f 6286 6761 6287
f 6286 7332 6761
f 7299 7970 6286
f 7965 7970 7299
f 7300 6286 6288
f 8710 8018 9282
f 6820 6822 9283
f 6177 9284 7340
f 6176 9284 6177
f 6176 7327 9284
f 7305 6491 7306
f 8058 7285 6851
f 9285 7306 6069
f 7385 7306 9285
f 6188 8058 6851
f 6851 7285 7284
f 9285 6069 7302
f 7385 9285 7302
f 6814 6167 8713
f 8712 6120 8617
f 8713 9286 7990
f 9287 7992 9288
f 9210 7998 7984
f 9289 6551 6553
f 9201 7908 9290
f 8717 9201 9291
f 9216 7883 9292
f 8714 8716 9200
f 9293 8735 8718
f 7259 7987 9294
f 8005 7245 9295
f 9296 7303 7245
f 8719 6812 7987
f 7258 8718 7259
f 9293 8718 7258
f 8718 8719 7259
f 6820 9283 8725
f 6500 8011 9297
f 8725 8728 8727
f 8728 8725 8724
f 9298 6808 6797
f 6808 6807 6798
f 6321 8720 8722
f 7318 9299 9300
f 7341 8010 7977
f 8010 7341 8011
f 8729 8730 6165
f 8733 7978 7996
f 8005 9295 7322
f 9295 6165 7322
f 8731 9298 7899
f 8731 7899 6174
f 6778 7129 8641
f 6476 6478 7128
f 7313 7947 7314
f 8012 6520 7312
f 6495 8004 8734
f 9301 8739 6494
f 7323 8007 8006
f 9296 7245 8004
f 9301 6494 6496
f 8006 8004 6495
f 7303 8733 7244
f 6520 8736 7947
f 8016 6780 6779
f 7290 7280 7282
f 6498 8012 7312
f 6498 7312 6515
f 8013 8053 8009
f 6299 8009 6498
f 7289 7282 7281
f 7290 7953 7280
f 7282 7280 7279
f 7282 7279 6476
f 6477 8738 9301
f 6477 9301 6478
f 7333 6790 9302
f 6761 7215 6762
f 7995 6815 8020
f 6816 9303 9304
f 8018 6080 6079
f 8710 6288 8018
f 7338 6482 7339
f 7328 7967 7337
f 7299 7300 7971
f 6285 7976 6794
f 6794 6482 7338
f 6818 9305 7971
f 7337 7339 8743
f 7327 7967 7328
f 9283 6822 7995
f 8725 9283 7995
f 6500 9297 6501
f 9306 8724 6806
f 7193 8025 8575
f 6406 7053 7835
f 9307 7608 7607
f 6834 8379 8035
f 8034 8033 6300
f 8379 8034 6300
f 8033 6291 6300
f 7382 6852 6525
f 6525 6852 6395
f 6300 6291 6524
f 7382 6843 6852
f 6301 7377 7376
f 6302 6301 7376
f 8377 8749 8750
f 8376 7378 8749
f 8752 8036 7647
f 7647 8376 7648
f 7353 8026 7354
f 6833 9308 6834
f 6303 7365 6480
f 6481 6156 6853
f 6647 6649 8754
f 8754 8039 8038
f 6692 6694 8044
f 8756 8503 7366
f 6511 8706 6692
f 6692 8706 6693
f 7064 7146 6420
f 7064 7147 7146
f 8505 8737 7289
f 8737 8505 8757
f 8762 6692 8044
f 6512 6692 8762
f 6158 8762 8761
f 6854 6681 6680
f 7955 8014 7369
f 6244 8014 7955
f 8016 8015 6780
f 6158 8761 7133
f 8760 6512 8762
f 6397 6396 6513
f 7313 6520 7947
f 6520 6519 8736
f 8763 8054 8765
f 8763 8765 6522
f 6852 6845 6395
f 6845 6844 7383
f 7960 7295 6785
f 9309 9310 9311
f 6523 9312 6796
f 9313 6785 6787
f 8056 9314 6491
f 6791 6718 8708
f 7381 6839 8764
f 6839 7381 6521
f 7816 6795 6782
f 8015 6848 6297
f 6858 6294 6187
f 6187 6294 6188
f 8770 8772 6209
f 8769 8771 8770
f 9315 9316 6453
f 6115 6526 6116
f 6116 6526 6194
f 8059 8061 7390
f 7390 8061 6877
f 7566 6869 8062
f 8063 7391 8064
f 8774 9317 8930
f 8773 8777 9317
f 9318 8778 9319
f 9319 9320 8256
f 8094 8095 8780
f 8209 6537 6539
f 8786 9321 7398
f 6064 9322 9323
f 9322 6064 6063
f 6897 9324 9325
f 6539 6538 8786
f 8078 8209 8069
f 8209 8078 8796
f 7501 9326 6537
f 8081 9323 7533
f 6885 9327 9328
f 6528 9328 6529
f 6875 8081 7532
f 6875 7532 8783
f 5829 6136 7545
f 6136 5829 5830
f 7545 6136 8788
f 5833 5834 8087
f 5834 9329 8087
f 9329 5834 5835
f 6872 6593 8085
f 6191 6870 8099
f 6191 8099 6192
f 6192 8099 7428
f 9330 6912 9331
f 9331 6912 8086
f 7413 9332 6879
f 8792 8087 7414
f 8262 8926 9332
f 8791 6883 8079
f 8086 8791 8079
f 6884 9327 6885
f 8789 6367 6912
f 6322 6534 6323
f 6602 9333 7410
f 7410 8082 8795
f 8082 9330 8083
f 6594 9331 8086
f 9330 9331 6594
f 6592 7404 7426
f 6592 6882 7404
f 6530 6529 8071
f 6329 8066 6330
f 8072 8070 8095
f 6529 9334 8072
f 8794 8084 6871
f 8794 6871 6870
f 6534 6602 8793
f 6602 7410 8793
f 8085 6591 6590
f 7428 8085 6590
f 6200 6132 6900
f 6200 6893 6132
f 6900 6889 6890
f 6900 6890 7440
f 7482 8104 9335
f 6330 8170 8798
f 8170 6330 7504
f 9335 8101 8102
f 7400 9336 6942
f 9335 8104 8101
f 8104 8105 8101
f 6894 8125 6544
f 6544 8125 6331
f 6919 7445 6891
f 7445 6331 6891
f 7247 6316 7394
f 6315 6316 7247
f 9337 8799 8109
f 9338 9339 8800
f 9256 8685 9337
f 9340 9265 9266
f 9341 7416 8267
f 8267 7418 9237
f 9342 9238 9343
f 9341 8808 7416
f 9289 6553 9344
f 9345 9208 6986
f 9346 9347 9348
f 7309 7311 7933
f 9349 6192 6336
f 6190 6192 9349
f 9350 9351 8271
f 8815 8669 8270
f 8820 8119 7461
f 8814 8817 8815
f 8669 9351 9350
f 8817 8667 8669
f 8117 6908 8818
f 8117 8818 6910
f 6910 7423 6886
f 6910 6886 6532
f 7459 6902 6901
f 6332 8124 6901
f 6568 6570 8841
f 6569 6887 6570
f 7460 7262 7461
f 6570 7262 7460
f 6324 6323 8091
f 8118 8092 6190
f 7521 9352 8189
f 7158 6917 9353
f 6917 7158 6915
f 7789 7788 8827
f 7788 8530 8827
f 8876 6562 6564
f 7496 6102 8193
f 7791 8144 8534
f 8875 7159 7788
f 7470 6327 7484
f 7470 6325 6327
f 6152 6051 6050
f 9354 9355 8136
f 7474 8213 6151
f 7475 6151 7539
f 6202 6204 8160
f 6898 8160 6899
f 8138 6899 7480
f 6051 6899 8138
f 6922 7484 9356
f 8142 7479 7485
f 6563 6559 7469
f 7469 6561 6325
f 8132 7483 6931
f 8143 8139 8140
f 7468 6563 7469
f 6564 6563 7468
f 6561 6931 6326
f 6325 6561 6326
f 7479 8108 6918
f 6326 8833 7479
f 7483 8834 6932
f 6565 8834 7486
f 8834 6565 6923
f 6326 6932 8833
f 6932 6923 8833
f 7793 9357 9358
f 8836 8825 9141
f 8825 8836 8823
f 8154 8126 7442
f 7443 9359 6894
f 7257 8122 8123
f 8153 8819 8128
f 8128 9360 8129
f 8153 8128 8127
f 9361 6279 6278
f 7451 9362 7931
f 9363 6938 7493
f 7490 9364 8840
f 9364 8839 8840
f 8846 7490 7494
f 7490 8846 9364
f 7492 7444 6566
f 6566 7444 6894
f 7491 9365 8151
f 9365 8840 8154
f 9365 8154 8151
f 8839 7257 8152
f 9366 7516 7515
f 7517 9367 8855
f 9368 9369 8106
f 8137 8136 9369
f 8135 9370 8136
f 6173 6172 7465
f 8162 9371 8164
f 6354 6956 8169
f 9372 6351 8190
f 6350 7496 8192
f 8169 6349 9371
f 8169 6956 6349
f 9367 8870 8855
f 9373 9374 7538
f 8862 8872 8167
f 8873 8862 7509
f 8862 8873 8872
f 8177 8174 8178
f 6945 6947 7739
f 7010 8177 7008
f 6704 8866 6705
f 7732 7505 7518
f 7738 9100 9098
f 9100 7738 8485
f 7742 8482 9375
f 6354 7165 6955
f 9376 7512 8857
f 9377 9378 8867
f 9378 6352 8182
f 8847 7498 8848
f 8868 8161 6172
f 8299 8301 9379
f 8847 7497 7498
f 6705 8871 7507
f 7115 6705 7507
f 7733 7735 6951
f 7735 9380 9381
f 6952 9378 9377
f 6952 6352 9378
f 7520 6101 6100
f 6584 9352 7521
f 6954 7520 8874
f 7514 8186 8859
f 7166 8176 7167
f 8176 8175 7167
f 8826 6914 6102
f 8875 7788 6914
f 8214 9382 8878
f 8214 8193 8876
f 8215 8214 8878
f 8214 8876 9382
f 8160 6204 6922
f 8878 8832 6203
f 8943 6614 8273
f 8197 8200 8198
f 6615 6214 6616
f 8199 8309 6604
f 7025 7594 6615
f 8195 7024 9383
f 8273 6614 8879
f 7568 8272 8274
f 7570 9383 8945
f 8944 8272 7568
f 8201 6603 6605
f 6616 6603 8201
f 7522 8194 6355
f 8881 7522 6957
f 7396 9384 9385
f 9384 7396 8210
f 7546 6019 6017
f 6019 7546 7572
f 6021 6019 7572
f 7537 8884 7535
f 8884 7537 6961
f 8206 8205 6991
f 8206 6991 7527
f 7524 7525 6066
f 8204 6357 9386
f 8198 6957 8205
f 8198 8202 6957
f 6141 6365 6364
f 6138 8196 6141
f 6138 7569 8196
f 6588 9384 8210
f 6574 9386 8210
f 6960 7526 8885
f 6961 6960 8885
f 6221 6065 6062
f 6065 6221 8885
f 6961 6221 8884
f 6221 6961 8885
f 9323 9387 7533
f 9387 9323 9322
f 8081 6064 9323
f 9374 7475 7538
f 9388 9389 9390
f 6897 9391 9324
f 9392 9393 9394
f 8310 8890 9395
f 8310 8232 8895
f 9387 9396 8074
f 9397 8892 9398
f 8222 9399 7502
f 8882 6895 8311
f 6895 9400 8312
f 9397 9395 8892
f 6361 6363 9401
f 8231 7005 9402
f 9403 9404 8297
f 9405 9406 9407
f 9408 9409 9410
f 8227 6962 8903
f 8237 9411 6970
f 9412 9413 9414
f 6971 8227 9415
f 9415 8227 9416
f 8310 8218 8217
f 8218 8310 9417
f 8905 6031 6029
f 6031 8905 8208
f 6001 5999 9418
f 9418 6003 6001
f 6003 9418 8588
f 9418 6099 8588
f 8942 7218 9419
f 7218 8942 7217
f 9420 9421 9422
f 7231 9423 9424
f 9425 9426 7231
f 9267 7222 7936
f 7189 8251 9267
f 9250 9427 9428
f 9429 8687 7867
f 6134 9430 9431
f 9432 7866 8250
f 8604 8633 8634
f 8680 8599 9255
f 5814 8614 5855
f 5813 8614 5814
f 8614 5813 8615
f 8252 8614 7222
f 5817 9433 9434
f 9433 5817 5818
f 7559 8090 7560
f 8254 8090 7559
f 8257 8920 8923
f 6558 6600 6977
f 7565 9333 6602
f 6973 8922 8262
f 8255 7564 7563
f 8257 7563 8920
f 6597 8259 6598
f 8254 7559 9435
f 8925 8919 8921
f 8238 8925 8921
f 9436 9319 8256
f 9436 8256 8255
f 8929 6904 9437
f 6988 6556 8932
f 6557 8923 6558
f 7447 8257 8923
f 7390 8775 7391
f 8064 8931 6909
f 7407 6322 7408
f 7407 6977 6322
f 8936 6909 6987
f 8928 6987 8939
f 8933 8265 6866
f 6092 9438 8933
f 7418 7417 9438
f 7418 9438 6092
f 6909 8931 6557
f 6337 6339 7446
f 8266 7246 7566
f 8800 9339 7246
f 6195 7389 7391
f 6194 7389 6195
f 7246 7248 7566
f 7248 6869 7566
f 8269 8667 8817
f 8668 8938 9351
f 9437 7448 8131
f 8939 6988 7935
f 7562 9237 8937
f 8668 9351 8669
f 8588 6099 8940
f 8941 8940 9419
f 8942 8880 7217
f 8880 7568 7217
f 6742 6998 6995
f 6740 6742 6995
f 8941 6011 6009
f 6011 8941 7547
f 6013 7547 6015
f 6755 8277 6266
f 8277 6755 6740
f 6631 6993 7024
f 6629 6631 8322
f 9439 6376 6613
f 9439 6359 6376
f 7570 8195 9383
f 9440 6629 8280
f 7577 6756 6755
f 6755 6741 6740
f 8278 7199 6996
f 8278 6996 6998
f 9441 9442 9443
f 9444 9445 9446
f 9447 9448 9449
f 9450 9451 9452
f 7701 8453 9004
f 9453 8902 8978
f 9454 9455 7703
f 8454 8958 8957
f 9456 6373 9457
f 6373 9458 6374
f 9459 6375 8960
f 9460 6248 9456
f 9461 9462 9463
f 9464 9465 9466
f 9467 8296 7014
f 8316 9468 9469
f 9470 9471 7725
f 9472 9473 8968
f 9474 6096 9475
f 9476 9451 9450
f 8494 8467 8468
f 9477 6609 9478
f 7724 8287 8288
f 6999 6429 6431
f 6374 9479 6375
f 6374 9458 9479
f 6429 7733 6430
f 7723 8287 7724
f 8475 9480 9481
f 8288 8181 7733
f 7115 7508 7735
f 8181 8180 7734
f 9482 7722 7724
f 7725 7722 9482
f 6604 8309 6965
f 6604 6965 8194
f 6356 6370 6588
f 6370 6372 6588
f 6371 8220 8889
f 7588 7021 8219
f 9417 8310 9395
f 8890 8895 8904
f 8362 7591 6206
f 8362 6206 6205
f 8219 8220 6371
f 7023 6205 8889
f 7585 6610 8321
f 8313 7544 7585
f 8320 8321 8976
f 6610 8229 8228
f 6611 7543 6612
f 6612 7543 8236
f 8315 6970 9411
f 6970 8315 6968
f 6968 8315 8227
f 9463 9009 9008
f 6964 9483 8157
f 7041 7590 7544
f 7544 7590 8981
f 6630 7592 7593
f 6630 7593 6993
f 8983 8984 7588
f 8982 8984 8983
f 7020 6619 6959
f 7020 9484 6215
f 9485 9439 6613
f 8585 6992 6360
f 7050 8988 6227
f 7050 8987 8988
f 8986 6268 7200
f 8986 7200 6377
f 7018 7633 7632
f 7018 7624 7633
f 6226 6161 7017
f 9486 6159 6161
f 6627 7017 7019
f 6227 7017 6627
f 7052 8233 6618
f 6617 7052 6618
f 7599 9003 9002
f 8991 7599 7598
f 8985 7598 8325
f 8985 6155 7598
f 7046 6672 7106
f 6154 7039 6155
f 7609 8331 7029
f 6643 6642 6163
f 7031 8332 7101
f 6744 6747 7842
f 6747 6746 7030
f 7033 8372 7034
f 7030 7033 7031
f 8372 9487 7607
f 9487 8372 7606
f 9487 9307 7607
f 7035 8340 7036
f 8339 6669 8340
f 8335 6399 6398
f 8329 8328 6149
f 8329 6148 8331
f 6640 6162 6269
f 6162 6164 6269
f 8338 7611 7612
f 6164 8338 7612
f 8341 8354 8457
f 8354 8341 9488
f 8996 8994 9489
f 6075 8334 7046
f 6075 6074 8334
f 7037 7036 8996
f 7037 8996 6074
f 8992 8343 6073
f 8993 7615 7037
f 9490 7705 7048
f 7599 6673 9003
f 9491 8452 9490
f 8452 8450 9492
f 6638 8345 9013
f 6637 8345 6638
f 9493 7702 9494
f 6211 8956 6212
f 9494 7704 9006
f 6211 9495 8956
f 6212 8956 6382
f 7543 7542 8236
f 9413 9496 9414
f 8433 8435 7044
f 8435 8436 9495
f 7600 9002 8326
f 9002 8990 9012
f 7020 6959 9484
f 6959 8982 8308
f 7007 7006 7584
f 7584 7586 8320
f 9014 7631 7040
f 9000 6213 7631
f 7625 9001 9000
f 9001 6211 6213
f 6826 9497 7643
f 8463 6436 6826
f 7343 6826 7643
f 7639 6437 7054
f 9498 9499 8573
f 9499 9498 6231
f 8572 8368 6404
f 9500 9501 8366
f 9501 9166 9502
f 9166 9501 9503
f 7646 6232 8363
f 6232 7646 7645
f 8572 6404 8579
f 6406 6405 7053
f 9504 6089 8367
f 6384 8370 7849
f 8370 6384 8587
f 8364 6732 6736
f 8363 7834 8364
f 8371 5737 5736
f 6750 8370 6751
f 7857 7855 7060
f 7848 7858 7603
f 7858 7848 8369
f 5955 6751 5953
f 7849 8369 7848
f 8369 7849 8370
f 7208 7059 6748
f 7060 7059 7208
f 7057 6230 9307
f 8365 7348 9016
f 7642 9020 9019
f 9505 6409 9506
f 6409 9505 6407
f 6407 9505 6746
f 8363 9498 7834
f 7640 8364 6736
f 7639 7054 8365
f 8365 7054 7348
f 7835 6503 6731
f 6730 7835 6731
f 6479 6841 8374
f 6841 6479 6842
f 6847 6842 8755
f 8376 8749 8377
f 7378 8375 9507
f 8375 6397 8030
f 6514 6513 7288
f 6236 7062 7066
f 7062 7653 7652
f 8413 7659 6415
f 7068 8412 6414
f 6834 8035 7653
f 6835 6834 7653
f 6237 7351 6238
f 6239 9508 7358
f 9509 9510 7360
f 6104 8031 8032
f 7070 8031 7071
f 8384 6181 7650
f 7070 8384 7650
f 9038 9040 8386
f 9511 9512 9513
f 8406 9514 8407
f 8406 9515 9514
f 7104 9028 7105
f 7667 9028 7104
f 9516 7666 7667
f 9032 8029 8389
f 7085 6678 8415
f 7085 7672 6678
f 6832 6831 7354
f 8747 8748 9029
f 9029 9033 8394
f 9033 9516 8394
f 8394 9516 8395
f 6441 8395 6442
f 8025 9030 6830
f 8748 6832 8391
f 9517 7114 6827
f 7111 7110 8393
f 7643 9497 9079
f 7720 7109 7721
f 7718 9518 8419
f 9518 7669 9519
f 8387 6654 9520
f 7105 8387 7718
f 6653 6655 9037
f 6655 7668 8398
f 7670 9037 7689
f 9521 9036 7691
f 9522 9523 8460
f 9520 6654 7080
f 8399 8396 7690
f 8399 8397 8396
f 8396 6651 6650
f 8397 7668 8415
f 7073 8410 8378
f 6414 8412 6415
f 7092 9038 7093
f 8402 8404 9038
f 8411 8402 9038
f 7092 8411 9038
f 6403 7090 9524
f 7172 9511 7173
f 8403 8410 9041
f 8403 9041 8404
f 7681 6416 7081
f 7081 6416 7673
f 6685 6684 9525
f 7686 9526 6685
f 9527 7360 8501
f 9528 9527 8501
f 6680 8037 7361
f 8414 6680 7361
f 9529 7815 6401
f 8400 8401 7811
f 6652 6401 8401
f 7690 8396 6650
f 8397 8415 6651
f 6677 6679 7815
f 7108 8462 7696
f 9530 6650 8400
f 8966 6650 9530
f 7690 6650 8966
f 9531 7174 7176
f 9049 9047 7174
f 9532 9050 9533
f 6142 9054 8461
f 6828 7719 7708
f 6827 7719 6828
f 7114 7113 9035
f 9534 6827 6829
f 7697 7698 9522
f 9522 7698 6142
f 9535 7116 7118
f 9536 9537 9538
f 9537 9536 9539
f 9083 9084 9540
f 9087 9541 9542
f 9082 8427 9084
f 9543 9071 9544
f 9545 9546 9538
f 6667 7693 9087
f 7693 7695 9087
f 7016 8997 8345
f 8997 8346 8345
f 9072 8348 9073
f 7622 9073 7616
f 8990 7622 7015
f 7015 7622 7097
f 8995 7049 8359
f 9003 8995 8359
f 8997 8999 8346
f 8285 9011 9057
f 9015 7620 7619
f 8347 7043 7620
f 8998 8283 8285
f 9547 9076 9548
f 7043 9549 7044
f 9550 9551 9059
f 9055 8349 9547
f 6412 9547 8286
f 6242 7077 7079
f 9552 6665 8428
f 7630 7629 9543
f 9064 6240 6242
f 6399 6502 7613
f 9067 6380 6379
f 9067 6379 6502
f 6150 9067 6502
f 6633 9517 6380
f 6380 6827 9534
f 6380 9534 6381
f 9534 6829 7709
f 8342 9553 9070
f 9070 9065 9066
f 6622 6621 8451
f 9543 9544 6223
f 7629 9071 9543
f 8344 6222 8450
f 8344 9543 6222
f 8344 7630 9543
f 9073 8348 7617
f 9073 7617 7616
f 9072 7707 8348
f 8349 8358 9547
f 9554 9555 9556
f 8456 8439 9075
f 9557 9558 8950
f 9077 9075 9559
f 7721 7109 7111
f 7717 7721 9034
f 7344 7644 6229
f 7644 7643 7717
f 7346 9029 6441
f 9497 7346 9079
f 9560 9561 8423
f 9562 9083 9540
f 7723 8184 8287
f 7725 9563 7723
f 9097 9564 9090
f 9089 9097 9090
f 8478 9100 8865
f 8864 8478 8865
f 9097 8972 9564
f 9090 8974 8179
f 7750 8499 6663
f 9565 9566 6417
f 6945 7736 6946
f 8487 8481 7736
f 7739 6947 8177
f 8177 7805 8174
f 9102 8541 8542
f 9093 7119 8483
f 9147 9148 8175
f 9147 8171 9148
f 9099 9567 9098
f 9097 9096 8972
f 7120 9568 7121
f 9449 8492 8491
f 9567 7742 9375
f 9567 9375 9098
f 9569 8490 9099
f 8488 8490 9569
f 7100 6427 6426
f 8490 7740 7742
f 9081 9080 9153
f 8466 9570 9571
f 8468 9101 6695
f 9572 6695 6657
f 9573 8467 8494
f 9574 9575 9570
f 9576 9577 7086
f 9578 9579 9157
f 9514 9580 8407
f 7074 9580 7075
f 6700 9154 6701
f 9581 6664 7679
f 9582 6061 6707
f 7511 6061 9582
f 9583 9111 7767
f 7768 7801 7169
f 8515 7124 7123
f 6701 9584 9585
f 8515 9134 7765
f 9134 6308 7765
f 7360 9112 8501
f 9132 9114 9133
f 9280 8758 8503
f 8045 9280 8503
f 7154 9135 8520
f 7154 8520 7751
f 9115 7368 7153
f 9115 7153 7152
f 6691 7134 7143
f 7367 7372 7143
f 8507 7136 8698
f 9586 6490 9117
f 6490 9586 7136
f 9122 9121 6473
f 9120 7762 6473
f 7764 9122 6697
f 7764 7132 9122
f 9587 7272 7274
f 9122 6473 6475
f 9129 6475 8509
f 6697 9122 9129
f 9126 9588 9127
f 9128 9589 9126
f 9589 9128 9590
f 9124 6185 8524
f 8531 8524 8532
f 9130 7761 9131
f 7752 7751 7761
f 8514 8519 9116
f 6422 6421 9113
f 7755 9114 9132
f 8497 8753 6659
f 7767 6711 7801
f 7801 6711 7802
f 8521 7130 7774
f 7751 8520 7760
f 6421 7152 9591
f 6421 9591 9113
f 6424 9136 6425
f 7775 8538 6424
f 6086 6425 8523
f 6086 8523 6939
f 8522 8531 7794
f 7794 8531 7795
f 8539 7798 6344
f 9592 9593 7779
f 7142 8512 6184
f 7142 6250 8512
f 6424 8538 9136
f 9136 8538 6186
f 9131 7137 6249
f 6249 7137 6250
f 9594 9142 9588
f 6110 6935 6111
f 8508 6109 9142
f 7785 9595 7790
f 6801 8693 8511
f 9119 8696 7944
f 6583 6915 6584
f 6584 6915 9352
f 6916 6343 6917
f 6085 7141 6086
f 9596 6939 9597
f 9598 9599 7149
f 9600 9601 6345
f 7804 8539 6540
f 9602 9601 9598
f 6917 9602 9353
f 8837 7491 8835
f 7793 6106 9357
f 6560 8535 8132
f 8144 8140 8535
f 9603 6076 9146
f 8824 7779 8825
f 6941 8694 7792
f 9603 7776 6076
f 9358 9604 9605
f 6106 6108 9357
f 6061 6060 6706
f 6060 7139 6706
f 6344 9600 6345
f 7799 6087 9137
f 8484 9147 8175
f 8175 9148 6948
f 6950 8173 7804
f 7509 6540 8873
f 9149 6950 6540
f 8173 7798 7804
f 6949 8173 6950
f 6949 7803 8173
f 6658 9102 8540
f 9606 9092 9091
f 9151 7808 9607
f 9151 9607 8541
f 9152 8540 9606
f 7743 6658 7744
f 6428 7743 7745
f 8964 6695 9608
f 8486 8479 8487
f 7742 8487 8482
f 7812 9609 9610
f 9611 7076 9612
f 8406 8548 9513
f 8548 8406 8405
f 9512 9025 7675
f 7811 9613 7812
f 9614 7171 9046
f 9555 9615 9616
f 9617 9618 9619
f 9575 9160 9570
f 9570 9620 7807
f 9155 7076 9611
f 7075 8547 9577
f 8543 7809 9581
f 7678 8544 7679
f 7087 7687 7813
f 9163 9621 6309
f 6729 6084 8558
f 7234 9164 7235
f 8561 7234 6217
f 9622 7183 7820
f 8741 7183 9622
f 8744 8745 7957
f 7957 8745 8741
f 6218 7235 6449
f 7235 6448 6449
f 6724 6723 9623
f 9624 7197 9625
f 8560 5905 5904
f 7864 9626 9164
f 8707 7296 7827
f 8707 7827 6789
f 8570 7825 6739
f 7824 7825 8570
f 7860 8576 7861
f 6739 8576 7860
f 7387 6070 6072
f 7386 6070 7387
f 6796 9311 8711
f 7962 7386 7388
f 7974 8057 7973
f 7294 7180 7296
f 7830 7829 6735
f 6734 7830 6735
f 7190 7291 8565
f 7291 7824 8565
f 6071 8565 8567
f 7181 8568 6121
f 6071 7190 8565
f 6070 7190 6071
f 6260 8763 6861
f 8763 6260 6259
f 7638 6261 6258
f 6261 7638 7191
f 8554 6509 6862
f 8554 6862 7355
f 6233 6232 7212
f 8579 6406 7835
f 7184 7186 7825
f 7825 7186 7194
f 7853 9169 7852
f 9167 8581 7841
f 8581 6643 7841
f 8581 6641 6643
f 7205 6744 6743
f 7839 7205 6743
f 6440 7576 7865
f 9627 5979 5977
f 5979 9627 7865
f 8584 6445 6439
f 8584 6439 6438
f 6451 8582 8282
f 9170 8580 9167
f 7847 7851 6720
f 7846 7851 7847
f 7850 7857 7844
f 6451 7576 6440
f 7576 6451 6450
f 6390 8323 6992
f 7838 6640 6639
f 7854 6389 6391
f 7198 7854 6391
f 7841 6640 7838
f 8580 8581 9167
f 5957 7211 5958
f 5953 6751 5952
f 8589 8591 9628
f 5734 9171 9629
f 9171 5734 5733
f 9630 7859 8371
f 9172 9625 9173
f 6739 8564 8576
f 7863 6724 7864
f 9623 6723 9631
f 6982 5853 5852
f 9632 7557 7558
f 6606 8277 6097
f 6267 5987 6265
f 5987 6267 5989
f 9633 8625 7902
f 6775 9213 9175
f 7254 7942 7941
f 8622 9215 9634
f 9635 7915 9636
f 9247 9637 9248
f 7883 7882 9220
f 9638 7889 9639
f 6135 9431 9640
f 6273 9641 9642
f 9431 9643 9644
f 8612 6053 6055
f 9645 6470 6469
f 7233 9196 9195
f 6055 9196 7233
f 9646 9645 8597
f 9647 6759 8245
f 7914 6757 9184
f 9184 6757 7220
f 6487 9648 8598
f 7551 9648 6487
f 7914 9184 9183
f 7220 9647 8245
f 7904 7906 9187
f 9649 9650 8632
f 6275 6465 6276
f 5677 6464 5678
f 5854 6464 5677
f 6464 5854 6982
f 6461 7556 7887
f 8600 7871 6461
f 6080 7241 7243
f 8608 9651 7912
f 9304 7330 7329
f 9652 9649 9653
f 9187 7911 9650
f 7911 7551 6486
f 9188 7243 8608
f 8606 9186 8607
f 9188 8608 7904
f 7904 8608 7905
f 8017 7893 7241
f 7241 7893 7242
f 9654 9194 8110
f 9655 9217 9656
f 8692 6047 8110
f 9193 7869 6048
f 7188 7891 8251
f 7187 7891 7188
f 9196 6981 8616
f 6981 6277 7890
f 6053 7236 6054
f 7236 6145 6054
f 7913 6461 7914
f 6461 6460 7914
f 7894 7236 7895
f 7556 8740 7888
f 6174 7899 8712
f 9657 8712 9658
f 7998 7982 7984
f 8617 9659 8618
f 7877 7907 6124
f 8619 7907 7877
f 9207 7902 7901
f 7249 6125 8626
f 6125 7249 6126
f 8607 9187 9652
f 9205 7329 9633
f 9202 8593 8592
f 9212 9213 6775
f 9204 9304 7329
f 6807 8726 7319
f 9204 7329 9205
f 6817 9204 9300
f 8628 9634 9176
f 8631 8621 7926
f 7984 7983 8621
f 7983 8622 8621
f 7897 7238 9212
f 8624 8722 7238
f 7997 8617 7998
f 8715 7984 8631
f 7897 9212 6774
f 6774 9212 6775
f 7238 8630 9212
f 8630 7240 9213
f 8623 9634 8628
f 8621 8623 7927
f 9215 7915 9634
f 7915 7917 9636
f 9221 8640 7548
f 9660 9661 9662
f 8690 9192 9663
f 8642 8641 8000
f 9664 9224 9223
f 8643 9664 9223
f 8002 7993 7260
f 9224 9288 8700
f 9665 9222 9666
f 8000 8001 7156
f 7949 8646 7950
f 8642 8000 8646
f 7157 6317 9226
f 6317 6319 8702
f 9226 6317 8702
f 8647 9667 8651
f 9668 9669 8842
f 6767 8528 8527
f 6766 6768 7276
f 8693 9143 8511
f 6936 9670 8843
f 9361 7451 7931
f 6279 7931 7932
f 7433 6280 6887
f 6280 7932 6887
f 9362 6573 7931
f 9361 7931 6279
f 9233 9671 8652
f 9232 9672 9673
f 8842 8656 9674
f 9675 9676 9677
f 8643 9223 8699
f 9678 9679 9231
f 9243 9245 6467
f 9245 9244 6769
f 9680 7884 9244
f 9681 9682 9683
f 9684 9685 9686
f 9687 9228 9688
f 9343 9689 8801
f 9680 9244 9243
f 7934 6466 7261
f 9690 8269 8817
f 8666 7934 7261
f 7933 7934 8666
f 6573 6572 8671
f 7932 6573 8672
f 8820 8816 8119
f 8121 8816 7262
f 8674 9274 6313
f 6773 6056 6271
f 9275 9691 9264
f 6313 9274 9273
f 9692 9638 9693
f 6312 8673 6313
f 9694 9695 9421
f 6134 9431 6135
f 9264 9696 6772
f 9265 9264 8610
f 9337 9340 8799
f 8610 9264 7937
f 9273 9275 9265
f 9275 9264 9265
f 9682 7453 7452
f 9342 9697 9238
f 5761 5760 9698
f 7223 9699 7224
f 5885 5881 8244
f 9700 7221 9701
f 6759 9645 9702
f 9691 9696 9264
f 9703 9701 9704
f 7880 8917 9705
f 9174 7879 7878
f 8594 9706 9707
f 8635 9708 8636
f 9709 9420 9422
f 8115 8688 8690
f 9710 9711 8803
f 7942 8596 7943
f 9712 9246 8689
f 9663 9192 9178
f 9713 9714 9253
f 9661 9715 9194
f 8241 9268 8242
f 8676 9272 7869
f 8697 7951 7275
f 8697 7922 7921
f 7756 6489 7277
f 6490 6489 7756
f 7277 7278 7757
f 7757 7278 7949
f 6489 9278 6255
f 8704 6256 6255
f 6490 7756 9118
f 9118 7756 7757
f 7946 9276 9277
f 9276 7946 6690
f 8704 7127 6256
f 7128 6478 6778
f 8705 8505 6809
f 6690 7281 9276
f 7281 6690 6810
f 9280 9279 8758
f 8758 6811 6689
f 7970 7969 6286
f 7969 7332 6286
f 6793 9281 7967
f 6718 6717 6284
f 6791 7298 6718
f 7297 7298 6791
f 7966 6793 7967
f 6506 7966 7327
f 7963 7965 7975
f 7959 7963 7975
f 8563 7293 7974
f 6264 7293 8563
f 9305 7299 7971
f 6793 6794 9281
f 7971 6288 8710
f 7971 8710 6483
f 8024 6507 6176
f 8024 6176 6175
f 9314 6492 6491
f 6783 6796 8055
f 7285 7379 7980
f 7379 7385 7980
f 6296 7379 8058
f 6188 6296 8058
f 7990 9716 7991
f 9286 9716 7990
f 9717 9288 7315
f 9718 7315 9719
f 9294 7989 9224
f 9294 7987 7989
f 9201 9211 7908
f 8716 9211 9201
f 7316 9200 8717
f 9719 7317 6128
f 9345 9720 9208
f 8804 9344 8805
f 6174 8712 9657
f 6813 6167 6814
f 6494 8006 6495
f 8734 7324 8735
f 7993 9293 7258
f 7986 9293 7993
f 8735 9721 8718
f 9721 6812 8718
f 8723 7995 7320
f 7995 8020 7320
f 6501 9306 9722
f 6808 6798 6797
f 8720 8619 8721
f 8019 7321 9723
f 6798 6807 7994
f 6807 8019 7994
f 6798 7994 6799
f 9659 7896 8618
f 6765 8010 7979
f 8010 6765 7977
f 6824 9722 9298
f 7244 7996 6823
f 7245 8729 9295
f 9295 8729 6165
f 6166 8731 6174
f 6165 8731 6166
f 6797 6799 7899
f 9298 6797 7899
f 7985 9293 7986
f 7985 8735 9293
f 7128 6778 6256
f 6256 6778 8641
f 8738 7380 9301
f 7326 6515 6517
f 8739 7323 8006
f 8007 9296 8004
f 8734 8004 7324
f 8004 8005 7324
f 7947 8733 7303
f 7948 7947 7303
f 8007 7303 9296
f 7948 7303 8007
f 9724 6495 8735
f 6496 6495 9724
f 8732 7979 8008
f 8736 8008 8733
f 8049 7953 7290
f 8737 8049 7290
f 7954 7325 7326
f 6781 7325 7954
f 6516 7314 6517
f 6515 7312 6516
f 6851 8013 6298
f 8013 6851 7284
f 8013 7286 8053
f 7286 8013 7284
f 9725 7818 7819
f 7872 8741 7873
f 6432 6472 9726
f 6817 9304 9204
f 7339 8746 9727
f 8743 7339 9727
f 9303 7875 9728
f 6817 6816 9304
f 8710 9282 6433
f 6433 9282 6434
f 7339 6484 6432
f 6484 6483 6432
f 7334 8021 7335
f 7337 8743 8021
f 7340 9284 6820
f 7340 6820 7341
f 8575 8025 6830
f 6392 8575 6830
f 6409 7057 9506
f 7602 8327 8330
f 9020 7056 7057
f 9019 9020 7057
f 7057 9307 9487
f 9506 7057 9487
f 9308 8379 6834
f 9308 6838 8379
f 8035 8379 8036
f 7653 8036 8752
f 7382 7356 6843
f 6180 7356 7382
f 8379 6300 8380
f 8380 6300 6302
f 8750 6840 6847
f 9507 8375 6840
f 8376 7376 7378
f 7647 8751 8376
f 9729 6833 6835
f 8029 9730 6833
f 6645 8028 8029
f 8025 6644 6646
f 6088 6090 6645
f 9030 7353 6831
f 6480 6157 6156
f 6158 8760 8762
f 6156 8048 6854
f 6649 6481 6853
f 6648 6481 6649
f 6681 7133 6682
f 8761 9731 7063
f 6694 9280 8045
f 6694 6693 9280
f 8761 8044 9731
f 9731 8044 8045
f 6809 8505 6810
f 8757 8049 8737
f 8049 8757 7370
f 7371 7370 8705
f 7371 8705 6693
f 8047 7371 8706
f 8047 7369 7371
f 6780 6497 7325
f 6780 6297 6497
f 7369 8016 6779
f 8016 7369 8014
f 8050 8760 6158
f 6157 8050 6158
f 7373 7287 7374
f 7287 7373 7288
f 6395 6845 7383
f 6395 7383 6396
f 6513 6864 7288
f 6396 6864 6513
f 8736 8732 8008
f 6519 8732 8736
f 6259 8054 8763
f 8054 8766 8765
f 8767 9313 9309
f 6786 7962 7388
f 7295 7962 6786
f 6782 6796 6783
f 6860 6782 6784
f 8765 8767 9309
f 9309 9313 9310
f 9314 7308 6492
f 7308 7297 6492
f 8764 7816 7357
f 7816 8764 6839
f 6860 6784 6294
f 6784 6295 6294
f 9732 9257 9733
f 9734 9735 9736
f 9737 9738 9739
f 9740 9433 8771
f 6455 6454 8773
f 6208 8776 6209
f 6526 7393 8059
f 6526 8059 6527
f 9317 8777 9741
f 9317 9741 8930
f 8773 9317 8774
f 8061 8060 8774
f 8930 9741 9436
f 8930 9436 8263
f 8256 9435 7561
f 8254 8088 8090
f 8782 8786 7398
f 6539 8786 8782
f 8786 8785 9321
f 8854 9742 8830
f 9396 8221 8223
f 7534 7533 8077
f 6876 8783 7438
f 7438 7534 8076
f 9328 7438 7437
f 6882 6528 6530
f 6884 6876 9327
f 7405 6528 6882
f 8076 8078 8069
f 7532 8081 7533
f 5828 5829 7545
f 5827 7421 5826
f 7421 5827 7545
f 8788 8080 6875
f 8080 8081 6875
f 6219 6041 6220
f 6041 6219 6042
f 6879 7415 8789
f 5821 9329 5835
f 5822 9329 5821
f 9329 5822 7420
f 6975 7422 6874
f 6368 7422 6975
f 5822 5823 7420
f 6595 6881 6873
f 6595 8098 6881
f 6912 6367 8791
f 8791 6369 6883
f 6879 8789 6912
f 9330 6880 6912
f 6972 8239 6973
f 7411 7413 6878
f 5723 8926 6599
f 8926 5723 5724
f 8260 8790 8082
f 8082 8790 9330
f 7410 8795 8794
f 8794 8795 8084
f 8084 8083 6594
f 8083 9330 6594
f 7434 7427 8068
f 8068 7427 8066
f 8071 8072 8093
f 6529 7439 9334
f 6535 8793 8794
f 6534 8793 6535
f 8920 6601 6600
f 6600 6602 6534
f 6201 6920 6199
f 6920 6201 8105
f 8785 8226 9321
f 7398 9321 7399
f 8103 8104 7482
f 9743 7485 6934
f 6894 9359 8125
f 9359 7457 8125
f 8799 9338 8800
f 8109 8800 7417
f 9339 7247 7246
f 9339 6315 7247
f 9338 9266 9339
f 9266 8610 8609
f 9744 8807 8806
f 9745 9746 9239
f 8808 9337 9747
f 8808 9747 7416
f 9292 7918 7920
f 9748 9749 9681
f 9750 9177 9189
f 8116 9750 9720
f 6553 6985 6984
f 9751 9720 9345
f 7981 9752 9234
f 7924 9665 9753
f 9754 9755 9756
f 8812 9757 9755
f 7487 9758 6925
f 9759 9687 9688
f 6335 9349 6336
f 6335 6190 9349
f 8816 8120 8119
f 8120 8270 6196
f 8131 7448 8939
f 9760 6770 8938
f 7462 7461 9761
f 7459 6911 6902
f 8818 6198 7423
f 6908 6198 8818
f 8124 7459 6901
f 7457 7459 8124
f 8123 7433 7432
f 8123 7432 8128
f 7408 6322 6324
f 7406 7408 6324
f 6915 7158 7160
f 9352 6915 7160
f 8530 7791 8534
f 8143 7150 9605
f 7150 8143 7148
f 7148 8143 7791
f 8530 8534 8827
f 6102 6913 8876
f 6913 6562 8876
f 8107 8160 6898
f 8107 6898 6051
f 6204 7470 6921
f 8141 7470 6204
f 6899 6922 7481
f 6899 7481 7480
f 6051 8138 6052
f 7538 7540 6578
f 9356 7485 9743
f 7484 7485 9356
f 8827 9762 6559
f 9762 6560 6559
f 8822 9763 8834
f 8144 8143 8140
f 8132 8822 7483
f 8145 8838 8835
f 8838 8145 9763
f 7479 8833 8108
f 8833 6924 8108
f 8825 7779 9141
f 6929 9764 8824
f 9764 6929 8139
f 6570 7460 7462
f 8156 7458 7457
f 9360 6568 8841
f 8128 6568 9360
f 8122 9765 6278
f 9765 9361 6278
f 7257 8123 8819
f 7257 8819 8153
f 7443 8129 8155
f 8129 9360 8155
f 8656 9675 9677
f 9766 9361 9765
f 7785 7790 6938
f 6938 6340 7493
f 6342 9364 8846
f 9364 6342 8839
f 8146 8151 7442
f 8146 7442 7492
f 8840 8152 8154
f 8152 8153 8154
f 7490 8840 9365
f 7490 9365 7491
f 6362 8849 9767
f 8158 9366 6362
f 8870 9768 6347
f 9769 8970 8299
f 9770 7465 7467
f 8213 8828 9771
f 9354 8191 8877
f 8134 9370 8135
f 7465 8133 7466
f 9772 8165 9354
f 9379 7465 9770
f 9768 9379 6347
f 8164 9371 8165
f 8162 8164 8163
f 6349 6351 9372
f 9371 6349 9372
f 6956 6954 6953
f 6956 6953 6349
f 6955 8859 6954
f 6955 8858 8859
f 9773 8169 9371
f 8162 9773 9371
f 6538 8784 8786
f 8785 8224 8226
f 9376 7513 7512
f 9376 7506 7513
f 7166 7011 7008
f 7011 7166 8187
f 7011 8187 7506
f 7739 8177 7010
f 7805 8483 8174
f 7736 8481 7737
f 8865 9774 8866
f 9774 7731 7732
f 8866 9774 8871
f 8865 7731 9774
f 9098 6945 7738
f 6580 9377 8867
f 8183 6952 9377
f 7508 7507 8863
f 6951 7735 9381
f 6580 8868 7495
f 7495 8868 6172
f 6171 7495 6172
f 8869 6581 7495
f 7466 8134 8135
f 6172 8161 8163
f 8848 7498 6581
f 7498 6579 6581
f 8298 9775 8970
f 9775 7471 7473
f 9774 7732 8871
f 7507 8871 7518
f 8863 7163 6353
f 8871 7732 7518
f 7733 6951 6430
f 7507 7519 8863
f 6951 9381 6952
f 6952 9381 6352
f 7520 7787 7521
f 8186 7787 7520
f 8136 9355 9776
f 8165 8191 9354
f 8878 6203 6202
f 8878 9382 8832
f 8192 8193 8214
f 8190 8192 8214
f 8832 8141 6204
f 8832 6564 8141
f 8199 8307 8309
f 6215 8307 8199
f 7594 6625 6214
f 6214 6625 6215
f 7569 8274 8196
f 7568 8274 7569
f 8879 8207 8201
f 6614 8207 8879
f 8945 7026 8943
f 7574 8945 8943
f 6997 8281 8195
f 6998 6997 7570
f 7574 8944 8880
f 8880 8944 7568
f 8945 9383 7026
f 8943 7026 6614
f 7522 7523 6958
f 6958 7523 6357
f 8883 9397 9398
f 6588 6589 9384
f 9777 9417 9397
f 7396 8882 7397
f 6365 8198 8206
f 6365 8206 6366
f 7572 6140 6139
f 7529 6139 8275
f 7572 6139 7529
f 8204 9386 6574
f 8204 6574 7531
f 6990 8311 8221
f 6960 6576 7526
f 6042 8211 6043
f 8211 6042 6219
f 6137 6062 6064
f 8211 6062 6137
f 9387 8074 8073
f 9396 8223 8074
f 8830 9778 9388
f 9374 7474 7475
f 8830 9742 9778
f 8851 8856 9742
f 8891 8904 9392
f 9779 6361 9401
f 6897 9780 9391
f 6896 9398 6897
f 9395 8890 8892
f 7397 8882 8311
f 7525 7395 7397
f 6989 8311 6990
f 6989 7397 8311
f 9398 9780 6897
f 9400 6897 9325
f 8231 9781 8895
f 8232 8231 8895
f 6363 6362 9767
f 9782 8159 6361
f 7516 9783 9784
f 9769 8299 8870
f 9392 9394 7476
f 9402 9416 9785
f 8321 6610 8228
f 7591 8977 6969
f 6371 8889 8216
f 6371 8216 6372
f 6036 6035 6220
f 8208 6035 6033
f 6035 8208 6220
f 6009 6007 8941
f 8588 6007 6005
f 6007 8588 8941
f 9418 6097 6099
f 6097 5999 5997
f 5999 6097 9418
f 9254 9786 9787
f 8637 8636 9788
f 9789 9790 9791
f 9790 9789 9792
f 7271 9793 8779
f 7271 8779 6056
f 9428 9794 9795
f 8681 9796 9797
f 9420 7943 9421
f 9798 8244 8243
f 7940 8675 9193
f 9693 9639 9799
f 9800 9801 9661
f 9802 7224 9643
f 8677 7189 8678
f 6458 8605 6760
f 6458 8603 8605
f 9698 9803 9804
f 5855 7553 5856
f 7553 5855 8614
f 8251 8252 7222
f 8778 9320 9319
f 8778 8254 9320
f 9435 7559 7561
f 7564 8924 6597
f 6558 8923 6600
f 8923 8920 6600
f 7410 7409 8082
f 7409 8260 8082
f 7561 6972 6597
f 7561 7560 8239
f 7564 6597 6596
f 7564 6596 7565
f 6598 8259 7409
f 8259 8260 7409
f 8921 8919 8922
f 8238 8921 8239
f 9805 5864 5863
f 9436 8255 8258
f 8263 9436 8258
f 6339 8257 7447
f 6339 8263 8257
f 7391 6337 8064
f 6195 7391 8063
f 6988 8932 7407
f 8932 6558 7407
f 6904 7448 9437
f 6868 7567 8934
f 7419 7567 6868
f 6903 8927 7448
f 8266 7566 6867
f 8265 8266 6867
f 6091 7418 6092
f 9237 7418 6091
f 8927 8935 8928
f 8936 8934 6909
f 8800 7246 8264
f 7417 8800 8264
f 8062 6195 7567
f 8062 6869 6195
f 7567 8063 8934
f 8934 8063 8065
f 6571 6468 6572
f 6771 9760 8667
f 7448 8928 8939
f 8939 6987 6988
f 9437 8131 9351
f 9351 8131 8130
f 6771 6770 9760
f 8269 6771 8667
f 8941 9419 7218
f 7547 8941 7218
f 6114 9419 8940
f 9419 6114 8942
f 6995 6998 8276
f 6740 6995 6994
f 9485 6613 6629
f 9440 9485 6629
f 8195 8322 7024
f 8322 6631 7024
f 6360 9439 9485
f 6360 6359 9439
f 6741 6756 7199
f 6756 7198 7199
f 9443 8292 9806
f 9465 9807 9808
f 9809 9477 9810
f 9811 9812 9813
f 9814 9815 9573
f 9816 9561 9560
f 9817 9818 9819
f 9820 9446 9821
f 8289 8291 9820
f 9822 9817 9823
f 9494 7702 7704
f 8437 7699 8438
f 8305 9824 8306
f 6375 9825 8961
f 9469 9468 9826
f 9827 9783 7516
f 9828 7014 9829
f 7012 8295 7013
f 9460 9456 9830
f 9831 9832 9403
f 8302 8304 8958
f 9833 9834 9835
f 8959 9836 9837
f 7013 9838 9835
f 9465 9808 9466
f 8968 9839 8969
f 9840 6246 9460
f 9841 9842 9843
f 9844 9447 9845
f 9846 9482 8975
f 9847 9848 9473
f 9470 9849 9846
f 9850 8975 9851
f 9852 6095 6715
f 9853 9854 9085
f 6715 9855 9856
f 9857 9858 9859
f 7099 9860 9861
f 6427 9861 7743
f 8417 9575 9574
f 9855 9161 9856
f 8288 7733 6429
f 9480 6999 7000
f 7471 8971 7472
f 6375 9479 9825
f 9851 8975 9862
f 9863 9862 7578
f 8974 8973 6703
f 7734 7115 7735
f 9482 7724 8474
f 8975 9482 8474
f 6355 6966 6370
f 6966 7589 6370
f 8220 7023 8889
f 7021 7023 8220
f 6205 6967 8217
f 6206 7591 6207
f 7591 7004 6207
f 7022 8228 8314
f 8321 8228 7022
f 7582 9864 7541
f 6611 8981 7543
f 9006 9007 9412
f 9413 9865 9496
f 9866 9867 9409
f 9826 9868 6962
f 9868 9463 9866
f 7585 7544 6610
f 7544 6611 6610
f 8320 8976 7595
f 8984 7595 7588
f 8982 8361 8320
f 8361 7584 8320
f 8308 8983 8309
f 8309 8983 7588
f 9484 6959 8308
f 6215 9484 8308
f 7017 8324 7018
f 6161 8989 8324
f 6627 7019 6628
f 6628 7019 7052
f 7018 7632 8233
f 8233 7632 7634
f 8988 8325 6225
f 8988 6225 6227
f 6618 8234 7006
f 8234 7634 7006
f 9486 8326 6159
f 6225 9486 6161
f 7201 8985 8987
f 8987 8985 8325
f 7039 7046 7106
f 7038 7046 7039
f 8991 7106 7599
f 6155 7106 8991
f 6673 8995 9003
f 6673 7047 8995
f 7029 8331 6398
f 7034 8332 7031
f 7034 7610 8332
f 6745 6744 7842
f 6743 6745 8583
f 7842 7030 9869
f 6641 7842 6642
f 7102 7101 8993
f 7101 7615 8993
f 8340 8354 8353
f 8458 8354 8340
f 6670 8339 7035
f 7615 6670 7035
f 6400 6669 6398
f 6669 6400 8458
f 8327 8329 8330
f 8330 8329 8331
f 9870 9871 8452
f 9871 8449 8452
f 8342 9488 8341
f 9488 8342 9872
f 8355 9488 9872
f 8994 9873 9489
f 6074 8996 8333
f 8993 7037 8992
f 8337 8993 8992
f 8334 7627 6672
f 7627 9491 7047
f 9490 8452 7705
f 9870 8452 9491
f 9013 9015 7619
f 9013 7619 7624
f 9015 8347 7620
f 8345 8347 9015
f 6637 7016 8345
f 6638 9013 8989
f 9549 8433 7044
f 7044 8435 9495
f 9441 8901 9874
f 8901 9441 8899
f 9875 9466 8901
f 7703 9455 9876
f 7582 9494 9864
f 7542 9006 9412
f 9414 9411 8237
f 7541 9006 7542
f 7542 9412 8236
f 7590 7583 7541
f 7590 7541 8981
f 8326 9002 9012
f 8326 9012 6159
f 8318 7040 8313
f 7634 7040 8318
f 7633 7625 9014
f 7633 9014 7634
f 7625 7621 9001
f 7621 6211 9001
f 6826 7346 9497
f 6826 6825 7346
f 7343 7643 7344
f 7342 7344 7349
f 9500 9503 9501
f 9503 9500 9877
f 9504 7636 6089
f 9166 9503 7192
f 7192 9503 7828
f 9503 9877 7831
f 7828 9503 7831
f 8364 7834 6732
f 7834 6730 6732
f 7829 7831 9878
f 7831 9877 9878
f 8363 6231 9498
f 6231 8363 6232
f 6405 8574 6392
f 8368 8574 6405
f 6404 8368 6405
f 9501 9504 8366
f 7848 7603 7605
f 7642 9016 9020
f 7210 7856 7211
f 7856 7846 7211
f 6386 6385 9879
f 7849 7605 6385
f 6736 6737 7604
f 7603 7213 7640
f 7213 7603 7858
f 8371 7859 6750
f 7859 7858 6750
f 6751 8587 8586
f 6751 8370 8587
f 6410 9879 6408
f 9879 6410 7059
f 7059 6410 6748
f 7209 7208 7205
f 7208 6748 7205
f 7641 8365 9016
f 6737 8365 7641
f 9879 9018 6408
f 9017 7349 9020
f 9017 7348 7349
f 7606 9506 9487
f 9506 7606 9505
f 9505 7606 6746
f 6182 8755 7657
f 6182 6847 8755
f 8375 8030 6840
f 6840 8030 8052
f 6524 7382 6525
f 9021 8373 8375
f 7659 7069 7660
f 9880 8383 7659
f 7066 7062 7067
f 7062 7652 7067
f 7068 7067 8412
f 7359 6414 7672
f 6238 6236 9508
f 6238 9508 6239
f 7352 7351 6237
f 7352 6237 7665
f 7665 6239 7083
f 6239 7358 7083
f 6105 8382 9023
f 7656 8382 7658
f 8382 7656 9022
f 9024 9881 9023
f 9881 9024 9882
f 9528 8501 8500
f 9509 7360 9527
f 9510 8414 7360
f 6647 8754 9883
f 7656 6647 9883
f 7071 8031 6104
f 6105 9023 9881
f 6676 9884 9025
f 9026 9512 7172
f 7172 9512 9511
f 8404 9026 9040
f 7171 7173 9046
f 9885 9886 9887
f 9888 9889 9890
f 7075 9890 7685
f 9511 9513 7173
f 7173 9513 8548
f 8395 7104 7103
f 8395 7103 8444
f 7354 8026 7651
f 7666 7651 7667
f 8748 8391 9033
f 9033 8391 9516
f 6394 6393 8748
f 6394 8748 8747
f 7110 8392 8393
f 6380 9517 6827
f 9034 7111 6632
f 6632 7111 6633
f 7720 9079 7109
f 9079 6443 7109
f 9519 7669 9036
f 8387 9520 7718
f 8420 8419 9519
f 8419 9518 9519
f 7718 9520 7080
f 7718 7080 9518
f 6654 7665 9891
f 6654 9891 6655
f 9028 7352 8387
f 9028 8387 7105
f 8420 9519 7663
f 8420 7663 7662
f 9519 9036 9521
f 7663 9519 9521
f 7689 8398 8399
f 7689 8399 7690
f 8411 8378 8402
f 7082 8378 8411
f 8386 7171 9892
f 9039 9038 8386
f 7363 6683 9526
f 9526 6683 6685
f 6309 9893 9894
f 9893 8496 9894
f 9112 7754 7753
f 8501 7753 8502
f 9892 9614 9895
f 9157 9896 9158
f 6652 6651 6401
f 6650 6652 8400
f 9529 6677 7815
f 8415 6677 9529
f 7698 7688 6143
f 7698 6143 6142
f 8966 9530 7810
f 9530 8400 7810
f 6144 8966 8965
f 9050 9049 7174
f 9050 7174 9531
f 7696 9532 9533
f 7107 8460 8462
f 8462 8461 7696
f 6829 6828 6241
f 6381 9534 7709
f 7708 8442 7078
f 8442 7664 8421
f 7114 9035 9897
f 9897 9035 7719
f 9056 6665 9552
f 8443 8418 6666
f 6666 7108 7693
f 7108 7696 7693
f 9898 9899 9900
f 9068 7713 7712
f 6621 9068 7712
f 9901 9902 9546
f 7714 9535 7118
f 7714 7118 8472
f 8955 9083 9562
f 9538 9903 9904
f 8428 9905 9088
f 8428 9088 8426
f 9070 9066 9069
f 7710 9906 7711
f 8425 8427 9082
f 8997 7623 8998
f 7097 7623 8997
f 8360 9073 7622
f 8360 7049 9073
f 8346 8999 8347
f 8999 9058 8347
f 6411 6413 8284
f 9010 6412 9062
f 8284 9823 8432
f 8434 9061 8437
f 8432 9823 9011
f 9823 9550 9011
f 9057 9011 8433
f 9058 9057 8433
f 6413 8286 8952
f 9547 9548 8286
f 8358 9076 9547
f 7707 8356 8349
f 6241 7078 7077
f 6241 7077 6242
f 6149 9067 6150
f 6149 6633 9067
f 6399 7613 8457
f 7614 9553 8342
f 6379 6381 7715
f 7614 7716 9553
f 7111 8393 9907
f 7111 9907 6633
f 9553 7716 9064
f 7715 6381 7716
f 8446 8448 9908
f 9544 9909 9068
f 9068 9910 7713
f 9068 9909 9910
f 9911 8344 8449
f 9911 7628 8344
f 9070 9872 8342
f 9872 9070 7629
f 7628 9872 7629
f 8452 9492 7705
f 8450 6620 7710
f 9492 8450 7710
f 7710 6620 6622
f 7048 7705 9074
f 7048 9074 7049
f 7616 7618 7623
f 7623 7618 9912
f 8348 8349 7617
f 9055 9547 6412
f 9076 9078 8351
f 8429 8456 9075
f 7711 9906 8456
f 8429 9075 9077
f 8441 9913 9557
f 9075 8441 9559
f 9914 9915 9060
f 9551 9060 9059
f 9542 9051 9854
f 9084 9916 9085
f 9917 9918 9919
f 9920 9105 9921
f 9922 9103 9923
f 7694 9816 9924
f 7694 9924 9541
f 9925 6999 9480
f 8184 8185 8287
f 9096 9926 8476
f 8973 8864 6704
f 8865 8485 7731
f 9100 8485 8865
f 9090 9564 8974
f 9564 8972 8974
f 6417 9566 6418
f 9565 6417 7119
f 7768 7767 7801
f 8172 9927 7510
f 7737 9091 8483
f 9091 9093 8483
f 9098 9375 6945
f 9375 8482 6945
f 9099 8492 9569
f 8492 9099 8493
f 9095 9926 9096
f 9926 8491 8476
f 8477 9100 8478
f 8490 7742 9567
f 8490 9567 9099
f 9928 9929 7740
f 9569 9449 8488
f 9449 9569 8492
f 9620 9081 7807
f 8417 9160 9575
f 7807 9081 9930
f 7807 9930 7808
f 9101 7807 7806
f 9572 6657 6656
f 6657 6696 9150
f 9571 7807 9101
f 6608 8417 9574
f 8467 8464 8466
f 7750 7748 8499
f 7746 7748 7750
f 7749 6662 9581
f 7809 7749 9581
f 9931 9932 9933
f 9110 8516 9934
f 7511 9582 7796
f 9582 6707 7796
f 9935 8515 7123
f 6661 8515 9935
f 7125 6712 6711
f 9111 7123 7125
f 6308 7126 7765
f 7765 7126 6686
f 6660 9133 9134
f 6660 9134 8515
f 8502 7755 8753
f 8502 8753 8497
f 7755 9042 9114
f 9042 6422 9114
f 7366 8504 7367
f 8504 8506 7367
f 9135 7145 8520
f 9135 7952 7145
f 6689 6691 7372
f 8506 6689 7372
f 7145 7144 7131
f 7144 8507 7131
f 7136 9586 8698
f 8698 9586 7762
f 7135 9277 6488
f 9277 7135 7946
f 9121 7131 9120
f 7132 7131 9121
f 6474 9119 9936
f 9119 6474 7762
f 7272 9937 7273
f 9123 7777 7776
f 6699 9129 8509
f 6697 9129 6699
f 9938 9139 9140
f 9589 9594 9126
f 9589 9939 9594
f 8510 8509 9590
f 7777 9590 9128
f 7945 8510 7777
f 8524 6698 7945
f 8524 7945 8532
f 8513 7154 7752
f 7152 7154 8513
f 9113 9591 6307
f 9114 9113 6307
f 9133 6306 6308
f 6307 8514 9116
f 8497 6659 9109
f 9109 6659 6661
f 7125 7765 6712
f 7124 7765 7125
f 8520 8521 7760
f 7760 8521 7774
f 6846 9115 7152
f 7147 9115 6846
f 9591 8514 6307
f 9591 7152 8514
f 7141 6424 6423
f 7141 6423 6086
f 9124 8524 8531
f 6186 9124 8531
f 9596 9597 9144
f 9601 9596 9144
f 9141 8147 8149
f 8147 9141 7781
f 6108 9146 7780
f 7784 6938 9363
f 9140 8525 8526
f 9142 7783 7782
f 9142 7782 9139
f 9142 6111 7783
f 6111 6935 7783
f 9940 8839 6342
f 8839 9940 7255
f 7930 7929 6936
f 6937 8843 9595
f 9595 8843 7790
f 6916 6582 6542
f 6582 6916 6583
f 6343 6345 6917
f 8536 6939 9596
f 7797 7799 7798
f 7798 7799 9137
f 9597 6941 9144
f 9597 6939 6941
f 6345 9602 6917
f 6345 9601 9602
f 7158 7149 7151
f 7149 7158 9353
f 8150 8837 8149
f 8837 8150 7489
f 8837 7489 7491
f 6930 8836 8838
f 8835 8146 8145
f 8835 7491 8146
f 7151 7148 7791
f 7159 7151 7791
f 8140 6928 8535
f 9605 9604 9764
f 9604 9592 8824
f 8523 7794 6940
f 6939 8523 6940
f 9592 7779 8824
f 7792 8694 6106
f 9146 6078 7780
f 9593 7780 7779
f 6419 8171 9147
f 7119 6419 9147
f 7167 6950 9149
f 7167 9149 7509
f 9148 7803 6949
f 9148 6949 6948
f 9606 9110 9092
f 9941 9931 8518
f 8479 7745 9152
f 8479 9152 8480
f 9942 8537 9154
f 7808 9943 9607
f 9094 6428 8479
f 6426 6428 9094
f 9860 6656 7743
f 6427 7743 6428
f 8482 8487 7736
f 8487 8479 8481
f 9892 7171 9614
f 9104 9944 9945
f 9946 9947 9948
f 9949 9922 9923
f 9950 7093 9951
f 9613 9524 9609
f 8550 8543 9161
f 9952 9157 9104
f 9953 9954 9955
f 9956 9921 9957
f 6714 8550 9855
f 7086 7088 8546
f 9958 9611 9858
f 9577 7087 7086
f 8405 8549 8548
f 8549 8405 9959
f 9960 7074 9155
f 9959 9961 8549
f 9961 9959 9962
f 8552 8549 9961
f 8469 8471 9963
f 9612 9577 9576
f 9964 6715 8416
f 8416 9856 8417
f 7813 9162 7814
f 7813 9163 9162
f 6685 9893 6309
f 7686 6685 9621
f 9577 8547 7687
f 9577 7687 7087
f 6083 5694 5693
f 9164 9965 7235
f 7235 9966 6448
f 9626 8559 9965
f 9164 9626 9965
f 5695 6449 5747
f 5694 6449 5695
f 6449 5694 6083
f 5903 9966 8559
f 9966 5903 5902
f 7822 7827 8744
f 6789 7827 7822
f 7827 7956 8744
f 7956 6752 8744
f 8566 8570 8569
f 8566 7824 8570
f 7388 7387 9165
f 7292 9165 7294
f 7294 7296 8057
f 7293 7294 8057
f 6072 6071 8567
f 6072 8567 7181
f 7206 7202 7204
f 7852 9167 7837
f 7840 8583 8580
f 8583 6641 8580
f 5981 7865 5983
f 9627 5975 6438
f 5975 9627 5977
f 9967 9169 7853
f 8582 9967 7853
f 5964 6721 5967
f 5961 6719 5962
f 6721 5962 6719
f 5962 6721 5964
f 7199 7573 6996
f 7573 8585 6996
f 8576 7195 9624
f 8576 9624 9172
f 9173 9629 9171
f 7862 7861 8590
f 9630 7214 7859
f 7197 7214 9630
f 9631 9968 8559
f 6723 7862 9631
f 7821 6724 6753
f 6753 6724 7863
f 5685 9632 5686
f 9632 5685 7557
f 6267 8277 6606
f 6267 6266 8277
f 7901 7903 7250
f 9174 9969 7879
f 6775 9175 7916
f 9175 7254 9269
f 9220 9221 7918
f 7882 9176 8640
f 7883 9220 7918
f 9292 7883 7918
f 6471 7889 9638
f 8597 6471 9638
f 8613 8612 6470
f 8612 6055 6470
f 7233 9195 7889
f 9970 7189 8677
f 9645 6469 8597
f 8613 6470 9645
f 6462 8611 8613
f 6758 6462 8613
f 8245 9702 8246
f 7219 7221 9700
f 9182 7914 9183
f 9650 7911 6485
f 6757 6462 6758
f 6460 6462 6757
f 7551 7219 9648
f 9648 7219 8598
f 8633 8599 8680
f 8633 6487 8599
f 9971 8632 8603
f 9653 9649 8632
f 7911 8602 7551
f 9187 7906 7911
f 9199 9198 6465
f 9199 6465 6147
f 7912 7914 9182
f 7912 9182 8602
f 9728 7875 7330
f 9726 6472 7875
f 7906 8602 7911
f 7906 7905 8602
f 8607 9186 9187
f 8606 6081 9186
f 9972 8607 9652
f 7330 9973 9974
f 6434 6081 8606
f 6434 8606 7336
f 9651 8600 7912
f 6080 7243 9188
f 7243 9651 8608
f 8017 7241 6080
f 6761 9975 7215
f 8017 6762 7893
f 9655 9654 9217
f 9976 9194 9654
f 9977 9978 9271
f 9978 9977 7263
f 7870 9271 9979
f 9980 7216 7554
f 9981 7819 6729
f 9286 9657 9716
f 7988 7990 7989
f 8627 8620 9982
f 8620 8627 7907
f 8721 7877 7876
f 8721 7876 7239
f 9205 9633 9207
f 8627 9206 9207
f 9706 9203 9707
f 6126 9203 9706
f 7876 6124 9202
f 7239 7876 9202
f 9213 7252 9175
f 7240 9202 8592
f 7318 9300 9982
f 9982 9300 8627
f 9659 6119 7896
f 8722 7239 7238
f 9209 7896 7898
f 8618 7896 9209
f 7998 9209 7982
f 8618 9209 7998
f 7898 7897 6774
f 7898 6774 8622
f 8722 8721 7239
f 8720 9723 8619
f 7927 8623 8628
f 8623 8622 9634
f 7881 8628 7882
f 8628 9176 7882
f 9634 7915 9635
f 9634 9635 9176
f 6774 6776 9215
f 8622 6774 9215
f 9983 9221 9984
f 9178 9985 9179
f 8116 8690 9750
f 8690 9663 9750
f 9221 7548 9984
f 7260 7259 9986
f 9225 8643 8699
f 7157 9987 8658
f 9987 8002 8003
f 9287 7990 7992
f 8700 9288 9717
f 7155 8000 7156
f 8646 8000 7155
f 8645 9227 7951
f 8645 7157 9227
f 7929 9670 6936
f 9667 9233 8651
f 7922 7276 7923
f 7923 7276 8693
f 8529 9668 7928
f 6110 7930 6935
f 9673 8654 8842
f 8651 9233 8652
f 6768 6767 8527
f 7276 6768 8527
f 9143 8529 6110
f 8693 8529 9143
f 9362 8670 6573
f 7450 9988 9989
f 9990 6550 7488
f 8652 9671 9673
f 9667 9991 9233
f 9679 9992 9231
f 9992 8112 6548
f 9222 6127 6129
f 9986 9664 8643
f 8658 9987 8644
f 6319 7925 8647
f 7925 9667 8647
f 9244 9237 7562
f 9244 7562 6769
f 7311 9243 6466
f 6466 9243 6467
f 9344 6553 8268
f 8683 9685 9684
f 9993 8806 9341
f 9994 9342 9236
f 8663 9995 9996
f 9995 8663 9997
f 9236 9998 8664
f 7885 9341 8267
f 8664 9998 8801
f 9993 9341 7885
f 7884 7886 9244
f 8659 7933 9999
f 8659 9999 9988
f 8816 8270 8120
f 8815 8270 8816
f 8681 9255 9796
f 10000 9273 9265
f 6314 6313 8684
f 8242 8691 9263
f 9274 9691 9275
f 8610 7937 6315
f 7937 6271 6315
f 10001 10002 10003
f 9426 7230 7231
f 9744 10004 8807
f 6048 7870 9979
f 10005 10006 8249
f 9246 10007 9247
f 9804 10005 8249
f 5685 5684 7557
f 10008 5880 5882
f 9701 10009 10010
f 7221 10009 9701
f 8633 8680 8634
f 8599 8598 9703
f 7550 7549 10011
f 6772 7270 6773
f 7866 9429 7867
f 9174 7878 8911
f 10012 9798 10013
f 10014 6273 6272
f 8594 10015 8595
f 8595 10015 8596
f 10016 8909 6273
f 9707 8909 10016
f 7251 6126 7249
f 6126 7251 9203
f 6124 6126 10017
f 10018 9269 7941
f 9635 9636 9176
f 8596 10014 6272
f 10015 10014 8596
f 7916 10018 7917
f 10018 7941 10019
f 10020 9738 9737
f 9710 8803 9977
f 7870 7869 9271
f 9977 8802 7264
f 10021 6906 10004
f 9977 8803 8802
f 8803 8240 6905
f 10004 6314 9256
f 9263 6312 6314
f 10022 10023 9259
f 9732 9733 10024
f 9793 10025 10026
f 6273 9642 6274
f 9715 7939 9194
f 9194 7939 8692
f 7269 10027 10028
f 7269 8247 10027
f 7127 6476 7128
f 9278 8704 6255
f 9117 6490 9118
f 9936 7944 7272
f 8503 8758 8504
f 8758 8506 8504
f 6718 6284 6283
f 8708 6718 6283
f 6792 6791 6505
f 6791 8708 6505
f 9281 6794 7338
f 6283 6285 6793
f 7958 7963 7959
f 6284 7959 7975
f 7975 7299 9305
f 7975 7965 7299
f 7975 9305 6818
f 7976 7975 6818
f 9284 6821 6820
f 9284 7327 6821
f 6295 7384 7379
f 7379 7384 7385
f 8711 8056 8055
f 7305 8056 6491
f 6814 8713 7987
f 7987 8713 7988
f 7989 7990 9287
f 7316 8714 9200
f 7992 7991 10029
f 9717 7315 9718
f 9288 7992 10030
f 8805 9344 8268
f 9200 8716 9201
f 8716 8715 9211
f 7259 9294 9664
f 9664 9294 9224
f 9721 7324 6812
f 8735 7324 9721
f 9722 9306 6808
f 8729 6824 8730
f 6806 8724 6807
f 8724 8726 6807
f 7320 8726 8723
f 8726 7320 7319
f 7994 8019 8720
f 7994 8720 6321
f 7900 6118 8712
f 7899 7900 8712
f 6765 6177 7977
f 6175 6177 6765
f 7245 6823 8729
f 7996 7978 6499
f 6499 6501 6824
f 6501 9722 6824
f 6777 9301 6496
f 6478 9301 6777
f 7380 8739 9301
f 7280 7326 8738
f 7323 7314 8007
f 7314 7948 8007
f 6496 9724 7985
f 9724 8735 7985
f 6849 6298 6297
f 7333 9302 10031
f 7333 9975 6761
f 6728 7817 6084
f 7215 10031 7225
f 7894 10032 7236
f 6729 8558 6463
f 9303 9726 7875
f 8743 9727 8742
f 8746 9726 9303
f 8746 6432 9726
f 8020 9299 7318
f 8020 6815 6817
f 9982 7321 7318
f 7321 9982 8620
f 7328 7337 7334
f 7328 7334 6822
f 6393 6830 8748
f 6392 6830 6393
f 6230 7602 9307
f 9307 7602 7608
f 8029 7065 9730
f 7065 6838 9308
f 8036 8751 7647
f 8036 8380 8751
f 7378 9507 8750
f 8750 9507 6840
f 8389 6833 8390
f 8027 8390 9031
f 8026 8027 7651
f 7651 9031 7351
f 6293 6836 7065
f 6293 6292 6836
f 6090 6293 8028
f 6645 6090 8028
f 6480 8050 6157
f 6480 7365 8050
f 8048 6158 7133
f 6854 8048 7133
f 8045 8503 8756
f 8045 8756 7147
f 7063 9731 8759
f 9731 8045 8759
f 6693 6809 9279
f 9279 6809 8758
f 9312 9311 6796
f 9310 10033 7307
f 9311 7307 8711
f 6523 9309 9312
f 8766 7960 6785
f 8054 7960 8766
f 10034 6453 6455
f 7393 10034 6455
f 10035 8768 10036
f 9181 6133 6456
f 10023 9737 9739
f 9253 9714 9254
f 10037 10038 9734
f 9805 5865 5864
f 6209 8772 8253
f 10039 9434 9433
f 10040 6208 6210
f 6454 10040 8773
f 9318 9319 9436
f 9741 9318 9436
f 6338 8930 6339
f 8061 8774 6877
f 8095 10041 8780
f 10041 8095 8782
f 8782 7398 10041
f 6063 10042 9322
f 8073 8075 8796
f 8796 8075 8209
f 7533 8073 8077
f 8073 7533 9387
f 7404 8093 7427
f 8093 8094 7427
f 9327 7438 9328
f 9327 6876 7438
f 8087 9329 7415
f 7414 8087 7415
f 6369 6976 6884
f 7422 7421 8788
f 6874 8788 6875
f 7422 8788 6874
f 6976 6876 6884
f 6976 6874 6876
f 9329 7420 8787
f 6367 6369 8791
f 6878 7413 6879
f 8790 6880 9330
f 7412 8262 7413
f 8922 8261 8262
f 5725 8792 8926
f 8792 5725 5726
f 8262 9332 7413
f 5722 6599 5891
f 6599 5722 5723
f 7434 8068 6547
f 6547 8068 6329
f 8100 6592 7426
f 8100 7426 7434
f 9328 7437 6529
f 7437 7439 6529
f 6885 9328 6528
f 7405 6885 6528
f 9334 8070 8072
f 9334 7439 8070
f 6535 8797 8091
f 8091 8797 6870
f 9333 6598 7410
f 7565 6598 9333
f 6601 7565 6602
f 8920 7565 6601
f 8067 7504 6330
f 7504 8067 8781
f 7504 6944 8170
f 10043 9335 8102
f 6578 6577 6943
f 9266 8609 9339
f 8609 6315 9339
f 8799 9266 9338
f 8685 8684 9340
f 10044 9745 9697
f 8802 6905 7264
f 10045 6314 10004
f 10045 9263 6314
f 7263 9977 7264
f 7265 10046 10047
f 9747 8109 7416
f 9747 9337 8109
f 9976 9654 9655
f 10048 9656 6169
f 9985 9976 9655
f 8689 9246 9192
f 6170 9748 9683
f 9656 9749 9748
f 8115 8690 8116
f 9189 9179 9190
f 6551 9751 6552
f 7920 7919 8116
f 9191 9190 6169
f 9189 9177 9179
f 6984 6986 8812
f 6986 9208 9191
f 8717 9291 9289
f 8717 8804 8657
f 8682 10049 9685
f 9676 6927 10050
f 10051 8660 10052
f 9687 10053 10054
f 9229 8809 8811
f 10053 9756 9241
f 9752 8268 10055
f 10054 9241 8809
f 9672 9990 7488
f 10056 9677 10057
f 6926 10058 10059
f 10060 9229 8811
f 10053 9241 10054
f 9679 10061 8112
f 9679 8112 9992
f 10062 9754 9687
f 8669 9350 8270
f 9350 8271 8270
f 8938 9437 9351
f 8938 8929 9437
f 9351 8130 8271
f 8130 7935 8271
f 9761 6911 7459
f 9761 7461 6911
f 8097 6324 8118
f 8097 7406 6324
f 7160 7159 8875
f 9352 7160 8875
f 9382 8876 8832
f 8876 6564 8832
f 9776 10063 8107
f 9369 8107 8106
f 7481 9743 8103
f 9743 6934 8103
f 9762 8534 6560
f 8827 8534 9762
f 8822 8838 9763
f 6930 8838 8822
f 8821 6930 8822
f 6928 6930 8821
f 8156 8841 7458
f 8841 6570 7462
f 9360 8156 8155
f 9360 8841 8156
f 9670 10064 10065
f 10066 9765 8122
f 7443 8155 9359
f 9359 8155 7457
f 10067 6252 6254
f 10068 10050 10051
f 8649 10069 8650
f 10056 10057 10070
f 7784 9363 8526
f 8148 7493 7494
f 6937 9595 7785
f 7783 6937 7785
f 8126 8127 8129
f 8153 8127 8126
f 9406 8297 8852
f 9410 9827 10071
f 10072 8852 9769
f 7516 9784 7517
f 8213 9771 6151
f 8137 9369 9368
f 6172 8163 8133
f 6172 8133 7465
f 6348 6347 7467
f 7467 7466 8135
f 8868 8867 8162
f 8868 8162 8161
f 9371 9372 8165
f 8165 9372 8190
f 9378 8182 8867
f 8867 8182 8162
f 8212 7474 9374
f 10073 9373 8860
f 7478 10074 10075
f 9390 8212 9374
f 8312 9325 8222
f 6537 8784 6538
f 7513 8862 8166
f 7513 8166 7514
f 7513 8188 8862
f 7509 8188 7168
f 8188 7509 8862
f 7164 9376 8857
f 7512 7514 8858
f 7732 7009 7011
f 7732 7011 7505
f 6431 6430 6952
f 8183 9377 6580
f 6171 6173 9379
f 9379 6173 7465
f 8848 6581 8869
f 7500 7471 9775
f 7500 9775 8298
f 9775 7473 8970
f 7518 7506 9376
f 7518 7505 7506
f 6954 8874 6350
f 6350 8874 6100
f 9355 10063 9776
f 8877 8878 10063
f 8163 8165 9772
f 8133 8163 9772
f 9370 9354 8136
f 8134 9354 9370
f 6616 6216 8199
f 6216 6215 8199
f 7593 7596 6623
f 7593 6623 7594
f 8274 8200 8197
f 8879 8201 8200
f 8200 8202 8198
f 8207 6616 8201
f 9383 7024 7026
f 8280 8322 8195
f 8944 8943 8272
f 8943 8273 8272
f 9385 6589 9777
f 6589 9385 9384
f 6372 8218 6589
f 7529 8275 7530
f 9386 6588 8210
f 6357 6588 9386
f 10076 8828 8213
f 9742 10077 7401
f 10074 8831 10075
f 9388 9778 9389
f 7401 10077 7402
f 8855 8870 6346
f 6363 9767 8853
f 6362 9366 8849
f 8904 9393 9392
f 9391 7478 10078
f 9324 10078 8886
f 10078 7478 10075
f 8075 7501 6537
f 10079 10080 8225
f 8886 10078 8887
f 10081 7476 7478
f 7525 7397 6989
f 7525 6989 6066
f 9417 9395 9397
f 6895 6897 9400
f 7396 9385 8883
f 7396 8883 8882
f 9325 9324 9399
f 9324 9391 10078
f 9784 10072 7517
f 9784 8852 10072
f 6963 9866 9408
f 8158 9410 9366
f 9393 9782 9394
f 9393 8159 9782
f 8895 10082 8904
f 7005 6971 9402
f 9782 6361 9394
f 10083 8159 9393
f 8977 8237 6969
f 8237 6970 6969
f 8208 7536 7535
f 6029 6028 8905
f 10023 9739 10084
f 10085 7270 6772
f 10086 10087 9705
f 10088 9252 10038
f 7940 9193 6047
f 9692 9693 10089
f 10090 8241 8803
f 9427 9794 9428
f 10091 9790 9792
f 9251 9795 10092
f 5885 8686 5886
f 8686 5885 8244
f 7227 8243 7228
f 9715 10093 7939
f 7867 9798 10094
f 8605 8681 8914
f 9638 9639 9693
f 9646 8597 10095
f 9431 9644 10096
f 9267 7936 8678
f 10025 9249 10026
f 10013 8243 7227
f 8605 8634 8681
f 6760 8605 10097
f 6763 6458 6457
f 7250 7903 9174
f 5915 5914 10098
f 8252 7553 8614
f 7552 7553 8252
f 8772 10099 10100
f 8253 10100 10101
f 6209 8253 10102
f 8253 10101 8088
f 9320 8254 9435
f 9320 9435 8256
f 8924 7561 6597
f 8256 7561 8924
f 8259 6974 7411
f 8239 8922 6973
f 8090 8089 8238
f 8090 8238 7560
f 8919 5849 5850
f 8774 8930 6338
f 6877 8774 6338
f 8064 6337 7446
f 8064 7446 8931
f 6903 8933 8927
f 6093 8933 6903
f 8927 6868 8935
f 6868 8934 8935
f 9438 8265 8933
f 9438 7417 8265
f 9237 6091 8937
f 8937 6091 6093
f 8670 8666 6571
f 6468 8269 6572
f 8928 8936 6987
f 8935 8936 8928
f 9245 6769 6771
f 6467 9245 6771
f 6112 8940 6099
f 8940 6112 6114
f 7024 7594 7025
f 7024 6993 7594
f 8279 9440 8280
f 8585 6360 8279
f 9464 9807 9465
f 10103 10104 9472
f 10105 9470 9846
f 10106 8290 8289
f 6635 10107 6636
f 8472 6635 6634
f 8351 9078 10108
f 6634 6636 7726
f 8291 9444 9820
f 8958 9836 8959
f 10109 9820 10110
f 9060 9915 10109
f 8454 8957 8455
f 8957 8959 8455
f 6383 6382 7582
f 8438 7699 7701
f 9004 8455 9493
f 7700 8453 7701
f 8453 8455 9004
f 10111 8302 10112
f 6248 8306 6373
f 9009 8963 10113
f 6246 6248 9460
f 6248 6373 9456
f 9828 9829 9009
f 9009 10113 8896
f 9876 8900 10114
f 10115 8900 9876
f 9835 6247 6246
f 9840 9460 8897
f 8898 9831 9405
f 9830 9459 9404
f 9866 8896 9867
f 9827 9405 9783
f 9404 7499 8297
f 8297 7499 7500
f 8958 10116 9836
f 9455 9837 10115
f 9806 8294 8296
f 10117 9946 9948
f 10118 10119 10120
f 7121 9097 9089
f 9473 10121 8968
f 9955 10122 10123
f 9568 10124 7121
f 10125 9955 10126
f 7013 9835 8962
f 9834 10127 9824
f 9824 10104 10103
f 10103 9472 8306
f 10128 10129 9471
f 8306 9458 6373
f 10130 10131 9928
f 9915 8289 10109
f 6636 10107 10132
f 10133 10134 10135
f 10136 9615 9555
f 8303 10137 10116
f 10138 10139 10140
f 10138 10140 10141
f 10142 10143 10144
f 9860 9608 6656
f 6608 9574 9478
f 6609 6608 9478
f 10143 8495 9608
f 9918 8495 10143
f 8468 8466 9101
f 8466 9571 9101
f 9479 9863 7578
f 9825 9479 7578
f 7724 8288 10145
f 8474 7724 10145
f 8971 8847 7472
f 7578 7580 8971
f 8969 9862 9863
f 8967 8969 9479
f 9825 7578 8961
f 8961 7578 8971
f 8974 10146 8180
f 8179 8974 8180
f 8973 6704 6703
f 8180 10146 7115
f 8974 6703 10146
f 10146 6703 7115
f 8228 8230 8314
f 8976 8321 7022
f 8229 6612 8235
f 6610 6612 8229
f 7022 8362 7023
f 7022 8314 8362
f 8898 8897 9831
f 8897 9832 9831
f 8315 8317 8227
f 10147 10148 10149
f 10148 10147 10150
f 9826 9463 9868
f 9408 9866 9409
f 8317 6962 8227
f 8317 9826 6962
f 6959 7007 8361
f 6959 8361 8982
f 6225 8326 9486
f 8325 8326 6225
f 6642 9168 6163
f 9168 8337 6163
f 8355 9872 7628
f 8354 9488 8355
f 8355 7628 9911
f 9873 8355 9911
f 7626 7047 6673
f 6672 7626 6673
f 8431 9870 7627
f 9873 9911 8430
f 9491 9490 7047
f 7047 9490 7048
f 8324 8989 7018
f 8989 7624 7018
f 9012 7015 6637
f 6159 9012 6637
f 9495 8438 8956
f 9495 8436 8438
f 7043 7045 7621
f 7621 7045 6211
f 8455 8959 9454
f 7702 9454 7703
f 9875 8901 8900
f 9414 9496 9411
f 9865 10148 9496
f 8236 9412 9414
f 8236 9414 8237
f 7541 9864 9006
f 9864 9494 9006
f 7625 9000 9014
f 9014 9000 7631
f 8463 6826 7343
f 7055 8463 7343
f 9502 7638 7636
f 9502 7191 7638
f 7191 9502 9166
f 7829 8577 7184
f 9878 9499 7832
f 9498 8578 7834
f 8578 7835 7834
f 8368 7193 8574
f 8366 9504 8367
f 7053 6405 6504
f 6405 6392 6504
f 8571 9500 8572
f 7604 7641 7605
f 7604 6737 7641
f 6385 7635 10151
f 7641 9016 7642
f 7377 6525 8373
f 6525 6395 8373
f 7377 9021 7378
f 7378 9021 8375
f 6236 7066 7068
f 7654 7655 9880
f 8412 8413 6415
f 7072 7659 7661
f 7067 9880 8413
f 7067 7654 9880
f 9508 6236 7068
f 9508 7068 7358
f 8385 6676 9025
f 7677 7682 9515
f 9884 6105 9881
f 9026 9025 9512
f 10152 9883 8042
f 9022 7656 9883
f 7071 6104 6103
f 6675 7071 6103
f 9040 7172 8386
f 9040 9026 7172
f 9041 8385 9026
f 8404 9041 9026
f 7677 9515 8406
f 9888 7684 10153
f 7075 7685 8547
f 8407 9580 7074
f 7685 9526 7686
f 7685 7363 9526
f 9512 7675 9513
f 7677 9513 7675
f 9513 7677 8406
f 7674 7682 7677
f 10154 7667 7104
f 9516 7667 10154
f 8391 7354 7666
f 8391 7666 9516
f 9031 6235 7351
f 9031 8390 6235
f 7112 8445 7096
f 8445 7094 7096
f 8392 8444 7112
f 6443 8444 8392
f 7346 7347 9079
f 9079 7347 6443
f 7095 7718 8419
f 7094 7718 7095
f 9037 6655 8398
f 9518 7080 7670
f 9891 7083 6655
f 9891 7665 7083
f 9036 7697 9522
f 9063 9522 8460
f 7663 9521 7664
f 7664 9521 7691
f 7364 10155 6683
f 7682 7684 9888
f 6685 9525 9893
f 9894 8496 7746
f 9112 7362 7754
f 7360 7362 9112
f 7089 7091 7093
f 7815 7091 7089
f 6651 9529 6401
f 6651 8415 9529
f 6143 8966 6144
f 6143 7690 8966
f 6144 8965 9047
f 9049 6144 9047
f 9816 9560 10156
f 7696 9533 7694
f 8461 9050 9532
f 8461 9532 7696
f 9054 6144 9050
f 6142 6144 9054
f 8460 9523 8461
f 9063 8460 7107
f 8393 7114 9517
f 9035 7662 7719
f 7096 8420 9035
f 7113 7096 9035
f 8442 8421 7078
f 7078 8443 9056
f 8954 10157 8955
f 9537 9539 10107
f 10158 9811 10159
f 9085 10160 10161
f 9540 9086 10161
f 10162 10157 8954
f 6621 7712 8451
f 8451 7712 7714
f 9898 9544 10163
f 9544 9898 9909
f 10163 9071 9069
f 9071 10163 9544
f 10157 9082 8955
f 9082 9084 9083
f 8426 9088 9916
f 9905 6667 9088
f 6242 7079 8447
f 9064 6242 8446
f 8998 8285 8999
f 8999 8285 9058
f 9062 6412 6411
f 9062 6411 8284
f 8437 10164 10165
f 10164 10110 10165
f 8435 8434 8436
f 8434 8437 8436
f 9058 8433 9549
f 9058 9549 7043
f 9548 8351 8286
f 9548 9076 8351
f 8457 7613 7614
f 8457 7614 8341
f 6381 7709 7716
f 7716 7709 6240
f 9553 9064 9065
f 9553 9065 9070
f 9064 8446 9066
f 9066 9908 10163
f 9069 9066 10163
f 8430 9911 9871
f 9871 9911 8449
f 6222 9543 6223
f 6620 6224 6621
f 9492 7710 7705
f 7705 7710 7706
f 7623 9912 8998
f 7618 9010 9062
f 7617 8349 9055
f 7617 9055 9010
f 9074 7705 7707
f 9074 7707 9072
f 7706 7711 8356
f 7707 7706 8356
f 8358 8357 9077
f 8358 9077 9076
f 8440 10166 8441
f 9559 8441 9557
f 8949 10167 8950
f 9078 10167 8949
f 8284 6413 9822
f 8352 10108 9617
f 9059 9061 8434
f 8284 9822 9823
f 9060 10168 9061
f 9061 10168 10110
f 9088 9087 9542
f 9853 9542 9854
f 7176 10169 9561
f 9561 10169 10170
f 9816 7176 9561
f 9542 9541 10171
f 9924 9816 10156
f 10169 10172 10134
f 8287 8185 8181
f 8185 8179 8181
f 10173 9566 9565
f 9092 9565 7119
f 9566 9927 8172
f 9566 8172 6418
f 10174 7169 6059
f 9927 7169 10174
f 9152 9606 9091
f 8480 9152 9091
f 9096 8476 8972
f 8972 8476 8973
f 8491 8493 8477
f 8477 8493 9100
f 8489 9928 8490
f 10175 10130 8488
f 10131 9929 9928
f 9928 7740 8490
f 9929 7741 7740
f 9929 6426 7741
f 9160 9620 9570
f 9571 9570 7807
f 6657 9150 9102
f 9150 8541 9102
f 6696 9151 9150
f 6696 7808 9151
f 9608 6695 9572
f 9608 9572 6656
f 7749 7750 6662
f 9581 6662 6664
f 8498 7123 10176
f 8498 10176 10177
f 6664 8537 9942
f 7808 9153 9943
f 8499 10177 8537
f 9943 9153 6700
f 8518 9933 9566
f 7766 7768 7169
f 8498 9935 7123
f 6661 9935 8498
f 7273 9939 9589
f 9118 8696 9119
f 7762 9117 9119
f 9117 7762 9586
f 6802 8508 9594
f 7273 6802 9939
f 9937 7923 6800
f 7921 7923 9937
f 7776 7778 6076
f 8510 9590 7777
f 6076 7778 6077
f 7778 9125 6077
f 9123 7945 7777
f 8532 7945 9123
f 8519 7761 9130
f 8519 9130 6687
f 6307 9116 6308
f 6308 9116 6687
f 9114 6307 6306
f 9114 6306 9133
f 6659 9132 6660
f 9132 9133 6660
f 8694 7795 6107
f 7795 8531 8533
f 7150 9599 9605
f 7149 9599 7150
f 6941 7792 7793
f 9599 9358 9605
f 8526 8148 8147
f 10178 8526 8147
f 10179 9140 10178
f 9140 10179 6078
f 7781 10178 8147
f 10178 7781 10179
f 7782 7784 8525
f 9139 7782 8525
f 7790 10067 6341
f 6341 10067 6342
f 8872 6582 8167
f 8167 6582 7786
f 6541 6343 6542
f 6541 8539 6343
f 6087 8536 9596
f 6087 6086 8536
f 6344 9137 9600
f 7798 9137 6344
f 9601 9144 9598
f 9598 9144 9599
f 7486 9763 8145
f 9763 7486 8834
f 9357 9593 9592
f 9764 9604 8824
f 9593 6108 7780
f 9357 6108 9593
f 9144 9145 9599
f 9145 6941 7793
f 6108 9603 9146
f 6107 7776 9603
f 7780 10179 7781
f 7780 6078 10179
f 8542 8516 9110
f 8517 6702 9941
f 8540 9110 9606
f 8540 9102 9110
f 9861 9860 7743
f 10180 10141 10181
f 8481 9091 7737
f 8481 8480 9091
f 10182 10122 9954
f 10122 10182 10183
f 9614 9046 8552
f 9922 10184 9103
f 9047 8408 8409
f 10170 10133 8947
f 10185 10130 10175
f 9951 8386 9892
f 7812 9613 9609
f 10186 8551 10187
f 9896 9892 9895
f 9856 9161 7678
f 9859 8545 10188
f 10189 10190 10191
f 10139 10192 7729
f 10193 9886 9885
f 9158 10186 10187
f 10194 6096 10139
f 8546 7088 6094
f 8405 8407 9959
f 9612 9576 8545
f 8545 8546 9474
f 8552 9961 8553
f 9855 8550 9161
f 6715 9856 8416
f 7088 7813 6714
f 7087 7813 7088
f 6714 7814 8550
f 7814 6311 8550
f 9163 6309 9162
f 9621 6685 6309
f 9965 9966 7235
f 9965 8559 9966
f 9966 5751 5750
f 5751 9966 5902
f 5750 6448 9966
f 6448 5750 5749
f 8560 5806 5906
f 10195 5806 8560
f 5806 10195 5807
f 10195 5808 5807
f 7388 9165 7292
f 7388 7292 6264
f 5973 6438 5975
f 9627 6440 7865
f 6438 6440 9627
f 7204 9170 9169
f 8282 7853 6452
f 7854 7853 6389
f 7853 7852 6389
f 5736 9629 8371
f 9629 5736 5735
f 7194 7195 8576
f 9625 8371 9629
f 7195 7197 9624
f 9173 9625 9629
f 9172 9624 9625
f 6723 7860 7862
f 8589 9628 10195
f 7864 9631 9626
f 9626 9631 8559
f 8615 5813 5812
f 5811 8615 5812
f 8615 5811 7223
f 6606 5991 6267
f 5991 6606 5993
f 5993 6606 5995
f 9629 5735 5734
f 9173 9171 8591
f 8590 9173 8591
f 7251 7250 9174
f 9969 6459 7879
f 7888 7895 8612
f 7895 6053 8612
f 9196 8616 9195
f 8616 7890 9195
f 6759 8613 9645
f 8245 6759 9702
f 10196 9646 10095
f 9702 9645 9646
f 7219 9700 8598
f 10009 8246 10197
f 9647 6757 6759
f 6757 9647 7220
f 7551 9183 7219
f 9183 7220 7219
f 9650 6485 8632
f 8632 6485 8633
f 8601 9653 9971
f 9973 9653 8601
f 6465 6464 9185
f 6465 9185 6276
f 7875 8607 9972
f 7875 7336 8607
f 9727 8746 9303
f 8742 9727 9303
f 7330 9972 9973
f 7875 9972 7330
f 7243 8600 9651
f 7243 7242 8600
f 9282 8018 6079
f 9282 6079 6434
f 9179 9985 9655
f 9654 8110 9217
f 8111 6049 10198
f 9218 8110 10199
f 8713 9657 9286
f 9716 7997 7991
f 9657 9658 9716
f 9658 8712 8617
f 8626 9207 7249
f 8627 9207 8626
f 9207 7901 7249
f 7249 7901 7250
f 9207 9633 7902
f 9974 9973 8601
f 9300 9204 9206
f 9300 9206 8627
f 6124 10017 8593
f 8593 10017 8594
f 7240 8592 9213
f 7239 9202 7240
f 8592 8594 7253
f 9213 8592 7253
f 6120 6119 9659
f 6120 9659 8617
f 7999 7998 9210
f 10029 9210 8715
f 6119 8722 8624
f 6119 8624 7896
f 9176 9636 8638
f 8638 9636 8639
f 9215 6776 7916
f 6776 6775 7916
f 7882 8640 9221
f 9983 9984 8115
f 7918 8115 7919
f 9750 9663 9178
f 9750 9178 9177
f 9219 8637 7549
f 8640 9219 7548
f 9248 9660 9985
f 9178 9248 9985
f 9427 10200 10037
f 7260 9986 8643
f 9986 7259 9664
f 8001 8002 9987
f 8001 7986 8002
f 7157 8658 6317
f 9987 8003 8644
f 7989 9287 9288
f 9224 7989 9288
f 7278 8642 8646
f 7278 8646 7949
f 7951 9227 6766
f 9227 9226 6766
f 9758 6926 6925
f 9231 9992 6548
f 8697 7275 7922
f 7922 7275 7276
f 7929 8842 9670
f 6935 7930 6936
f 8528 8653 8529
f 8653 8652 9668
f 8652 9669 9668
f 9668 8842 7929
f 9989 9988 9362
f 9672 8655 8654
f 9673 9672 8654
f 9233 9232 9671
f 9671 9232 9673
f 7925 10201 9991
f 9991 9230 9233
f 9223 8700 8699
f 8700 9717 9718
f 9753 9678 9991
f 9225 8699 7924
f 10047 10046 10044
f 6907 10021 9745
f 9686 9685 9996
f 10202 10198 10203
f 9240 9993 7885
f 9236 10204 10049
f 10204 9236 9235
f 8665 7310 7309
f 7310 7884 9680
f 9689 7885 7884
f 8801 9689 7884
f 9343 9238 9689
f 9239 8806 9240
f 8671 10205 8672
f 7431 8121 6888
f 7879 8917 7880
f 9713 10206 10091
f 8685 9340 9337
f 9340 9266 8799
f 6313 9273 10000
f 8684 6313 10000
f 9749 10199 10207
f 10199 10198 10207
f 10198 10208 10203
f 9682 10207 7453
f 9195 7187 10209
f 9639 10210 9799
f 10211 5755 5754
f 9802 9643 9431
f 9798 8686 8244
f 5758 5757 10212
f 5687 9699 5810
f 5686 9699 5687
f 9699 5686 9632
f 10213 9643 10214
f 9643 10213 10215
f 10216 5710 5712
f 8605 8914 10097
f 8599 10217 9255
f 10218 10001 10219
f 9249 9251 10026
f 9703 9704 10220
f 8637 9788 10221
f 9250 9428 9251
f 6459 10097 10086
f 6459 6760 10097
f 9969 6457 6459
f 7903 9969 9174
f 10222 8909 8911
f 8909 10222 8910
f 8911 7878 7880
f 10015 9707 10014
f 8594 9707 10015
f 9203 8912 9707
f 9707 8912 8909
f 9707 10016 10014
f 10014 10016 6273
f 10017 6126 9706
f 10017 9706 8594
f 9636 7917 8635
f 9636 8635 8639
f 7917 10018 10019
f 7917 10019 9214
f 8635 9214 9708
f 10089 9799 10223
f 7916 9175 9269
f 7916 9269 10018
f 8803 8241 8240
f 7268 10224 10225
f 8240 8242 6906
f 6905 8240 6906
f 9193 8675 7869
f 9261 10226 9262
f 10206 10227 10091
f 10001 10003 10219
f 9710 9271 9270
f 9271 9710 9977
f 9711 9270 9272
f 9270 9711 9710
f 9277 9278 6488
f 6488 9278 6489
f 9276 8703 9278
f 9278 8703 8704
f 6794 6818 6482
f 7976 6818 6794
f 6819 7971 6483
f 6818 7971 6819
f 6783 8055 6295
f 6295 8055 7384
f 7307 7308 9314
f 8056 7307 9314
f 7999 9210 10029
f 7991 7999 10029
f 9719 7315 7317
f 8701 8700 9718
f 8717 9289 8804
f 7317 8717 8657
f 9211 7926 8629
f 8631 7926 9211
f 9306 6806 6808
f 9722 6808 9298
f 9297 8011 9306
f 9297 9306 6501
f 8019 9723 8720
f 7900 6320 6118
f 6799 6320 7900
f 8730 6824 8731
f 6824 9298 8731
f 7326 6517 7380
f 8738 7326 7380
f 7969 6788 7333
f 7969 7333 7332
f 9622 7820 9725
f 8741 9622 9725
f 7215 7225 7216
f 7555 10032 7894
f 6762 7216 7893
f 10228 10229 7555
f 7874 10230 10231
f 10230 9725 7819
f 9299 6817 9300
f 8020 6817 9299
f 9723 7321 8619
f 7321 8620 8619
f 9730 9308 6833
f 9730 7065 9308
f 8751 7376 8376
f 8751 6302 7376
f 8377 8750 6181
f 6181 8750 6847
f 8390 9729 6235
f 8390 6833 9729
f 9030 6646 7353
f 7353 9032 8027
f 8025 6646 9030
f 6644 6088 6645
f 7833 6292 6090
f 6089 7833 6090
f 8374 6303 6480
f 7063 8759 7064
f 7064 8759 7147
f 6725 6262 6726
f 6262 6264 6726
f 9311 9310 7307
f 9310 6787 10033
f 10092 10232 7392
f 10232 9315 7393
f 10037 10233 10234
f 10233 9734 10235
f 10236 8769 8768
f 9316 10237 6453
f 8776 8770 6209
f 8768 8770 8776
f 10238 10239 10240
f 10239 10039 10241
f 10038 9252 9734
f 8596 9694 7943
f 9424 10216 10242
f 7229 7228 9423
f 9801 10093 9715
f 9732 10024 10225
f 7938 5859 5858
f 5859 7938 8907
f 10099 10243 10100
f 9433 10243 10099
f 8773 10040 8777
f 10040 6210 8777
f 6209 10102 8778
f 6210 6209 8778
f 7391 8775 6337
f 8775 6877 6337
f 9322 10042 9387
f 10042 6990 8221
f 10042 9396 9387
f 10042 8221 9396
f 6537 9326 8784
f 8221 8312 8222
f 8783 7534 7438
f 7534 8077 8076
f 6530 8071 7404
f 7404 8071 8093
f 7415 10244 6367
f 10244 6368 6367
f 9329 8787 6368
f 8787 7422 6368
f 7411 6878 8790
f 8790 6878 6880
f 8926 8792 9332
f 8262 6599 8926
f 8781 7400 7504
f 10041 7398 8781
f 6943 10245 10043
f 6577 7480 7482
f 9373 7538 8861
f 8860 9373 8861
f 9336 6943 6942
f 9336 8861 6943
f 10245 7482 9335
f 10245 9335 10043
f 8806 8808 9341
f 8807 9337 8808
f 8807 9256 9337
f 10004 9256 8807
f 6907 6906 10021
f 9745 10021 9746
f 7264 6905 6907
f 7265 7264 10046
f 9656 9217 9749
f 6169 9656 9748
f 9190 10048 6169
f 10048 9655 9656
f 6169 9748 6170
f 9748 9681 9683
f 7920 8116 10246
f 9751 10246 9720
f 9216 9292 7920
f 9216 7920 10247
f 10246 8116 9720
f 7920 10246 9751
f 9720 9189 9208
f 9720 9750 9189
f 8812 6986 9757
f 9191 6169 6168
f 10051 8661 8660
f 10051 10248 8661
f 6925 6927 9676
f 9758 9688 6926
f 9348 9995 10249
f 10248 9348 8661
f 9241 9683 9242
f 8809 10250 8810
f 8812 9755 9754
f 9755 9757 6168
f 9688 9228 9229
f 9688 9229 10060
f 10058 8811 10251
f 8810 9684 10251
f 10252 6925 9676
f 7488 7487 6925
f 9686 9996 10253
f 9997 10249 9995
f 10249 9997 10254
f 8112 8114 10255
f 10061 9234 8112
f 9760 8938 8667
f 8667 8938 8668
f 7458 7462 7459
f 7462 9761 7459
f 8189 8875 8826
f 8189 9352 8875
f 10063 8878 6202
f 10063 6202 8107
f 8136 9776 9369
f 9369 9776 8107
f 6922 9356 7481
f 9356 9743 7481
f 8534 8535 6560
f 8140 6929 6928
f 8823 8836 6930
f 6929 8823 6930
f 9766 7451 9361
f 10067 6254 9940
f 8655 9675 8656
f 10256 10069 8649
f 9766 7449 7451
f 10064 10056 10070
f 9676 10068 10256
f 10256 10068 10069
f 8662 10052 8660
f 10052 8662 7450
f 10069 10257 10052
f 8526 9363 8148
f 9363 7493 8148
f 9768 8299 9379
f 8870 8299 9768
f 9368 6152 6151
f 9368 8106 6152
f 7402 10258 8828
f 6348 7467 7402
f 6347 9379 9770
f 6347 9770 7467
f 8182 8169 9773
f 8182 9773 8162
f 6352 6354 8168
f 6352 8168 8182
f 8888 10259 10260
f 10073 9374 9373
f 9389 7403 10261
f 9389 10261 9390
f 8226 10073 8860
f 8784 8224 8785
f 8863 7519 7164
f 7164 8857 7165
f 8857 8858 6955
f 8857 7512 8858
f 6431 6952 8183
f 6431 8183 6579
f 8298 8970 9769
f 8970 8300 8299
f 8301 6171 9379
f 8300 6171 8301
f 7473 8848 8869
f 7473 8869 8300
f 9380 8863 6353
f 7735 8863 9380
f 8134 9772 9354
f 8133 9772 8134
f 8201 6605 8881
f 8201 8881 8202
f 9777 8218 9417
f 8218 9777 6589
f 9401 8853 8203
f 9778 9742 7403
f 8312 9400 9325
f 10262 9390 10080
f 7478 8203 10074
f 10074 8203 8831
f 8849 7517 8850
f 8850 8855 8851
f 7476 9779 7477
f 9401 6363 8853
f 8892 8891 8893
f 8894 7476 10081
f 9780 8894 9391
f 8894 10081 9391
f 7503 10260 8784
f 8225 10073 8226
f 8222 9325 9399
f 7502 9399 8888
f 8074 8223 7501
f 8074 7501 8075
f 9391 10081 7478
f 8894 8893 7476
f 9777 9397 8883
f 9385 9777 8883
f 10071 7516 9366
f 9409 9827 9410
f 9767 8849 8851
f 8850 7517 8855
f 7517 10072 9367
f 9367 10072 8870
f 9785 9416 10083
f 9416 8903 10263
f 9402 9785 10082
f 8231 9402 9781
f 10083 8157 8159
f 9785 10083 9393
f 8159 8158 10264
f 8159 10264 6361
f 8905 7536 8208
f 8905 7528 7536
f 8247 10265 10027
f 9661 9801 9715
f 10084 9739 10266
f 10093 10267 7940
f 9713 10091 9714
f 9251 9428 9795
f 9427 10037 9794
f 9696 10085 6772
f 10268 7550 6978
f 9793 10026 8779
f 8779 10026 6057
f 7868 7867 10094
f 10095 9692 10269
f 8917 10086 9705
f 10200 10270 10037
f 7880 9705 10271
f 7941 9420 9709
f 6273 8910 9641
f 9640 9431 10096
f 9799 9970 9180
f 9639 7889 10210
f 10272 9702 10196
f 10267 8675 7940
f 7224 10214 9643
f 10215 9644 9643
f 9644 10215 10273
f 7230 7227 7229
f 9693 9799 10089
f 10097 8914 8916
f 8632 8604 8603
f 9971 8603 6458
f 9653 8632 9971
f 7329 7331 9633
f 8771 10099 8772
f 9434 5816 5817
f 8089 5948 5949
f 5948 8089 10101
f 8088 10101 8089
f 5941 10100 5940
f 10100 5941 10101
f 6974 6973 7411
f 6973 7412 7411
f 6597 6972 8259
f 6972 6974 8259
f 8925 5845 5846
f 5845 8925 8089
f 8089 8925 8238
f 5844 8089 5949
f 8089 5844 5845
f 8261 5850 5851
f 8261 5851 5889
f 5850 8261 8919
f 5890 8261 5889
f 8261 5890 6599
f 10274 10266 10275
f 10276 5715 5716
f 8933 6866 8927
f 6866 6868 8927
f 9690 8817 10205
f 6572 8269 9690
f 8276 7571 6113
f 6998 7571 8276
f 9440 6360 9485
f 8279 6360 9440
f 9616 9451 9476
f 10277 10278 10279
f 9812 10277 9813
f 10280 9842 9841
f 10116 10281 9464
f 7118 7117 9537
f 10282 10283 10284
f 10285 7726 7728
f 9807 10286 10287
f 8952 10288 10289
f 10290 10291 10292
f 8441 6634 9913
f 10293 8302 10111
f 9446 10293 9821
f 8455 9454 7702
f 9493 8455 7702
f 6382 7701 9005
f 9004 9493 9494
f 9821 10293 10111
f 8437 10165 7699
f 9457 6373 6375
f 9830 9457 9459
f 9832 9460 9830
f 9456 9457 9830
f 6247 9824 8305
f 6247 8305 6248
f 10294 9835 6246
f 7014 7013 8962
f 8292 8294 9806
f 8899 9443 10295
f 10296 8978 10297
f 8979 9467 8980
f 10298 9876 10149
f 10150 9496 10148
f 9496 10150 8316
f 9829 8963 9009
f 9829 7014 8963
f 9831 9403 9405
f 9457 6375 9459
f 8897 9460 9832
f 8963 9840 10113
f 9867 8896 10299
f 10299 9405 9827
f 9405 9403 9406
f 9406 9403 8297
f 7499 8961 7471
f 8960 8961 7499
f 8959 9837 9454
f 10300 9464 9466
f 9442 10301 9443
f 9441 9443 8899
f 10302 9808 10287
f 9808 10302 9442
f 9442 9874 9808
f 9874 9442 9441
f 10120 9841 10303
f 9834 9824 6247
f 10191 10304 9452
f 10305 9447 9844
f 10124 10306 7121
f 10303 9841 10307
f 10308 10309 10310
f 10311 10312 10313
f 10190 10194 10138
f 9095 9845 9926
f 9844 9845 9095
f 9563 8184 7723
f 7122 10314 9563
f 8295 9838 7013
f 8295 10120 9838
f 9838 10120 9833
f 9835 9834 6247
f 9849 7725 9482
f 7120 7122 10315
f 9824 10103 8306
f 10127 10104 9824
f 9479 8969 9863
f 8969 9851 9862
f 7730 6609 9477
f 10316 10317 7120
f 10318 9539 9536
f 9539 10318 10319
f 10107 9539 10319
f 10304 10141 10320
f 10321 7730 10322
f 9555 9616 9476
f 9944 9159 9945
f 10137 10281 10116
f 10321 7729 7730
f 8495 8468 8964
f 8495 8964 9608
f 10192 9156 6607
f 7729 10192 6607
f 9574 8465 8464
f 9478 9574 8464
f 10323 10324 10158
f 10311 10313 10325
f 9480 7000 7497
f 7497 7000 6579
f 8288 6429 6999
f 8474 10145 9925
f 8474 9925 8475
f 8475 9925 9480
f 7472 8847 7473
f 8475 9481 7580
f 9862 8473 8475
f 8975 8473 9862
f 9463 9008 9866
f 9008 8896 9866
f 9007 10298 9865
f 9876 10114 10149
f 9461 9463 9826
f 10297 9462 9461
f 6962 9868 6963
f 9868 9866 6963
f 6963 9408 9483
f 9483 9408 9410
f 8227 8903 9416
f 6964 6963 9483
f 9869 7030 7032
f 6642 7032 9168
f 8996 9489 8333
f 8994 8355 9873
f 7627 9870 9491
f 8333 8431 7627
f 6160 6638 8989
f 6159 6638 6160
f 6382 9005 7582
f 8438 7701 6382
f 7045 7044 9495
f 7045 9495 6211
f 9454 9837 9455
f 9837 9466 9875
f 9837 9875 10115
f 10115 9875 8900
f 9501 7636 9504
f 9501 9502 7636
f 8571 9877 9500
f 9877 8571 10326
f 7832 9499 6231
f 8577 9878 7832
f 7829 9878 8577
f 8573 8572 8579
f 8579 6404 6406
f 8368 8367 7193
f 8367 6089 7193
f 9500 8366 8572
f 8366 8368 8572
f 8573 8579 9498
f 9498 8579 8578
f 9878 10326 9499
f 8573 10326 8571
f 10326 8573 9499
f 7059 6386 9879
f 6386 7059 7058
f 7855 7058 7060
f 6385 10151 9879
f 10151 9018 9879
f 9880 7655 8383
f 8413 9880 7659
f 8042 8038 8043
f 9882 10327 7682
f 6103 6105 6676
f 6676 6105 9884
f 9515 7682 9888
f 6683 9528 8500
f 9025 9881 7676
f 9884 9881 9025
f 9890 9889 7685
f 9889 7363 7685
f 9580 9890 7075
f 9580 9888 9890
f 7076 9577 9612
f 7076 7075 9577
f 8395 10154 7104
f 9516 10154 8395
f 7669 7671 7697
f 9518 7670 7669
f 7671 7689 7698
f 7670 7689 7671
f 7080 6653 9037
f 7080 9037 7670
f 8038 8040 8043
f 10153 9044 10155
f 9525 9045 8497
f 8500 9045 9525
f 6309 9894 6310
f 6310 9894 7746
f 9087 7695 9541
f 7695 7694 9541
f 9036 9522 9063
f 9036 9063 7691
f 9523 6142 8461
f 9522 6142 9523
f 9907 8393 9517
f 6633 9907 9517
f 7692 8418 8443
f 8421 7692 8443
f 9546 9562 10328
f 9903 10328 9904
f 9901 9546 9545
f 9538 7117 9545
f 7117 9538 9537
f 10329 9537 10107
f 7118 9537 10329
f 6622 8451 8456
f 8456 8451 8440
f 7713 9535 7714
f 9900 9902 9901
f 9902 8955 9546
f 8955 9562 9546
f 8447 10330 10162
f 7079 9056 9552
f 8427 8426 9084
f 8426 9916 9084
f 10330 10331 8425
f 8448 8447 10162
f 10165 10332 7699
f 7699 10332 7700
f 9061 10110 10164
f 9061 10164 8437
f 9011 10333 8433
f 8433 10333 8434
f 6502 6379 7715
f 6502 7715 7614
f 9908 8448 9899
f 9066 8446 9908
f 6224 6223 9068
f 6223 9544 9068
f 8450 6222 6620
f 6222 6224 6620
f 9906 6622 8456
f 7710 6622 9906
f 9912 9062 8998
f 9912 7618 9062
f 8357 8429 9077
f 8356 8429 8357
f 9077 10334 9078
f 9078 10334 10167
f 7714 8472 10166
f 8440 7714 10166
f 8351 10108 8352
f 10335 10336 10337
f 6413 8952 9817
f 9053 10284 10338
f 8286 8351 8350
f 8286 8350 8952
f 9817 9819 9823
f 9822 6413 9817
f 9823 9819 9551
f 9823 9551 9550
f 9011 9550 9059
f 9551 9914 9060
f 10168 10109 10110
f 9060 10109 10168
f 9088 9542 9853
f 9088 9853 9916
f 9105 9945 9921
f 8423 10339 8424
f 9562 9540 10328
f 10340 10341 10129
f 9541 9924 10156
f 9541 10156 10171
f 9533 7176 9816
f 7694 9533 9816
f 9584 10342 9585
f 9931 10343 9932
f 9927 10174 7510
f 10174 6059 7510
f 10130 9928 8489
f 10130 8489 8488
f 10344 7100 6426
f 10345 10346 9929
f 9574 9570 8465
f 8465 9570 8466
f 9101 7806 6696
f 7806 7808 6696
f 8543 9581 8544
f 8544 9581 7679
f 6663 8499 8537
f 6662 7750 6663
f 9943 6700 9607
f 8517 9941 8518
f 10347 9583 7767
f 9154 9584 6701
f 6664 9942 9080
f 9080 9942 9154
f 9930 9081 9153
f 9930 9153 7808
f 9110 9934 9092
f 9934 8518 10173
f 8541 10348 8517
f 8518 9931 9933
f 9583 7123 9111
f 10176 7123 9583
f 6701 9585 6702
f 8499 8498 10177
f 10349 9936 9587
f 9936 10349 6474
f 10350 9587 7274
f 9587 10350 10349
f 9939 6802 9594
f 7921 9937 7272
f 9119 7944 9936
f 9937 6800 7273
f 7273 6800 6802
f 9588 9142 9139
f 7274 7273 9589
f 7777 9128 7778
f 7778 9128 9125
f 6107 9603 6108
f 8533 8532 7776
f 9145 7793 9599
f 9599 7793 9358
f 9140 8526 10178
f 10070 10057 8649
f 10067 9940 6342
f 6254 7255 9940
f 7255 6254 7256
f 7771 7770 6085
f 7771 6085 6087
f 7799 7771 6087
f 6707 7771 7799
f 9600 9138 9601
f 9137 9138 9600
f 9602 9598 9353
f 9353 9598 7149
f 9604 9357 9592
f 9358 9357 9604
f 7100 7099 9861
f 7100 9861 6427
f 9039 8386 9951
f 9158 9895 10186
f 7175 7174 10172
f 7174 9048 10172
f 10172 8409 9106
f 10351 9108 9946
f 9610 9609 10352
f 10352 9922 9949
f 8408 7810 7812
f 9047 7810 8408
f 10172 9106 10134
f 7175 10172 10169
f 7176 7175 10169
f 10170 10134 10133
f 10169 10134 10170
f 9613 8401 9524
f 7811 8401 9613
f 10184 10353 10354
f 10184 10354 9103
f 10192 9964 8416
f 9475 6096 10194
f 9963 9857 10355
f 10191 10190 10304
f 10356 10357 10189
f 10358 9859 10357
f 10194 10139 10138
f 10140 10139 7729
f 10355 9857 10358
f 9105 9104 9945
f 8551 8553 10193
f 10187 8551 10193
f 10186 8552 8551
f 9896 9895 9158
f 9576 7086 8545
f 9858 9612 8545
f 9962 9959 10359
f 9611 9612 9858
f 8407 7074 9960
f 9959 8407 9960
f 7687 7686 9621
f 7687 9621 9163
f 6084 6083 8556
f 5692 6083 5693
f 6083 5692 5871
f 8559 9968 10195
f 8559 10195 8560
f 7204 7840 9170
f 7203 7840 7204
f 5979 7865 5981
f 9625 9630 8371
f 7197 9630 9625
f 7861 9172 8590
f 8576 9172 7861
f 6724 9623 7864
f 9623 9631 7864
f 7903 6457 9969
f 7903 6763 6457
f 9702 9646 10196
f 10196 10095 10360
f 8598 9700 9703
f 7221 8246 10009
f 9700 9701 9703
f 10009 10197 10010
f 9652 9650 9649
f 9652 9187 9650
f 7331 8601 8625
f 9633 7331 8625
f 8742 9303 6816
f 6815 8742 6816
f 6049 6048 9979
f 6049 9979 10198
f 8110 8111 10199
f 10199 8111 10198
f 9658 8617 9716
f 9716 8617 7997
f 6167 6174 9657
f 6167 9657 8713
f 7331 9974 8601
f 7330 9974 7331
f 7253 8595 7254
f 7253 8594 8595
f 9219 7549 7548
f 9219 8639 8637
f 7918 9221 9983
f 7918 9983 8115
f 8688 9712 8689
f 8688 6980 9712
f 9660 9662 9985
f 9985 9662 9976
f 8003 7260 8643
f 8644 6318 6317
f 8641 10361 8000
f 10361 7986 8000
f 7156 9987 7157
f 7156 8001 9987
f 8644 7924 6318
f 8644 9225 7924
f 7950 8645 7951
f 7950 8646 8645
f 8529 8653 9668
f 7928 9668 7929
f 9988 8666 8670
f 9988 8670 9362
f 9999 8666 9988
f 9999 7933 8666
f 7450 8662 9988
f 8662 8659 9988
f 7450 9989 7451
f 7451 9989 9362
f 7924 9753 10201
f 7925 9991 9667
f 6129 10061 9679
f 9666 9679 9678
f 8701 9718 9222
f 9718 6127 9222
f 8699 9665 7924
f 8699 9222 9665
f 7452 7454 8683
f 9683 9682 7452
f 10362 10363 10364
f 9236 9342 9998
f 9994 10047 9342
f 8665 8664 7310
f 8664 8801 7310
f 9998 9342 9343
f 9998 9343 8801
f 7310 9680 7311
f 7311 9680 9243
f 7886 9237 9244
f 7886 7885 9237
f 9240 8806 9993
f 9746 10004 9744
f 6459 10086 8917
f 7549 10221 10365
f 10000 9265 9340
f 8684 10000 9340
f 9217 9218 9749
f 9218 10199 9749
f 10044 9697 9342
f 10047 10044 9342
f 7936 7224 9430
f 6133 8678 6134
f 8678 7936 9430
f 8678 9430 6134
f 10226 10001 9262
f 5913 5912 8918
f 9804 9803 10005
f 10005 10212 10006
f 10006 10212 9429
f 9432 9429 7866
f 10006 9429 9432
f 8687 5888 5887
f 10212 10211 9429
f 5810 7223 5811
f 7223 5810 9699
f 7557 5684 5683
f 9257 9259 9733
f 9799 9180 10366
f 9711 10090 8803
f 10367 9713 9253
f 10022 10020 9737
f 10020 9425 9738
f 7941 7943 9420
f 9798 8243 10013
f 10086 8916 10087
f 10086 10097 8916
f 8911 7880 10222
f 10222 7880 10368
f 10368 8910 10222
f 8910 10368 9641
f 10360 10095 10269
f 6906 10045 10004
f 6906 9263 10045
f 7939 10093 7940
f 10270 10038 10037
f 7283 6476 8703
f 7281 7283 8703
f 10029 8715 8714
f 10030 8714 7316
f 9718 9719 6128
f 9718 6128 6127
f 7315 10030 7316
f 9288 10030 7315
f 10369 9754 10062
f 10369 10055 9754
f 8657 8805 7981
f 8804 9289 9344
f 8011 8728 9306
f 8728 8724 9306
f 7874 9725 10230
f 7225 10370 10371
f 7873 9725 7874
f 7873 8741 9725
f 10229 10231 10372
f 7216 7226 7554
f 7554 10228 7555
f 7216 9980 7242
f 9198 6463 6465
f 9198 6729 6463
f 10031 7872 10370
f 10031 10370 7225
f 7819 7817 6728
f 7819 6728 6729
f 7818 7820 7817
f 9725 7820 7818
f 7237 6146 6145
f 10231 10230 10373
f 6235 9729 7061
f 9729 6835 7061
f 6646 7345 7353
f 7353 7345 9032
f 8755 6479 6648
f 6479 8755 6842
f 9312 9309 9311
f 9313 6787 9310
f 10033 6725 7307
f 10033 6787 6725
f 7392 10232 7393
f 6057 10374 7392
f 10233 10235 9316
f 10092 9315 10232
f 5709 10275 10266
f 5708 10275 5709
f 10275 5708 5778
f 10237 10036 10375
f 9316 10235 10237
f 9736 9735 10035
f 10235 9736 10237
f 8906 9805 8907
f 7938 5861 5862
f 10240 10239 10241
f 10240 10241 9740
f 10376 8906 8908
f 10377 9254 9735
f 10378 5776 5775
f 5866 10379 10378
f 10379 5866 5867
f 9739 10276 10266
f 9738 7231 9424
f 7228 10008 9423
f 10008 5882 5883
f 10240 9740 8769
f 8769 9740 8771
f 8772 10100 8253
f 8777 8778 9318
f 8777 9318 9741
f 8778 10102 8254
f 10102 8253 8254
f 6066 6990 10042
f 6063 6066 10042
f 7438 8076 7439
f 7439 8076 8069
f 10244 9329 6368
f 7415 9329 10244
f 9332 7414 6879
f 9332 8792 7414
f 8780 8781 8067
f 8781 8780 10041
f 8861 7538 6578
f 8861 6578 6943
f 6577 7482 10245
f 6577 10245 6943
f 7399 8861 9336
f 7399 9336 7400
f 6944 10043 8102
f 6943 10043 6944
f 6168 6170 9241
f 9241 6170 9683
f 9290 7908 9216
f 9216 10247 6551
f 9751 9345 6985
f 6985 9345 6986
f 9190 9655 10048
f 9179 9655 9190
f 9757 9191 6168
f 6986 9191 9757
f 10380 6548 6550
f 9672 7488 8655
f 10254 8661 10249
f 8661 10254 8659
f 10254 9997 7933
f 8663 8665 7309
f 9348 10249 8661
f 9756 6168 9241
f 9755 6168 9756
f 9687 10054 9228
f 9228 10054 8809
f 10055 8812 9754
f 8268 8812 10055
f 10250 7452 8683
f 9683 7452 10250
f 10251 9684 10253
f 8811 8810 10251
f 6548 10255 6549
f 6550 9758 7487
f 8112 10255 6548
f 9232 9990 9672
f 8655 7488 9675
f 7488 6925 10252
f 6926 10059 6927
f 10060 8811 10058
f 6927 10059 9346
f 6927 9346 10050
f 8113 10369 10062
f 9234 9752 8113
f 6549 9759 9688
f 8114 9687 9759
f 9355 8877 10063
f 9354 8877 9355
f 8535 8821 8132
f 8535 6928 8821
f 6252 8648 6253
f 9674 8656 10064
f 8656 10056 10064
f 9670 10065 8843
f 10070 8648 6252
f 10057 10256 8649
f 8656 9677 10056
f 9677 10256 10057
f 9677 9676 10256
f 10068 10257 10069
f 9676 10050 10068
f 9771 9368 6151
f 10261 10076 8213
f 7403 10076 10261
f 7402 7467 10258
f 10261 8213 8212
f 9390 10261 8212
f 10381 9374 10073
f 10381 9390 9374
f 9321 8226 7399
f 8226 8860 7399
f 7519 9376 7164
f 7519 7518 9376
f 9381 9380 6352
f 9380 6353 6352
f 8881 8194 7522
f 8881 6605 8194
f 10077 6346 6348
f 8855 6346 8856
f 8854 8851 9742
f 8203 8853 8829
f 8831 8830 9388
f 9778 7403 9389
f 8831 9388 10262
f 10262 9388 9390
f 10382 10262 10079
f 10382 8831 10262
f 8829 8853 8830
f 8203 8829 8831
f 7515 7517 8849
f 9366 7515 8849
f 9394 6361 9779
f 9394 9779 7476
f 9398 8892 8894
f 9398 8894 9780
f 8223 8222 7501
f 8222 7502 7501
f 9399 8886 8888
f 9324 8886 9399
f 8883 6896 6895
f 8883 9398 6896
f 10071 9827 7516
f 9410 10071 9366
f 8852 8298 9769
f 10072 9769 8870
f 9407 8852 9784
f 9407 9406 8852
f 6971 9415 9402
f 9415 9416 9402
f 8895 9781 10082
f 9781 9402 10082
f 8891 9392 8893
f 8893 9392 7476
f 10264 6362 6361
f 10264 8158 6362
f 10383 10196 10360
f 9424 9423 10216
f 7229 9423 7231
f 10094 9798 10012
f 10223 9799 10366
f 10219 10384 10385
f 8247 10225 10265
f 10274 10084 10266
f 10386 10007 9246
f 9738 9424 10242
f 10022 9737 10023
f 9425 7231 9738
f 7880 10271 10368
f 8250 7866 7868
f 9262 10001 10218
f 10197 10272 10387
f 10272 10196 10387
f 10095 9638 9692
f 8597 9638 10095
f 10388 9261 9260
f 9261 10389 10226
f 7550 10011 6978
f 9708 9709 10390
f 7943 9694 9421
f 9255 10217 9796
f 10217 10220 9796
f 10269 9692 10089
f 8601 9971 6764
f 6764 9971 6458
f 5759 9698 5760
f 9698 5759 9803
f 5756 5755 10211
f 9429 10211 8687
f 10101 5947 5948
f 5868 8907 9805
f 5860 8907 5868
f 8907 5860 5859
f 5778 10391 10275
f 10391 5778 5779
f 6572 9690 10205
f 7431 10205 8121
f 8671 6572 10205
f 8672 10205 7431
f 10392 10393 9914
f 10288 9617 10312
f 10394 10286 9807
f 10281 9807 9464
f 8290 10395 8291
f 7098 10144 7099
f 9836 10116 10300
f 10116 9464 10300
f 10396 10397 10137
f 10137 10397 10281
f 7001 7003 10124
f 10108 8949 8951
f 10289 10311 10392
f 9813 10277 10119
f 9085 9053 10160
f 6634 7726 10285
f 9557 10285 9558
f 10165 9821 10332
f 9821 10111 10332
f 10111 10112 10332
f 10332 10112 8454
f 10332 8454 8453
f 7700 10332 8453
f 8962 9835 10294
f 10294 6246 9840
f 8296 8295 7012
f 8296 7012 7014
f 8899 10295 8902
f 9806 8296 9467
f 9462 9828 9009
f 10398 9806 8979
f 9455 10115 9876
f 8902 10114 8900
f 10114 8902 9453
f 7703 9876 10399
f 9404 9459 7499
f 9459 8960 7499
f 9403 9830 9404
f 9832 9830 9403
f 10113 8897 8896
f 10113 9840 8897
f 8962 10294 9840
f 8963 8962 9840
f 8896 8898 10299
f 10299 8898 9405
f 9466 9808 9874
f 9466 9874 8901
f 10400 8293 8292
f 9443 10400 8292
f 8294 8293 8295
f 8293 10119 10118
f 9843 9842 10401
f 10158 10159 10400
f 8488 9448 10175
f 9448 8488 9449
f 9904 10402 10403
f 10393 10404 10405
f 9814 10406 9815
f 7121 10306 9097
f 10407 10321 10181
f 10401 10408 10127
f 10278 10280 9841
f 10409 10410 10411
f 9857 9859 10358
f 10412 7120 10315
f 9473 9848 10121
f 10413 10414 10415
f 9470 7725 9849
f 9845 8491 9926
f 10305 10416 9447
f 9563 10314 8184
f 10314 9089 8184
f 9843 10401 10127
f 9838 9833 9835
f 9472 8968 9458
f 8306 9472 9458
f 9850 9851 8969
f 9839 9850 8969
f 10415 7098 7100
f 10417 10418 9618
f 7099 10144 9860
f 10143 9608 9860
f 10419 8464 8467
f 9478 8464 10419
f 9807 10287 9808
f 10410 10420 10421
f 9904 10403 10318
f 10281 10397 9807
f 9617 10417 9618
f 9615 10356 9616
f 10136 9963 9615
f 10187 10193 9885
f 9451 10191 9452
f 10141 10407 10181
f 9616 10356 9451
f 10407 7729 10321
f 6607 6609 7730
f 7730 9477 10422
f 9156 8416 6608
f 10192 8416 9156
f 9925 10145 6999
f 10145 8288 6999
f 7580 9481 7497
f 9481 9480 7497
f 9862 8475 7579
f 9862 7579 7578
f 7580 7497 8847
f 8971 7580 8847
f 9462 9009 9463
f 9453 8978 10147
f 8316 9411 9496
f 9411 8316 8315
f 10147 8978 10296
f 9468 9461 9826
f 9469 9826 8317
f 8316 9469 8317
f 9416 10263 10083
f 10263 8157 10083
f 7842 9869 6642
f 9869 7032 6642
f 9489 8430 8333
f 9489 9873 8430
f 8431 9871 9870
f 8430 9871 8431
f 7582 9005 9494
f 9005 9004 9494
f 10300 9466 9837
f 9836 10300 9837
f 7185 7832 6387
f 7832 6388 6387
f 9877 10326 9878
f 7058 6384 6386
f 6384 7058 7855
f 10151 7642 9018
f 7635 7642 10151
f 8383 7649 7069
f 7655 7649 8383
f 10155 9509 9528
f 8043 8414 9510
f 9024 9022 9027
f 6104 8032 8381
f 6104 8381 6105
f 9882 7676 9881
f 7676 9882 7674
f 9514 9515 9580
f 9515 9888 9580
f 8444 7103 7094
f 7103 7105 7094
f 9888 10153 9889
f 10153 10155 7364
f 9509 9527 9528
f 10155 9528 6683
f 8043 9510 9509
f 9043 8043 9509
f 9893 9525 8496
f 9525 8497 8496
f 6827 9897 7719
f 7114 9897 6827
f 8418 7107 6666
f 7691 7107 8418
f 9546 10328 9903
f 9546 9903 9538
f 9086 9085 10161
f 9084 9086 9540
f 9545 7116 9901
f 7116 9545 7117
f 7118 10329 6635
f 6635 10329 10107
f 7713 9910 9535
f 9910 7116 9535
f 6665 6667 9905
f 6665 9905 8428
f 10162 10330 10157
f 7079 10331 10330
f 10163 9908 9899
f 10163 9899 9898
f 10334 9559 9557
f 9077 9559 10334
f 9078 8949 10108
f 10108 10417 9617
f 9817 10289 9818
f 9817 8952 10289
f 9011 9059 10333
f 10333 9059 8434
f 10109 8289 9820
f 10312 9619 10423
f 9085 9854 9053
f 9916 9853 9085
f 10424 10425 10291
f 10134 9106 10351
f 9956 9957 10409
f 9540 10161 10426
f 10328 9540 10427
f 9560 8423 8422
f 10428 10429 7098
f 10348 6702 8517
f 10348 6700 6702
f 8516 8518 9934
f 10173 8518 9566
f 9584 8537 10342
f 9154 8537 9584
f 6702 10343 9941
f 9941 10343 9931
f 10342 9583 10347
f 10177 10176 9583
f 6475 10349 10350
f 6475 6474 10349
f 8509 6475 10350
f 8509 10350 9590
f 9936 7272 9587
f 9126 9594 9588
f 9594 8508 9142
f 9590 7274 9589
f 7274 9590 10350
f 8695 7921 7944
f 8696 8695 7944
f 6077 9127 9938
f 9127 6077 9125
f 6078 9938 9140
f 9938 6078 6077
f 8533 7776 6107
f 7795 8533 6107
f 8648 8650 6253
f 10065 10064 8844
f 9138 9596 9601
f 9138 6087 9596
f 8139 9605 9764
f 9605 8139 8143
f 7093 9039 9951
f 6403 6402 7090
f 9050 9531 9533
f 9533 9531 7176
f 9048 8409 10172
f 9048 9047 8409
f 10352 9609 9922
f 8409 7812 9610
f 9107 9949 9108
f 10425 10430 10291
f 9923 9103 9920
f 9921 9945 10431
f 9106 9610 9107
f 8409 9610 9106
f 9561 10170 8946
f 8946 10170 8947
f 9609 10184 9922
f 9609 9524 10184
f 10354 9952 9103
f 9951 9892 9896
f 10432 7678 9160
f 8417 10432 9160
f 6096 9852 10139
f 10139 9852 10192
f 10359 9611 9958
f 10357 9474 9475
f 10304 10190 10141
f 10355 10358 10356
f 10358 10357 10356
f 10141 10140 10407
f 10140 7729 10407
f 9952 9578 9157
f 9103 9952 9104
f 9858 8545 9859
f 10188 8545 9474
f 5871 8556 6083
f 8556 5871 5870
f 6082 6449 6083
f 6218 6449 6082
f 9628 5808 10195
f 5808 9628 5809
f 5729 9628 8591
f 9628 5729 5809
f 5729 8591 5730
f 9968 8589 10195
f 9631 8589 9968
f 8582 7204 9967
f 9967 7204 9169
f 9631 7862 8589
f 7862 8590 8589
f 9701 10433 9704
f 9701 10010 10433
f 9972 9652 9973
f 9973 9652 9653
f 9304 9728 7330
f 9303 9728 9304
f 9979 9271 9978
f 9979 9978 10434
f 7902 8625 7903
f 8625 6763 7903
f 10435 9800 9661
f 8636 9708 10390
f 9984 8688 8115
f 8636 10390 9788
f 9248 9637 9660
f 9637 9661 9660
f 9192 9246 9248
f 9192 9248 9178
f 9662 9194 9976
f 9662 9661 9194
f 10361 7129 7986
f 8641 7129 10361
f 8529 7928 6110
f 6110 7928 7930
f 9669 9673 8842
f 8652 9673 9669
f 10201 9753 9991
f 7924 10201 7925
f 9753 9666 9678
f 9665 9666 9753
f 9749 10207 9682
f 9681 9749 9682
f 9238 9240 9689
f 9689 9240 7885
f 7265 10363 10434
f 10363 7265 10047
f 9697 9239 9238
f 7264 6907 9745
f 9430 9802 9431
f 9430 7224 9802
f 7189 9267 8678
f 10209 7187 7189
f 5915 10436 5916
f 10436 5915 10098
f 10003 9804 10384
f 10003 10384 10219
f 5913 10098 5914
f 10098 5913 8918
f 5756 10212 5757
f 10212 5756 10211
f 9803 10212 10005
f 6980 6979 9712
f 8249 10006 9432
f 8249 9432 8250
f 8687 8686 7867
f 7867 8686 9798
f 7549 10365 10011
f 9694 6274 9695
f 10019 7941 9709
f 9214 10019 9709
f 10270 10088 10038
f 10088 9253 9252
f 10088 10367 9253
f 10030 10029 8714
f 7992 10029 10030
f 7981 8805 9752
f 8805 8268 9752
f 6129 7981 9234
f 6129 9234 10061
f 9302 7872 10031
f 9302 6790 7872
f 9975 10031 7215
f 9975 7333 10031
f 10032 7237 7236
f 10230 7819 9981
f 7226 10371 10228
f 7225 10371 7226
f 7242 9980 7871
f 7226 10228 7554
f 10372 9197 7237
f 10373 10230 9981
f 10370 7874 10231
f 10370 7872 7874
f 7345 8029 9032
f 7345 6645 8029
f 8767 6785 9313
f 8766 6785 8767
f 9251 10092 10374
f 10374 10092 7392
f 7268 10225 8247
f 9258 10022 9259
f 10227 9790 10091
f 9734 10377 9735
f 10024 9733 10437
f 10265 10378 10379
f 9315 6453 10034
f 9315 10034 7393
f 6454 10375 10040
f 10237 10035 10036
f 9734 9736 10235
f 10037 9734 10233
f 9735 10438 10236
f 9254 10438 9735
f 10376 9792 9789
f 9792 10376 10439
f 10440 10236 8768
f 9735 10236 10440
f 10385 8249 8248
f 9712 10386 9246
f 10224 9732 10225
f 10216 5712 5713
f 5883 9423 10008
f 9423 5883 5884
f 5711 9423 5884
f 10216 5711 5710
f 5711 10216 9423
f 9259 10023 10084
f 9805 5867 5865
f 5867 9805 10379
f 9740 10241 9433
f 10241 10039 9433
f 7910 7909 7883
f 7908 7910 9216
f 9291 9201 9290
f 9291 9290 9289
f 6926 10060 10058
f 9688 10060 6926
f 9997 8663 7309
f 9997 7309 7933
f 10253 9996 9995
f 10254 7933 8659
f 9684 9686 10253
f 8683 8682 9685
f 9235 8664 8663
f 9235 9996 10204
f 9996 9235 8663
f 9754 9756 10053
f 9754 10053 9687
f 8809 9242 10250
f 9242 9683 10250
f 10059 10058 9347
f 9231 6548 10380
f 9231 10380 9232
f 7488 10252 9675
f 9675 10252 9676
f 8114 9759 6549
f 10255 8114 6549
f 8113 10062 8114
f 8114 10062 9687
f 8190 8215 8877
f 8191 8190 8877
f 7450 10441 10052
f 10441 7450 7449
f 7256 10066 8122
f 6254 10066 7256
f 10066 6254 6253
f 8842 9674 9670
f 9670 9674 10064
f 8843 10065 8844
f 8845 8844 10067
f 10257 10051 10052
f 10068 10051 10257
f 8828 9368 9771
f 8828 8137 9368
f 10077 6348 7402
f 9742 7401 7403
f 7503 8888 10260
f 7502 8888 7503
f 8888 8887 10079
f 10075 8831 10382
f 10080 10381 10073
f 10080 9390 10381
f 8853 8851 8854
f 9767 8851 8853
f 9483 9410 8157
f 8157 9410 8158
f 9867 10299 9827
f 9409 9867 9827
f 9783 9405 9407
f 9783 9407 9784
f 10082 9393 8904
f 10082 9785 9393
f 9637 10435 9661
f 9739 10242 10276
f 9738 10242 9739
f 10366 9180 9181
f 10007 10435 9247
f 7548 7550 10268
f 10268 6978 6980
f 10387 10196 10383
f 8246 9702 10272
f 8246 10272 10197
f 10436 10098 10002
f 10213 7558 10215
f 9984 7548 10268
f 7549 8637 10221
f 8914 8681 8915
f 10217 9703 10220
f 8599 9703 10217
f 5758 9803 5759
f 9803 5758 10212
f 9805 5863 5868
f 10100 5939 5940
f 5939 10100 10243
f 8771 9433 10099
f 5862 10039 7938
f 5815 10039 5862
f 9434 5815 5816
f 5815 9434 10039
f 5942 10101 5941
f 10101 5942 5947
f 10276 5716 5717
f 5717 10266 10276
f 10266 5717 5718
f 10205 8814 8121
f 10205 8817 8814
f 10341 10316 7120
f 10156 9560 8422
f 10171 10156 8422
f 10400 10159 8293
f 10159 9813 8293
f 9446 9445 10293
f 10293 9445 8302
f 10408 10335 10337
f 10336 10442 10337
f 10292 10291 10443
f 10444 10135 10445
f 9536 9904 10318
f 9538 9904 9536
f 7001 10124 9568
f 10108 8951 10417
f 10288 8352 9617
f 8952 8352 10288
f 10312 9617 9619
f 9914 10393 10405
f 9819 9818 9551
f 9818 9914 9551
f 10414 10428 7098
f 10183 9555 9554
f 10289 10392 9818
f 9818 10392 9914
f 10334 9557 10167
f 10167 9557 8950
f 10110 9820 9821
f 10110 9821 10165
f 10112 8958 8454
f 10112 8302 8958
f 8980 9467 9828
f 9467 7014 9828
f 8979 9806 9467
f 10295 9443 9806
f 7704 7703 10399
f 7704 10399 9007
f 8293 10118 8295
f 10118 10120 8295
f 9917 10446 9918
f 10124 7003 9095
f 7003 9844 9095
f 7122 7121 10314
f 7121 9089 10314
f 10341 10412 10129
f 9452 10304 10320
f 10160 9053 10447
f 10408 10337 10448
f 10104 10448 9472
f 10279 9841 10120
f 10279 10278 9841
f 10311 10325 10392
f 10121 10449 9850
f 9848 10449 10121
f 10128 9471 9470
f 9846 9849 9482
f 9471 9563 7725
f 10341 7120 10412
f 10450 10451 10452
f 9848 10452 10449
f 7726 6636 10132
f 9845 10453 8491
f 10453 9449 8491
f 9833 10303 9834
f 10120 10303 9833
f 10303 10307 9834
f 10307 10127 9834
f 10104 10408 10448
f 10127 10408 10104
f 9458 8967 9479
f 9458 8968 8967
f 10413 10346 10345
f 10346 7100 10344
f 10346 10344 9929
f 9929 10344 6426
f 10429 9919 10142
f 10322 7730 10422
f 10454 9478 10419
f 9919 9918 10143
f 9475 10194 10190
f 10190 10138 10141
f 7002 10305 7003
f 9558 7728 10455
f 10456 10187 10457
f 10420 10458 10421
f 10193 8553 9886
f 9955 9954 10122
f 10421 10458 9955
f 10305 9844 7003
f 10405 10106 8289
f 10414 7098 10415
f 9007 9865 9412
f 9453 10149 10114
f 10149 9453 10147
f 10150 10147 9468
f 10150 9468 8316
f 8980 9828 9462
f 10147 10296 9468
f 8903 6964 10263
f 10263 6964 8157
f 7855 8587 6384
f 8587 7855 7856
f 6408 9018 6409
f 9018 9019 6409
f 9883 8754 8038
f 9027 8042 8041
f 9882 9024 9027
f 9889 10153 7364
f 9889 7364 7363
f 9044 9043 10155
f 9043 9509 10155
f 7684 9044 10153
f 7684 7683 9044
f 6684 8500 9525
f 6683 8500 6684
f 10328 10427 9904
f 9904 10427 10402
f 9900 9909 9898
f 9909 9900 9910
f 9901 9910 9900
f 9910 9901 7116
f 7079 9552 10331
f 8447 7079 10330
f 9899 8953 9900
f 8448 10162 9899
f 10405 8289 9915
f 9914 10405 9915
f 10171 10282 9052
f 9542 10171 9051
f 9923 9920 10430
f 10291 9956 10443
f 9949 9923 10459
f 9108 10459 9946
f 10282 8422 10283
f 10426 10161 10460
f 10351 9106 9108
f 10445 10135 10117
f 10135 9946 10117
f 10133 10135 10444
f 8947 10133 10444
f 10401 10461 10408
f 9607 6700 10348
f 9607 10348 8541
f 9934 10173 9092
f 9092 10173 9565
f 9933 9927 9566
f 10347 7767 7766
f 9933 9932 9927
f 9932 7169 9927
f 10342 10177 9583
f 8537 10177 10342
f 9127 9588 9938
f 9588 9139 9938
f 7090 7093 9950
f 7089 7093 7090
f 9578 9951 9579
f 9524 7090 10353
f 9610 10352 9949
f 9107 9610 9949
f 10291 9921 9956
f 9920 9103 9105
f 10134 10351 10135
f 10135 10351 9946
f 9160 9081 9620
f 9160 7680 9081
f 6714 9855 6715
f 6096 6095 9852
f 9852 6715 9964
f 9852 9964 10192
f 8546 6094 6096
f 9474 8546 6096
f 9958 9858 9857
f 8470 10462 8471
f 10359 9155 9611
f 8470 10359 10462
f 10357 9475 10190
f 10189 10357 10190
f 9451 10356 10191
f 10356 10189 10191
f 9859 10188 10357
f 10188 9474 10357
f 8556 5870 5869
f 9984 10268 8688
f 10268 6980 8688
f 9666 6129 9679
f 9222 6129 9666
f 7454 10362 8682
f 9994 10049 10364
f 10049 9994 9236
f 10198 9979 10208
f 7263 10434 9978
f 10434 7263 7265
f 10203 10208 10363
f 9697 9745 9239
f 10021 10004 9746
f 10210 10463 9970
f 8679 8678 6133
f 10463 9195 10209
f 7889 9195 10463
f 9709 9422 10464
f 10384 8249 10385
f 10384 9804 8249
f 5762 8918 5911
f 5761 8918 5762
f 8918 5761 9698
f 8918 9698 9804
f 10098 8918 10002
f 10226 10002 10001
f 5752 10211 5753
f 8687 5752 5888
f 5752 8687 10211
f 10211 5754 5753
f 8681 9797 8915
f 10387 10010 10197
f 10383 10010 10387
f 10383 10433 10010
f 10360 10433 10383
f 10360 9704 10433
f 10269 9704 10360
f 10269 10220 9704
f 10089 10220 10269
f 10089 9796 10220
f 10223 9796 10089
f 10223 9797 9796
f 10366 9797 10223
f 10366 8915 9797
f 9181 8915 10366
f 9181 8916 8915
f 6456 8916 9181
f 6456 10087 8916
f 6135 10087 6456
f 6135 9705 10087
f 9640 9705 6135
f 9640 10271 9705
f 10096 10271 9640
f 10096 10368 10271
f 10388 10368 10096
f 10388 9641 10368
f 9260 9641 10388
f 9260 9642 9641
f 9262 9642 9260
f 9262 6274 9642
f 10218 6274 9262
f 10218 9695 6274
f 10219 9695 10218
f 10219 9421 9695
f 10385 9421 10219
f 10385 9422 9421
f 8248 9422 10385
f 8248 10464 9422
f 8250 10464 8248
f 8250 10390 10464
f 7868 10390 8250
f 7868 9788 10390
f 10094 9788 7868
f 10094 10221 9788
f 10012 10221 10094
f 10012 10365 10221
f 10013 10365 10012
f 10013 10011 10365
f 7227 10011 10013
f 7227 6978 10011
f 7230 6978 7227
f 7230 6979 6978
f 9426 6979 7230
f 9426 10465 6979
f 9425 10465 9426
f 9425 10386 10465
f 10020 10386 9425
f 10020 10007 10386
f 10022 10007 10020
f 10022 10435 10007
f 9258 10435 10022
f 9258 9800 10435
f 9257 9800 9258
f 9257 9801 9800
f 9732 9801 9257
f 9732 10093 9801
f 10224 10093 9732
f 10224 10267 10093
f 7268 10267 10224
f 7268 8675 10267
f 7267 8675 7268
f 7267 8676 8675
f 10466 8676 7267
f 10466 9272 8676
f 10227 9272 10466
f 10227 9711 9272
f 10206 9711 10227
f 10206 10090 9711
f 9713 10090 10206
f 9713 8241 10090
f 10367 8241 9713
f 10367 9268 8241
f 10088 9268 10367
f 10088 8691 9268
f 10270 8691 10088
f 10270 8673 8691
f 10200 8673 10270
f 10200 8674 8673
f 9427 8674 10200
f 9427 9274 8674
f 9250 9274 9427
f 9250 9691 9274
f 9249 9691 9250
f 9249 9696 9691
f 10025 9696 9249
f 10025 10085 9696
f 9793 10085 10025
f 9793 7270 10085
f 7270 9793 7271
f 9214 9709 9708
f 9709 10464 10390
f 6146 9199 6147
f 10371 10231 10229
f 9980 7554 7871
f 7871 7554 7556
f 9197 6729 9198
f 9981 6729 9197
f 10371 10370 10231
f 7555 10229 10032
f 7177 8765 9309
f 7177 9309 6523
f 10026 9251 10374
f 10026 10374 6057
f 10092 9795 9315
f 9795 9316 9315
f 10466 7267 7269
f 10466 7269 9791
f 9254 9787 10438
f 9786 10467 10238
f 9791 10227 10466
f 10227 9791 9790
f 5774 10378 5775
f 10378 5774 5866
f 7269 10028 9789
f 9791 7269 9789
f 9714 9786 9254
f 10438 9787 10240
f 8059 6455 8060
f 6455 8773 8060
f 10036 6208 10040
f 10036 8768 6208
f 10238 10468 10239
f 10239 10468 10039
f 10438 10240 10236
f 10236 10240 8769
f 9735 10440 10035
f 10035 10440 8768
f 10276 5714 5715
f 5714 10276 10469
f 5713 10469 10216
f 10469 5713 5714
f 5880 8244 5881
f 8244 5880 10008
f 7228 8244 10008
f 10437 10274 10275
f 9733 9259 10437
f 9290 9216 6551
f 9290 6551 9289
f 8629 7909 7908
f 9211 8629 7908
f 9685 10204 9996
f 9685 10049 10204
f 10250 8683 9684
f 8810 10250 9684
f 10059 9347 9346
f 9346 9348 10248
f 9991 9678 9231
f 9991 9231 9230
f 10380 6550 9990
f 9232 10380 9990
f 6550 6549 9758
f 6549 9688 9758
f 9752 10055 10369
f 9752 10369 8113
f 10441 9766 8650
f 9766 10441 7449
f 10066 9766 9765
f 8650 10066 6253
f 10066 8650 9766
f 10070 8649 8648
f 8844 6252 10067
f 10064 10070 8844
f 8844 10070 6252
f 8843 8845 7790
f 7790 8845 10067
f 9346 10248 10051
f 10050 9346 10051
f 10258 8135 8828
f 7467 8135 10258
f 10076 7402 8828
f 7403 7402 10076
f 8856 6346 10077
f 8856 10077 9742
f 8225 10080 10073
f 8784 10260 8224
f 7501 7503 9326
f 9326 7503 8784
f 10079 10262 10080
f 10078 10075 8887
f 9779 9401 7477
f 7477 9401 8203
f 10213 9632 7558
f 7224 9699 10214
f 10273 10215 9261
f 10389 10436 10002
f 10389 10002 10226
f 5721 10243 5720
f 10243 5721 5939
f 5719 9433 5818
f 10243 5719 5720
f 5719 10243 9433
f 10266 5718 5709
f 8423 8948 10339
f 10171 8422 10282
f 8423 8946 8948
f 9561 8946 8423
f 10302 10158 9442
f 10301 10400 9443
f 9813 10119 8293
f 10470 9448 9447
f 10471 10472 8303
f 10392 10325 10393
f 9820 9444 9446
f 9918 8494 8495
f 9815 8467 9573
f 10443 9956 10409
f 10473 10131 10130
f 10417 8951 10418
f 8951 8950 10418
f 10288 10312 10289
f 10289 10312 10311
f 10410 10421 10125
f 10317 9568 7120
f 10442 10450 9847
f 10317 7001 9568
f 10166 8472 6634
f 8441 10166 6634
f 10295 9806 10398
f 8902 10295 10398
f 9558 10285 7728
f 10426 10460 10474
f 10306 9095 9097
f 10124 9095 10306
f 8950 10475 10418
f 10126 9955 10123
f 10309 10128 10310
f 9477 10454 9810
f 10119 10277 10279
f 10119 10279 10120
f 10450 10452 9848
f 9847 10450 9848
f 10121 9850 9839
f 8968 10121 9839
f 10449 9846 9850
f 9850 9846 8975
f 9471 10315 9563
f 10315 7122 9563
f 10451 10310 10452
f 10310 10128 10105
f 10452 10310 10449
f 10128 9470 10105
f 10454 10419 10406
f 9841 9843 10307
f 10307 9843 10127
f 10448 9473 9472
f 10448 10337 9473
f 10346 10415 7100
f 10413 10415 10346
f 10107 10476 10132
f 10320 10141 10180
f 10144 10143 9860
f 10142 9919 10143
f 10181 10321 10322
f 9477 9478 10454
f 10411 10410 10125
f 10421 9955 10125
f 9918 9573 8494
f 9815 10419 8467
f 10406 10419 9815
f 10416 10470 9447
f 9159 10187 10456
f 9159 9158 10187
f 9921 10431 9957
f 9945 9159 10456
f 10458 9953 9955
f 10457 10187 9885
f 9885 9887 9954
f 9953 9885 9954
f 10477 8469 9963
f 10182 9963 10136
f 8470 9886 8553
f 9886 8470 8469
f 10182 10136 9555
f 10175 10470 10185
f 10470 10175 9448
f 10107 10319 10476
f 10473 10478 10345
f 10430 9920 9921
f 9957 10410 10409
f 10429 9917 9919
f 10479 10472 10471
f 8422 8424 10283
f 10461 10335 10408
f 10302 10323 10158
f 10395 10480 9445
f 10399 9876 10298
f 10399 10298 9007
f 9412 9865 9413
f 10297 8980 9462
f 8978 8980 10297
f 9883 8038 8042
f 9022 9883 10152
f 7674 9882 7682
f 7682 10327 7683
f 8041 8043 9043
f 7683 8041 9043
f 9900 8953 9902
f 8953 8955 9902
f 10157 8425 9082
f 10330 8425 10157
f 9854 9051 9053
f 9051 10171 9052
f 9957 10420 10410
f 10420 10457 10458
f 9108 9949 10459
f 10444 8948 8947
f 10445 8948 10444
f 10445 10339 8948
f 10117 10339 10445
f 10117 8424 10339
f 9948 8424 10117
f 9948 10283 8424
f 10290 10283 9948
f 10290 10284 10283
f 10292 10284 10290
f 10292 10338 10284
f 10443 10338 10292
f 10443 10447 10338
f 10409 10447 10443
f 10409 10460 10447
f 10411 10460 10409
f 10411 10474 10460
f 10125 10474 10411
f 10125 10402 10474
f 10126 10402 10125
f 10126 10403 10402
f 10123 10403 10126
f 10123 10318 10403
f 9554 10318 10123
f 9554 10319 10318
f 9556 10319 9554
f 9556 10476 10319
f 9476 10476 9556
f 9476 10132 10476
f 9450 10132 9476
f 9450 7727 10132
f 9452 7727 9450
f 9452 7728 7727
f 10320 7728 9452
f 10320 10455 7728
f 10180 10455 10320
f 10180 10475 10455
f 10181 10475 10180
f 10181 10418 10475
f 10322 10418 10181
f 10322 9618 10418
f 10422 9618 10322
f 10422 9619 9618
f 9809 9619 10422
f 9809 10423 9619
f 9810 10423 9809
f 9810 10313 10423
f 10406 10313 9810
f 10406 10325 10313
f 9814 10325 10406
f 9814 10404 10325
f 10481 10404 9814
f 10481 10482 10404
f 10446 10482 10481
f 10446 10106 10482
f 9917 10106 10446
f 9917 8290 10106
f 10429 8290 9917
f 10429 10395 8290
f 10428 10395 10429
f 10428 10480 10395
f 10414 10480 10428
f 10414 10479 10480
f 10413 10479 10414
f 10413 10472 10479
f 10478 10472 10413
f 10478 10396 10472
f 10473 10396 10478
f 10473 10397 10396
f 10483 10397 10473
f 10483 10394 10397
f 10185 10394 10483
f 10185 10286 10394
f 10470 10286 10185
f 10470 10323 10286
f 10416 10323 10470
f 10416 10324 10323
f 10305 10324 10416
f 10305 9811 10324
f 7002 9811 10305
f 7002 9812 9811
f 7001 9812 7002
f 7001 10277 9812
f 10317 10277 7001
f 10317 10278 10277
f 10316 10278 10317
f 10316 10280 10278
f 10341 10280 10316
f 10341 9842 10280
f 10340 9842 10341
f 10340 10461 9842
f 10309 10461 10340
f 10309 10335 10461
f 10308 10335 10309
f 10308 10336 10335
f 10451 10336 10308
f 10451 10442 10336
f 10442 10451 10450
f 9445 10479 10471
f 9540 10426 10427
f 10427 10426 10402
f 10343 7766 9932
f 9932 7766 7169
f 6702 9585 10343
f 9585 10342 10347
f 8401 6401 6403
f 8401 6403 9524
f 9950 9951 9578
f 9524 10353 10184
f 9104 9157 9944
f 9944 9157 9159
f 9895 8552 10186
f 9895 9614 8552
f 9856 7678 10432
f 9856 10432 8417
f 7088 6714 6095
f 6094 7088 6095
f 8471 10462 9857
f 8471 9857 9963
f 9960 9155 10359
f 9959 9960 10359
f 9615 10355 10356
f 9963 10355 9615
f 10465 10386 9712
f 6979 10465 9712
f 9247 10435 9637
f 10207 10202 7453
f 7453 10362 7454
f 10207 10198 10202
f 10203 10363 10362
f 10208 9979 10434
f 10208 10434 10363
f 9239 9746 8806
f 9746 9744 8806
f 10046 9745 10044
f 10046 7264 9745
f 10209 7189 9970
f 7889 10463 10210
f 10210 9970 9799
f 10463 10209 9970
f 5916 7558 5917
f 7558 5916 10436
f 7558 10436 10389
f 9694 6272 6274
f 8596 6272 9694
f 10231 10373 10372
f 10228 10371 10229
f 6146 9197 9199
f 7237 9197 6146
f 9794 10037 10234
f 9794 10234 9795
f 9252 9254 10377
f 9252 10377 9734
f 10225 10024 10265
f 10027 10484 8906
f 9789 10028 8906
f 10028 10027 8906
f 10467 9792 10238
f 9714 10091 9786
f 10375 10036 10040
f 9736 10035 10237
f 9789 8906 10376
f 7938 10468 8908
f 10468 7938 10039
f 9787 10238 10240
f 9786 10238 9787
f 10242 10469 10276
f 10242 10216 10469
f 10024 10485 10265
f 10024 10437 10485
f 6553 6552 6985
f 6552 9751 6985
f 6551 10247 9751
f 10247 7920 9751
f 10251 10253 9348
f 10253 9995 9348
f 9347 10251 9348
f 10058 10251 9347
f 10069 10052 10441
f 10069 10441 8650
f 10260 10259 8225
f 10260 8225 8224
f 10259 10079 8225
f 8888 10079 10259
f 9632 10214 9699
f 10214 9632 10213
f 10273 10096 9644
f 10096 10273 10388
f 10273 9261 10388
f 10486 10389 9261
f 10486 7558 10389
f 10487 8918 9804
f 10002 8918 10487
f 8950 10455 10475
f 10480 10479 9445
f 10446 9573 9918
f 10185 10483 10130
f 10483 10473 10130
f 10301 10158 10400
f 9442 10158 10301
f 10323 10287 10286
f 10287 10323 10302
f 10325 10404 10393
f 10159 9811 9813
f 8304 10116 8958
f 8304 8303 10116
f 10472 10396 10137
f 8303 10472 10137
f 9445 10471 8302
f 10471 8303 8302
f 10183 10123 10122
f 10123 10183 9554
f 10337 10442 9847
f 9444 10395 9445
f 8291 10395 9444
f 9842 10461 10401
f 10324 9811 10158
f 10312 10423 10313
f 9557 9913 10285
f 9913 6634 10285
f 8902 10398 8978
f 10398 8979 8978
f 9447 10453 9845
f 9447 9449 10453
f 10478 10413 10345
f 10340 10129 10128
f 10131 10345 9929
f 10473 10345 10131
f 9948 9947 10290
f 10309 10340 10128
f 10337 9847 9473
f 10397 10394 9807
f 10451 10308 10310
f 10129 10412 9471
f 10412 10315 9471
f 10310 10105 10449
f 10449 10105 9846
f 9810 10454 10406
f 9947 10424 10290
f 10424 10291 10290
f 10429 10142 7098
f 7098 10142 10144
f 10422 9477 9809
f 8950 9558 10455
f 10183 10182 9555
f 10477 9954 9887
f 9954 10477 10182
f 10477 9963 10182
f 9053 10338 10447
f 9865 10149 10148
f 10298 10149 9865
f 9468 10296 9461
f 10296 10297 9461
f 9022 10152 9027
f 9027 10152 8042
f 10327 9027 7683
f 9882 9027 10327
f 9899 10162 8954
f 9899 8954 8953
f 9552 8428 8425
f 10331 9552 8425
f 9053 9052 10284
f 9052 10282 10284
f 10425 9923 10430
f 10430 9921 10291
f 10456 10457 10420
f 9945 10456 10420
f 10426 10474 10402
f 10161 10160 10460
f 10160 10447 10460
f 9585 10347 10343
f 10343 10347 7766
f 10354 10353 9952
f 10353 9578 9952
f 7090 9950 10353
f 10353 9950 9578
f 9579 9951 9896
f 9579 9896 9157
f 10462 10359 9958
f 10462 9958 9857
f 9962 8553 9961
f 8553 9962 8470
f 9962 10359 8470
f 10047 10364 10363
f 10364 10047 9994
f 8682 10362 10049
f 10362 10364 10049
f 7453 10202 10362
f 10202 10203 10362
f 9180 9970 8679
f 9970 8677 8679
f 10032 10229 7237
f 10229 10372 7237
f 10373 9981 9197
f 10372 10373 9197
f 9795 10234 9316
f 10234 10233 9316
f 8906 10484 9805
f 10484 10379 9805
f 10091 9792 10467
f 10091 10467 9786
f 6453 10237 6454
f 10237 10375 6454
f 9792 10439 10238
f 10027 10265 10484
f 10265 10379 10484
f 10437 10275 10391
f 10437 10391 10378
f 10075 10382 10079
f 8887 10075 10079
f 10215 7558 10486
f 10215 10486 9261
f 10487 9804 10003
f 10002 10487 10003
f 7726 10132 7727
f 10404 10482 10405
f 10481 9814 9573
f 10482 10106 10405
f 9556 9555 9476
f 10446 10481 9573
f 8469 9887 9886
f 9887 8469 10477
f 9946 10459 9947
f 9947 10459 10424
f 10431 10420 9957
f 10431 9945 10420
f 10458 9885 9953
f 10457 9885 10458
f 10238 10439 10468
f 8908 10439 10376
f 10439 8908 10468
f 10265 10485 10378
f 10485 10437 10378
f 9259 10084 10274
f 9259 10274 10437
f 5777 10378 10391
f 10378 5777 5776
f 10391 5779 5777
f 10459 9923 10425
f 10459 10425 10424
f 10488 4715 4716
f 4715 10488 10489
f 10490 10491 10492
f 4743 10493 4742
f 10493 4743 10494
f 10495 10496 10497
f 10498 10499 10500
f 10501 10502 10503
f 10504 1607 1609
f 1607 10504 10505
f 10506 10507 10508
f 10509 10510 10511
f 10512 10513 10514
f 10515 10512 10516
f 10517 10518 10519
f 10520 10521 10522
f 10523 10524 10525
f 10526 10503 10527
f 10503 10526 10528
f 10529 10530 10531
f 10532 10533 10534
f 10535 10536 10537
f 10538 10539 10540
f 10539 10538 10541
f 10542 10543 10544
f 10545 10546 10547
f 10548 10549 10550
f 10551 10552 10553
f 10554 10555 10556
f 10557 10558 10559
f 10560 10561 10562
f 3572 10563 3571
f 10563 3572 10564
f 10565 10566 10553
f 10567 10568 10569
f 10570 10571 10572
f 10573 10574 10575
f 10576 10577 10578
f 10579 10580 10581
f 10582 10583 10584
f 10585 10586 10587
f 10588 10589 10590
f 10591 10592 10498
f 5328 5327 10593
f 10594 10595 10596
f 10597 10598 10599
f 10600 10601 10602
f 10603 10604 10605
f 10606 10607 10608
f 10609 10610 10611
f 10612 10613 10614
f 10615 10616 10617
f 10618 10619 10620
f 10621 10622 10623
f 10624 10625 10626
f 10627 10628 10629
f 10630 10492 10631
f 10632 10633 10634
f 10635 10636 10637
f 10638 10639 10640
f 3967 3966 10641
f 10642 10643 10644
f 10645 10646 10647
f 3154 3153 10648
f 10649 10650 10651
f 10652 10653 10654
f 10655 10656 10657
f 10645 10658 10659
f 10658 10645 10660
f 10661 10662 10663
f 10664 10665 10548
f 6037 6038 10496
f 10666 10667 10668
f 10669 10670 10671
f 4978 4984 10672
f 10673 10674 10675
f 10676 10677 10678
f 10679 10680 10681
f 10682 10683 10684
f 10685 10588 10590
f 10686 10687 10688
f 10689 5780 5784
f 5780 10689 5908
f 10690 10691 10692
f 10693 10694 10695
f 10696 10693 10697
f 10698 10699 10700
f 10650 10701 10702
f 10703 10704 10705
f 10706 10707 10708
f 10709 10532 10524
f 10710 10560 10711
f 10712 10713 10714
f 10713 10712 10715
f 10716 10717 10718
f 10719 10720 10721
f 10722 10626 10723
f 10724 10725 10726
f 10727 10728 10729
f 10730 10731 10589
f 10732 10733 10734
f 10735 10730 10736
f 10737 10738 10739
f 10740 10741 10742
f 10743 10744 10745
f 10746 10747 10748
f 10527 10749 10750
f 10751 10752 10753
f 10754 10755 10756
f 10757 10758 10759
f 10760 10761 10762
f 10763 10764 10765
f 10766 10767 10768
f 10769 10770 10771
f 10772 10694 10696
f 10773 10774 10775
f 10776 10777 10778
f 10779 10780 10781
f 10782 10783 10784
f 10785 10786 10615
f 10787 10788 10789
f 10790 10563 10791
f 10792 10793 10794
f 10795 10796 10797
f 10711 10562 10798
f 10799 10800 10801
f 10802 5982 5984
f 10803 2757 2756
f 10803 2781 2757
f 2781 10803 10804
f 10805 10806 10666
f 10807 10808 10809
f 10810 10811 10812
f 10813 10814 10815
f 10816 10817 10818
f 10549 10819 10820
f 10821 10822 10823
f 10824 10825 10826
f 10827 10828 10829
f 10680 10830 10831
f 10832 10833 10834
f 10835 10836 10837
f 10838 10839 10840
f 10841 10842 10843
f 10844 10845 10846
f 5321 5320 10847
f 10848 10849 10850
f 10851 10852 10849
f 10853 10854 10855
f 10854 10853 10856
f 10857 10858 10859
f 10704 10860 10705
f 10861 10862 10863
f 10555 10864 10865
f 10864 10555 10866
f 10867 10868 10869
f 10870 10871 10872
f 10657 10873 10874
f 10580 10875 10876
f 10877 10878 10879
f 10880 10881 10774
f 10724 10882 10883
f 10882 10724 10884
f 10885 10886 10551
f 10722 10624 10626
f 10887 10711 10888
f 10889 10890 10891
f 10892 10893 10894
f 10614 10613 10895
f 10889 10629 10890
f 10896 10897 10597
f 10717 10898 10718
f 10899 10900 10901
f 10902 10903 10904
f 10905 10906 10896
f 10907 10908 10902
f 10909 10910 10911
f 10885 10912 10913
f 10912 10885 10533
f 10914 10915 10916
f 10913 10917 10886
f 10566 10918 10919
f 10920 10921 10515
f 10921 10512 10515
f 10920 10922 10921
f 10923 10924 10925
f 10639 10926 10927
f 10829 10928 10929
f 10928 10829 10930
f 10492 10931 10932
f 10531 10933 10934
f 10935 10936 10937
f 10938 10939 10743
f 10940 10941 10942
f 10943 10832 10834
f 10660 10645 10944
f 10762 10945 10946
f 10947 10948 10949
f 10950 10951 10952
f 10575 10574 10953
f 10954 10673 10675
f 10955 10956 10957
f 10958 10959 10960
f 10961 10962 10963
f 10964 10965 10966
f 10967 10968 10572
f 10969 10776 10970
f 10971 10972 10973
f 10873 10974 10975
f 10773 10775 10976
f 10977 10978 10979
f 10980 10981 10982
f 10983 10984 10985
f 10986 10987 10988
f 10989 10990 10991
f 10992 10993 10994
f 10995 10996 10997
f 10998 10999 10783
f 11000 11001 10667
f 983 984 11002
f 11003 11004 11005
f 10705 11006 11007
f 11008 11009 10560
f 11007 11006 11010
f 11011 10621 11012
f 11002 11000 10806
f 10667 11013 10668
f 11014 11015 11016
f 10808 11017 10809
f 11018 11019 11020
f 11019 11018 11021
f 10556 11022 10770
f 11023 11024 11025
f 10792 10794 11017
f 10667 11001 11013
f 11026 5968 5970
f 5968 11026 11027
f 11028 11029 11030
f 11031 10789 11032
f 11033 11034 11035
f 11036 11037 11038
f 11039 11040 11041
f 11042 11043 11044
f 11045 11046 11047
f 11030 11048 11049
f 11050 10490 10492
f 11051 11052 11053
f 11040 11035 11054
f 11046 11055 11028
f 11056 11057 11046
f 11058 11059 11060
f 11061 11045 11062
f 10820 11061 11063
f 10850 11064 11065
f 11066 11067 11068
f 11069 11070 11071
f 11072 11073 11074
f 11075 11076 11077
f 11078 5333 5334
f 5333 11078 11079
f 5316 5319 11080
f 10849 11081 11064
f 11082 10608 11083
f 10608 11082 11075
f 10494 11084 11085
f 11086 11087 10664
f 11088 11089 11090
f 10493 10494 11085
f 4716 4717 10488
f 10610 11091 11092
f 10868 10559 11093
f 10684 10683 10704
f 10860 11006 10705
f 11094 10697 11095
f 10699 11096 11097
f 11098 11099 11100
f 11100 10772 10696
f 11019 11101 11102
f 10702 10701 11103
f 11104 10581 11105
f 11106 10807 11015
f 10803 10666 11107
f 10803 11107 11108
f 10875 10506 10508
f 11109 1598 3556
f 1598 11109 1597
f 10775 11110 11111
f 11112 10584 11110
f 10566 11113 10918
f 11114 10566 10919
f 11115 10887 10912
f 10916 10632 10913
f 10560 10562 10711
f 11116 10561 11117
f 10561 11116 10562
f 10625 10710 10887
f 10612 11118 10613
f 10895 10613 10710
f 11119 11120 11121
f 11122 10712 11123
f 11124 11125 11126
f 11123 11127 11128
f 10856 10712 11122
f 11129 10523 10525
f 10524 10534 10525
f 11130 11131 10884
f 11132 11133 11134
f 11135 11136 11137
f 11138 11139 11140
f 11141 10986 11142
f 10896 10597 11143
f 10586 11144 10858
f 10597 11145 10598
f 11146 10869 11147
f 11148 11149 11150
f 11151 11152 11153
f 11154 10902 11155
f 11156 11157 11158
f 11159 11160 11161
f 10915 10632 10916
f 10914 10562 11116
f 10562 10914 10798
f 11162 10551 10883
f 10913 10886 10885
f 10632 10917 10913
f 10917 10634 10886
f 10552 11163 10553
f 10632 10634 10917
f 10918 10640 10919
f 11113 11164 10918
f 10521 11165 11163
f 11163 11165 10565
f 11166 11167 10738
f 11168 11169 11170
f 11171 11172 11173
f 11167 11174 11175
f 10537 11176 11177
f 10514 10743 10745
f 11178 10810 10674
f 11179 11180 11181
f 11179 11181 11182
f 11183 11184 11185
f 11186 11187 11188
f 10932 10735 10736
f 10736 10730 10589
f 11189 11190 11191
f 11192 11193 11194
f 11195 11196 10491
f 11197 10676 11190
f 11198 11199 10933
f 11200 10742 11201
f 11202 11203 11204
f 11205 11206 11207
f 11208 11129 10525
f 11209 11210 11211
f 11212 11213 10760
f 10762 11214 10945
f 10933 11199 10934
f 11199 11215 11216
f 11201 11217 11218
f 11219 11220 11221
f 11220 11219 11222
f 11223 11224 11225
f 11226 11227 10742
f 10812 11228 11229
f 10531 10934 11230
f 11223 11225 11231
f 11232 11233 11234
f 11235 11233 11236
f 11233 11235 11237
f 4004 4003 10992
f 10760 11238 10761
f 11239 11240 11241
f 11242 11243 11244
f 11245 11246 11247
f 10971 11245 10972
f 10988 10782 11248
f 11249 10997 10987
f 10869 11093 11250
f 10699 11097 10682
f 11251 11252 11253
f 11254 11255 10873
f 11256 11257 11258
f 11259 10977 11260
f 1322 11261 1323
f 11262 11263 11264
f 11262 11265 11266
f 11265 11262 10908
f 11267 11268 11269
f 10511 11270 11154
f 11271 11272 11273
f 11274 11275 11276
f 11277 3161 11278
f 3161 11277 3162
f 11279 10872 10982
f 10873 10982 10974
f 11280 11281 11282
f 11283 11280 11282
f 11284 3987 11285
f 3987 11284 3988
f 10564 3573 11286
f 3573 10564 3572
f 11090 11089 11066
f 10593 11287 11288
f 11289 11290 11291
f 11027 5965 5966
f 5965 11027 11292
f 11293 11294 11295
f 11296 11297 10520
f 11298 5796 5795
f 5796 11298 11299
f 11300 6016 6018
f 6016 11300 10543
f 11301 10542 10544
f 11302 11303 11304
f 6039 6046 10497
f 11305 11306 11117
f 11117 11307 11116
f 10708 11308 10561
f 11309 11310 11311
f 11116 10915 10914
f 11312 11313 11296
f 11027 5966 5968
f 10803 2753 4093
f 2753 10803 2756
f 983 11002 981
f 11314 11108 11315
f 10669 10671 11316
f 10554 10866 10555
f 10807 11317 11015
f 11318 11319 10807
f 11320 11321 10507
f 11017 10794 11322
f 11323 10866 10554
f 10866 11020 10864
f 11020 10866 11018
f 10508 11324 11325
f 11326 11003 11327
f 11003 11326 11328
f 10668 11329 10671
f 10668 11013 11328
f 11327 11003 10802
f 11230 11229 11228
f 11229 11230 11330
f 11331 10815 11332
f 10662 11041 10663
f 11286 11333 11334
f 10755 11335 10756
f 10973 10972 10529
f 10814 11336 11337
f 11045 11056 11046
f 11338 11177 10630
f 10820 11339 11061
f 11340 11062 11043
f 10735 11341 11342
f 11343 11344 11345
f 11346 11347 11348
f 10829 10828 10930
f 10679 10681 11056
f 10604 11349 11350
f 11351 11352 10923
f 11353 11354 11352
f 11353 11355 11354
f 11356 10815 11331
f 11357 11289 11291
f 11358 11359 11360
f 11361 11362 11363
f 11364 11365 11197
f 11339 10679 11045
f 11366 10846 10830
f 10846 11365 11364
f 11367 10832 10943
f 10686 11065 10687
f 11368 11369 10499
f 11370 10609 10611
f 10548 10550 11367
f 10687 11367 10943
f 11371 10942 11176
f 10840 11069 11372
f 11373 11194 11374
f 11375 11368 10499
f 10488 11376 11377
f 11378 11379 10841
f 11380 11381 11382
f 11383 11090 10819
f 11084 11384 10848
f 11088 5316 11080
f 5316 11088 5317
f 10593 5326 11385
f 5326 10593 5327
f 11386 11387 11388
f 11389 11390 10546
f 10607 11083 10608
f 11391 11193 11392
f 11393 11394 11395
f 11097 11396 10682
f 10617 10616 11397
f 10860 11398 11006
f 11125 11119 11126
f 11399 10707 10706
f 11400 11401 11402
f 10615 11403 10616
f 10508 10507 11324
f 10879 10579 10581
f 10594 11404 10595
f 10974 11259 10975
f 10584 11405 10877
f 10872 10871 10980
f 11406 10594 10596
f 11407 11408 10983
f 10984 11319 11318
f 11108 11107 11315
f 10596 10582 10881
f 10595 10583 10582
f 11409 10881 10880
f 11410 10976 11411
f 11410 11411 10652
f 11412 10880 10773
f 11413 11414 11415
f 11114 10919 11416
f 10640 11417 10919
f 11418 11419 10737
f 11420 11416 10724
f 11416 10725 10724
f 10710 10711 10887
f 11126 11421 11118
f 11422 11423 10614
f 11424 11009 11008
f 11425 11426 11427
f 11428 11429 11430
f 11431 10684 11432
f 11433 11434 11435
f 11435 10700 11431
f 11125 11120 11119
f 11434 11436 10700
f 11437 11124 11438
f 11439 11122 11440
f 11441 11442 11241
f 11443 11444 11445
f 11443 11446 11447
f 11448 11449 10752
f 10587 10586 11450
f 11449 11451 11239
f 11452 11430 11453
f 10523 10709 10524
f 11454 10717 10716
f 10586 10857 11450
f 10586 10858 10857
f 11140 11455 11456
f 10894 11457 11458
f 10903 11459 11460
f 11134 11461 11462
f 11136 11143 11139
f 11139 10599 11140
f 11463 11439 11440
f 10855 11250 10853
f 10988 11248 11464
f 10897 11465 10597
f 10867 10869 11146
f 11464 11466 11467
f 11156 11468 11157
f 10778 10777 11469
f 10711 10798 10888
f 10887 10888 10912
f 11162 10533 10885
f 10533 11162 11470
f 10524 10532 10534
f 10725 10644 10726
f 10883 11470 11162
f 11470 10883 10882
f 10633 11296 10634
f 10521 11471 11165
f 10938 10743 10514
f 10514 10745 11472
f 10565 11473 10566
f 11473 11113 10566
f 11474 10727 11475
f 11476 11419 11418
f 10817 11474 10818
f 11477 11179 10924
f 10818 11476 11478
f 11479 10816 11480
f 10491 10931 10492
f 10590 10938 11481
f 11419 11166 11482
f 11483 11484 11485
f 11486 11487 11488
f 11489 10740 10963
f 11487 10618 11488
f 10618 11487 10961
f 11182 11490 11491
f 11012 10623 11492
f 11186 11338 11187
f 10747 11493 11494
f 11495 10630 11496
f 11497 10537 11177
f 10936 10535 11493
f 11498 10735 10932
f 11499 11500 11195
f 11501 11195 10491
f 10942 10941 11501
f 11489 10526 10741
f 11489 10741 10740
f 10619 11200 11201
f 10961 10963 10618
f 11490 11502 11169
f 11503 11485 11504
f 11505 10959 10958
f 11218 11217 11483
f 11485 11484 11504
f 11506 11504 11184
f 11183 11506 11184
f 11203 11183 11204
f 11183 11203 10960
f 10959 11503 10960
f 10726 10884 10724
f 10884 10726 11507
f 11131 10882 10884
f 11508 11509 11510
f 11484 11511 11512
f 10530 11198 10933
f 2309 11513 2307
f 11513 2309 2314
f 1602 11514 4689
f 1603 11514 1602
f 11515 1603 3251
f 1603 11515 11514
f 11516 11517 11518
f 11519 11520 11521
f 11212 11522 11523
f 11212 11524 11522
f 11524 11212 11525
f 11526 11527 11528
f 10750 10760 11529
f 11530 11531 11215
f 11532 11054 11533
f 10620 10619 11205
f 11534 11224 11223
f 11216 11535 10501
f 11230 10934 11330
f 10659 11536 10645
f 11537 11538 11539
f 11540 11541 11542
f 11543 11544 11545
f 11544 11546 11545
f 11213 11221 11547
f 11221 11213 11219
f 10778 11469 11548
f 11549 11550 11551
f 11552 11553 11554
f 11244 10539 10646
f 11555 10647 10646
f 10647 11555 11556
f 3168 3167 11517
f 1701 11033 1700
f 5460 11033 1701
f 11033 5460 5459
f 1610 10504 1609
f 3164 10504 1610
f 10504 3164 3163
f 10530 10933 10531
f 11513 11519 11557
f 3169 11516 3170
f 11516 3169 11517
f 11558 11559 11560
f 11285 3983 11561
f 3983 11285 3984
f 11562 11563 10779
f 10782 10998 10783
f 10786 11403 10615
f 11403 11098 11564
f 11104 10879 10581
f 10656 11255 11254
f 11260 10979 11565
f 11251 10975 11252
f 11256 11100 11257
f 11564 11100 11566
f 11567 10615 10558
f 10557 11568 10558
f 10700 11569 11431
f 11431 10682 10684
f 10617 11397 10699
f 11096 11256 11258
f 11109 10804 11108
f 11570 4011 11265
f 4011 11570 4009
f 4029 4014 10509
f 11571 11263 11262
f 10992 4002 10993
f 4002 10992 4003
f 11572 11268 11267
f 11573 11574 11575
f 11572 11576 11577
f 11571 4006 10992
f 4006 11571 4005
f 11267 11269 11574
f 10908 11578 10902
f 10902 11578 10903
f 11579 11580 11581
f 11468 11133 11132
f 11277 3148 3162
f 3148 11277 3147
f 11582 11583 11584
f 10975 11259 11585
f 11105 11586 10978
f 11587 3997 11588
f 3997 11587 3998
f 10992 10994 11589
f 11590 11264 11591
f 11262 11264 11590
f 11562 11592 11563
f 11592 11558 11560
f 10995 11593 10996
f 10791 10564 11594
f 11292 5342 5963
f 5342 11292 5341
f 11595 985 1702
f 11002 985 11595
f 985 11002 984
f 11471 11596 11165
f 11597 11598 11599
f 10916 10798 10914
f 10798 10916 10888
f 11307 11312 10915
f 11400 11600 11401
f 11258 10697 11094
f 6020 6022 11303
f 11601 11602 10769
f 10694 11603 10695
f 11309 11311 11305
f 11604 11605 11606
f 11607 11608 11609
f 11610 11611 11612
f 11611 11610 11613
f 11117 11306 11307
f 11000 11595 11614
f 11595 11000 11002
f 10806 10667 10666
f 10806 4090 4089
f 4090 10806 10805
f 10806 981 11002
f 981 10806 982
f 982 10806 4089
f 10805 4093 4092
f 4093 10805 10803
f 10803 10805 10666
f 11109 11108 11314
f 3554 3553 10804
f 11615 11320 10875
f 10507 11616 11324
f 11617 11618 11619
f 11328 11326 11618
f 11021 11018 11620
f 11317 11321 11320
f 11602 11621 10556
f 11325 11324 11622
f 10794 11623 11322
f 10792 11624 10793
f 11323 11620 10866
f 11020 11102 10864
f 11102 11625 10864
f 10556 10555 11022
f 11025 5990 5992
f 11019 11025 11101
f 11023 11025 11019
f 11101 5992 5994
f 5992 11101 11025
f 11626 11614 11026
f 11595 11292 11027
f 11328 11627 11003
f 11627 11328 11013
f 11005 5976 5978
f 5976 11005 11004
f 11003 11005 10802
f 11005 5980 10802
f 5980 11005 5978
f 11628 11487 11486
f 11629 11630 11631
f 11632 11178 10673
f 11633 11229 11634
f 11635 11054 11532
f 10505 10504 11039
f 11636 10505 11335
f 11343 11637 11638
f 11639 11640 10827
f 4982 11641 4980
f 11641 4982 11642
f 11062 11045 11047
f 11047 11046 11643
f 11061 11339 11045
f 10549 10820 11644
f 11057 11189 11055
f 10830 11197 10831
f 11173 11172 10817
f 11341 11171 11342
f 10822 11645 11646
f 11196 11049 11498
f 11345 11647 11648
f 11649 11650 11651
f 11043 11047 11643
f 10491 11196 11498
f 11190 10676 10678
f 11046 11057 11055
f 11190 10678 10603
f 11190 10603 11191
f 11639 10827 10829
f 11652 11653 11179
f 11654 11655 11355
f 11197 11656 10677
f 10677 11657 10678
f 10790 3565 10563
f 3565 10790 3566
f 3565 3571 10563
f 4745 10494 4744
f 10494 4745 11084
f 11658 11659 11660
f 11659 11658 11661
f 11659 3569 11660
f 3569 11659 3568
f 11066 11662 11067
f 11068 11067 10679
f 11289 11661 11290
f 11663 11060 11664
f 11060 11663 11665
f 11361 11363 11365
f 11666 11357 10845
f 10549 11644 10832
f 11644 10820 11063
f 11667 10546 10545
f 11668 11075 11077
f 11669 11064 11367
f 11065 11064 11669
f 11367 10550 10832
f 10550 10549 10832
f 11044 11499 10941
f 11044 11670 11499
f 11671 11672 11673
f 11673 11674 11393
f 11044 11043 11670
f 10834 10833 11042
f 11675 11676 11677
f 11678 11372 11679
f 10797 5923 5932
f 11680 5923 10797
f 5923 11680 5922
f 11681 11293 11682
f 11683 11684 11685
f 11075 11686 11076
f 11687 11688 11689
f 11377 11690 11691
f 11692 11380 11693
f 11694 11691 11695
f 11696 11697 11698
f 11699 11700 11701
f 10797 11702 11703
f 11086 4755 11087
f 4755 11086 4754
f 10548 10665 10549
f 11704 5329 10593
f 5329 11704 5318
f 11081 10664 10548
f 10849 10852 11081
f 11704 10593 11705
f 11706 11387 10546
f 11707 11383 10665
f 4748 4749 11384
f 11092 11091 10850
f 10836 11389 11667
f 11085 11091 10610
f 11076 11686 11708
f 11708 10836 10835
f 11709 10748 11188
f 11193 11395 11710
f 10704 10683 10860
f 10683 11398 10860
f 11398 11711 11006
f 11712 11612 11606
f 11612 11712 11713
f 11714 10703 10705
f 10703 11714 11715
f 11716 11011 11298
f 11011 11716 10621
f 11100 10696 11257
f 10697 11400 11095
f 11098 10702 11099
f 11099 10702 10772
f 11717 11325 10650
f 10978 10649 10651
f 10870 11111 10871
f 11718 10876 11717
f 11407 11719 11720
f 11107 10666 10669
f 11107 10669 11315
f 11404 11318 11014
f 11314 11315 11721
f 11316 11722 11319
f 11315 11723 10984
f 10881 11112 10774
f 11409 11724 10881
f 11110 10877 10879
f 10878 10579 10879
f 10595 11404 11014
f 11408 1600 1599
f 1600 11408 11407
f 10766 330 3151
f 330 11725 331
f 330 10766 11725
f 331 11725 1595
f 10976 10775 11111
f 11407 1321 3253
f 11261 1321 11407
f 1321 11261 1322
f 11726 11727 11728
f 11726 162 161
f 162 11726 3160
f 11278 3160 11726
f 3160 11278 3161
f 10725 10642 10644
f 10640 10927 11053
f 11052 11729 11730
f 11731 11204 11732
f 10638 10640 10918
f 10640 11053 11417
f 11165 11473 10565
f 10634 10522 11733
f 10706 10708 11424
f 11421 10706 11424
f 11118 11424 10613
f 11118 11421 11424
f 11128 11437 11734
f 11438 11735 10612
f 10626 11115 10532
f 10709 10626 10532
f 10624 10710 10625
f 10895 10710 10624
f 11430 10722 10723
f 10723 10709 10523
f 11127 10714 11736
f 11715 11714 11121
f 11432 10704 10703
f 11434 10700 11435
f 10558 11737 11436
f 11737 10617 11436
f 11738 11739 11125
f 11740 11128 11734
f 11128 11736 11437
f 11138 11140 11741
f 11741 11456 11742
f 11743 11425 11744
f 10889 11745 10629
f 10891 11746 11747
f 11735 11126 11118
f 11748 10899 10901
f 10718 10898 10889
f 11580 11749 11581
f 11750 11751 10968
f 11751 10894 11752
f 10758 11753 11754
f 11427 11426 11453
f 11755 11756 10751
f 11757 11211 11758
f 11210 11759 11211
f 11426 11452 11453
f 11452 11428 11430
f 10858 11760 11454
f 11450 10859 11761
f 11762 10716 10718
f 11763 11526 11764
f 10585 11765 10586
f 11766 10585 11767
f 10902 10904 11155
f 11269 10719 10721
f 11741 11140 11456
f 11461 11135 11137
f 11462 11137 11138
f 11760 11138 11741
f 10599 11455 11140
f 11768 10690 11769
f 11272 11154 11770
f 10896 11143 11136
f 11439 10854 11122
f 11143 10597 10599
f 11143 10599 11139
f 11463 10854 11439
f 11771 11145 10692
f 11145 11771 11772
f 11773 11562 11774
f 11591 11151 11775
f 11768 11776 11777
f 11776 11768 11465
f 10692 11778 11769
f 11778 10692 11145
f 11248 10784 11466
f 11464 11248 11466
f 11769 10690 10692
f 11467 11779 10690
f 11145 11772 11463
f 10692 11146 11771
f 11780 11253 11781
f 11149 10868 10867
f 11782 11783 11159
f 11575 11784 11785
f 10625 10887 10626
f 10626 10887 11115
f 10913 10888 10916
f 10888 10913 10912
f 10885 10551 11162
f 10534 10533 11470
f 10534 11470 10882
f 11131 10534 10882
f 10525 10534 11131
f 10551 11420 10883
f 10883 11420 10724
f 11471 10920 11596
f 11296 10520 10634
f 11786 11787 10938
f 10922 11788 10513
f 10939 11478 10744
f 11342 11171 11789
f 11596 10920 10515
f 11790 11791 11792
f 11472 10745 10638
f 10515 10516 11113
f 10926 11793 10927
f 11051 11732 11052
f 10728 11351 11794
f 11795 11352 10637
f 11796 11038 11797
f 10743 10939 10744
f 11479 11480 11787
f 11478 11798 10744
f 10926 10737 11793
f 10818 11474 11476
f 11799 10637 10728
f 11788 10590 10513
f 10513 10590 11481
f 10492 10932 10631
f 11187 11495 10685
f 11800 11491 11167
f 11419 11482 10737
f 11330 11634 11229
f 11634 11330 11801
f 11491 11168 11202
f 11202 11168 11203
f 10924 11182 11491
f 11182 11181 11490
f 10863 10732 10734
f 11802 11803 11804
f 11497 11177 11494
f 11373 11374 10535
f 11805 11806 11802
f 11177 11050 11807
f 11496 10736 10589
f 11395 11808 11710
f 11391 11392 10536
f 11809 10823 11341
f 11498 11809 11341
f 11489 10528 10526
f 10528 11489 11225
f 10526 10527 10741
f 11810 10762 10946
f 10618 10963 10619
f 10963 11200 10619
f 11505 11207 10959
f 10619 11201 11206
f 11214 11509 11508
f 11217 11811 11812
f 11756 11813 10752
f 11511 11814 11512
f 11217 10946 11811
f 11484 11512 11504
f 10960 11503 11183
f 11503 11504 11506
f 11503 11506 11183
f 11815 11530 11215
f 11521 11520 11816
f 10502 11817 11818
f 11819 11521 11530
f 11816 11820 11535
f 11821 11817 11822
f 11817 11821 11525
f 11525 11821 11524
f 11823 10647 11556
f 10647 11823 11824
f 11201 11825 11217
f 11217 11812 11483
f 10762 10761 11214
f 10757 11826 11827
f 11826 10757 11828
f 11827 11829 10757
f 11829 11827 11830
f 10763 10964 11831
f 10964 10763 10965
f 10765 11832 11536
f 10765 11536 10659
f 11035 11833 11834
f 10673 11178 10674
f 11224 11835 11225
f 10934 11534 11223
f 10934 11223 11330
f 10541 10646 10539
f 10646 10541 11555
f 11243 11234 10540
f 10764 11836 10765
f 11234 11233 11837
f 11838 328 325
f 328 11838 3152
f 3152 11838 11236
f 11839 11236 11838
f 11236 11839 11235
f 11840 11782 11841
f 11842 11843 11844
f 11845 11846 11847
f 11848 11849 10989
f 11546 11850 11851
f 10648 3155 3154
f 3155 10648 11232
f 164 168 10956
f 11852 10969 11853
f 11551 11854 11855
f 11232 3156 3155
f 3156 11232 11856
f 11235 11857 11858
f 11859 11237 11860
f 10538 11860 11842
f 11508 11510 11861
f 11511 11861 11755
f 11244 10540 10539
f 11536 11862 10645
f 10647 10944 10645
f 10944 10647 11824
f 11039 10504 11040
f 10973 11834 11833
f 11834 10973 10529
f 11247 11198 10530
f 11245 11247 10972
f 10972 10530 10529
f 10996 10656 10655
f 11147 10869 11250
f 11279 10982 10873
f 11863 11111 10870
f 11864 10652 10654
f 10987 10997 10782
f 11775 11151 11777
f 11865 10781 10997
f 11565 10979 11098
f 10785 11260 10786
f 11779 11148 11150
f 11148 10784 11149
f 11252 10975 10785
f 10977 10979 11260
f 11253 11252 11568
f 11253 11568 10557
f 11397 11096 10699
f 11403 11564 10616
f 11252 10785 11567
f 11567 10785 10615
f 10700 10699 11569
f 10698 10617 10699
f 11397 11256 11096
f 10616 11564 11566
f 3990 3989 11866
f 3994 3993 11867
f 11868 11283 11282
f 10992 11589 11263
f 11845 11847 11869
f 11870 11574 11573
f 11574 11269 11156
f 11871 11158 11784
f 11576 11271 11577
f 11872 4022 11572
f 4022 11872 4021
f 10510 11570 10907
f 10509 4015 10510
f 4015 10509 4014
f 11570 11265 10908
f 11570 10908 10907
f 10720 11873 11468
f 11591 11578 11590
f 11578 11591 10903
f 11270 10902 11154
f 11270 10907 10902
f 11583 11410 10652
f 10768 11410 11583
f 11874 10879 10871
f 10584 10877 11110
f 10980 10871 10981
f 10974 10982 11259
f 11588 11875 11280
f 3997 3996 11588
f 11263 11589 11264
f 10994 11587 11868
f 11590 10908 11262
f 10908 11590 11578
f 11775 10903 11591
f 10903 11775 11459
f 11274 11876 11877
f 11583 10652 11864
f 11561 11276 11558
f 11274 3137 3143
f 3137 11274 3138
f 11878 11879 11880
f 5599 5598 11881
f 11026 5972 11004
f 5972 11026 5970
f 11882 11300 11303
f 11804 11471 10521
f 11804 11883 11471
f 11612 11309 11610
f 10734 10733 11297
f 11302 11304 11884
f 11257 10696 10697
f 11258 11094 11885
f 11886 11095 11887
f 11888 6037 10496
f 6037 11888 6034
f 10497 11605 11604
f 10771 10544 11882
f 10544 10771 10770
f 11603 10771 10695
f 10694 10769 11603
f 11603 10769 10771
f 10769 10556 10770
f 11298 11889 11299
f 11889 11298 11011
f 11890 5792 5791
f 5792 11890 11716
f 10621 11891 10622
f 10708 11613 11308
f 11892 11613 11610
f 11613 11892 11308
f 11116 11307 10915
f 11313 10734 11297
f 10806 11000 10667
f 10805 4091 4090
f 4091 10805 4092
f 10804 10803 11108
f 10804 3555 3554
f 11109 3555 10804
f 3555 11109 3556
f 11015 11317 11320
f 11014 11106 11015
f 11016 11893 10878
f 11015 11320 11615
f 11617 11619 10808
f 10808 11619 11017
f 11717 10508 11325
f 11586 11717 10978
f 11623 11021 11620
f 11621 10554 10556
f 11325 11622 10650
f 11620 11018 10866
f 11601 10769 10694
f 10701 11621 11602
f 11623 11620 11616
f 10794 10793 11021
f 11021 11023 11019
f 11023 11021 10793
f 11326 11624 10792
f 10794 11021 11623
f 10864 11894 10865
f 11101 5994 5996
f 11102 5996 5998
f 5996 11102 11101
f 11020 11019 11102
f 11895 11024 11023
f 11025 5988 5990
f 5988 11025 11024
f 11024 5986 5988
f 11327 10802 11024
f 11655 11896 11355
f 11897 10813 10815
f 11898 11899 11652
f 11899 11631 11652
f 11900 11630 11486
f 11180 11488 11901
f 10663 11041 10811
f 11337 11178 11632
f 11902 11039 11041
f 5462 10971 5463
f 10971 5462 11245
f 11902 10505 11039
f 11335 10505 11902
f 11041 11635 10811
f 10811 11635 11532
f 10815 11337 11632
f 10814 11337 10815
f 11636 4788 4789
f 4788 11636 11903
f 11904 10576 11905
f 11904 11905 11906
f 11331 11896 11655
f 11896 11331 11332
f 11906 11905 11907
f 4790 11636 4789
f 11636 4790 10505
f 10832 11644 11063
f 10832 11063 10833
f 10679 11056 11045
f 11062 11047 11043
f 10680 10831 10681
f 11366 10830 10680
f 11189 11191 11055
f 11056 10681 11057
f 11498 11341 10735
f 11647 11908 11909
f 10564 11286 11334
f 11910 11911 11912
f 10735 11342 10730
f 11786 11479 11787
f 11880 11913 11914
f 4979 4978 10672
f 11043 11643 11670
f 11042 11340 11043
f 11046 11028 11643
f 11191 10603 10605
f 11664 11059 11915
f 11059 11664 11060
f 11646 11916 11917
f 10601 11060 11918
f 11657 11919 11920
f 10681 10831 11190
f 10831 11197 11190
f 11921 11797 11904
f 11656 10602 10677
f 11197 10677 10676
f 11349 11922 11350
f 10678 11349 10604
f 11363 10600 11656
f 11656 10600 10602
f 3573 3574 11286
f 10563 10564 10791
f 11705 11288 11662
f 4730 4731 11686
f 10665 11383 10819
f 10665 10819 10549
f 11923 11366 10680
f 11090 11066 11924
f 11925 11661 11658
f 11661 11925 11290
f 11058 10601 10600
f 10846 11361 11365
f 11287 11666 10845
f 11926 11927 11928
f 10852 10664 11081
f 10850 10849 11064
f 10688 10687 11929
f 11930 11931 11676
f 11092 10850 11672
f 11932 10499 10839
f 11393 11674 11394
f 11394 11674 10688
f 11929 10687 10834
f 10687 10943 10834
f 11371 10940 10942
f 11676 11931 11933
f 11934 11679 11194
f 11677 10940 11371
f 11675 11930 11676
f 11678 11679 11934
f 10536 11371 11176
f 10536 11392 11371
f 10606 10608 11688
f 10852 11086 10664
f 11378 10841 11935
f 4707 4708 11936
f 11688 11937 11689
f 11688 10608 11937
f 11376 11683 11377
f 11938 11694 11939
f 11685 11688 11940
f 11941 11692 11693
f 11942 11943 11944
f 5334 5335 11078
f 11945 10847 11946
f 5322 5321 10847
f 11707 11090 11383
f 11707 11088 11090
f 11704 11705 11089
f 10593 11288 11705
f 11080 5318 11704
f 5318 11080 5319
f 11091 11084 10848
f 11085 11084 11091
f 11091 10848 10850
f 10609 11085 10610
f 11672 11065 11674
f 4742 11387 4741
f 11387 4742 10493
f 11386 11388 10609
f 11390 11706 10546
f 10546 11387 11386
f 11077 10835 10592
f 10835 10837 10592
f 10836 11390 11389
f 11947 10937 10746
f 11948 11949 11950
f 10797 11703 11951
f 11939 11952 11953
f 10682 11396 10683
f 11097 11096 11396
f 11006 11711 11954
f 11304 11888 11955
f 11605 11299 11712
f 5794 5793 11716
f 11402 11884 11955
f 11884 11402 11401
f 11885 11094 11886
f 10772 11103 10694
f 10696 10694 10693
f 10702 11103 10772
f 11099 10772 11100
f 10650 11622 10701
f 10651 10702 11098
f 10878 10580 10579
f 11893 11615 10580
f 10982 10981 11956
f 10871 10879 11104
f 10881 10582 10584
f 11110 10879 11874
f 11720 10594 11406
f 11720 11719 10594
f 10983 10985 10594
f 11315 10669 11316
f 10666 10670 10669
f 10983 11721 10984
f 11408 11314 11721
f 11315 11316 11723
f 11721 11315 10984
f 11724 10596 10881
f 11726 11728 11278
f 10596 10595 10582
f 10984 11318 11404
f 10583 11014 11405
f 10583 11405 10584
f 11957 11958 11959
f 11960 11961 11962
f 11728 10596 11724
f 11728 11406 10596
f 11728 11724 11409
f 10766 11963 11412
f 11963 11409 11412
f 11409 10880 11412
f 11417 10643 10642
f 11416 10919 10725
f 11417 11053 10643
f 11053 11052 10643
f 10643 11052 11964
f 11185 11414 11413
f 11478 11476 11418
f 10745 10744 10638
f 10927 11793 11053
f 11793 11051 11053
f 10553 10566 11114
f 11420 11114 11416
f 11399 11714 10707
f 11121 11714 11399
f 11421 11399 10706
f 11121 11399 11421
f 10613 11424 11008
f 11424 10708 11009
f 10532 10912 10533
f 11115 10912 10532
f 10723 10626 10709
f 11430 10723 10523
f 11120 11965 11432
f 11965 11120 11739
f 11126 11119 11421
f 11119 11121 11421
f 10684 10704 11432
f 11120 11715 11121
f 11966 11436 11434
f 11966 10558 11436
f 11737 10615 10617
f 10558 10615 11737
f 11967 11434 11433
f 10854 10856 11122
f 11456 11968 10900
f 11736 11738 11125
f 10714 11738 11736
f 11455 11440 11456
f 11742 11456 10899
f 11441 11743 11744
f 11747 11428 11452
f 11969 11970 11971
f 11425 11747 11452
f 11972 11973 11428
f 10614 10895 11973
f 11438 11126 11735
f 11735 11118 10612
f 11736 11125 11437
f 11437 11125 11124
f 11740 11734 10901
f 10718 10889 11974
f 11975 11976 11972
f 10629 11976 11975
f 11977 10899 11748
f 11978 11741 11977
f 11765 11144 10586
f 11979 11766 11767
f 11160 11980 11161
f 11847 11575 11785
f 11981 11743 11441
f 11982 11983 11984
f 11511 11755 11814
f 11756 10752 10751
f 11758 11985 11986
f 10567 11987 10568
f 10752 11449 10947
f 11813 11448 10752
f 11453 11430 10523
f 11988 11989 11987
f 10891 11975 11746
f 11425 11452 11426
f 11760 11741 11978
f 11760 11978 11454
f 11749 10893 10892
f 11458 11762 11446
f 11450 10857 10859
f 10859 10716 11762
f 11750 10894 11751
f 10893 11457 10894
f 11157 11468 11990
f 11580 11979 11749
f 11575 11871 11784
f 11979 11767 11749
f 11144 11462 10858
f 11990 11132 11765
f 11133 10905 11135
f 11461 11137 11462
f 11977 11742 10899
f 11454 11977 10717
f 11465 11778 10597
f 11460 11776 11991
f 10599 11463 11455
f 11455 11463 11440
f 10855 11772 11771
f 11772 10855 10854
f 11772 10854 11463
f 11460 11459 11776
f 11776 11465 10897
f 11992 11141 11993
f 11152 11467 11994
f 11995 11992 11996
f 11264 11997 11591
f 10987 10782 10988
f 11248 10782 10784
f 11466 11148 11779
f 11466 10784 11148
f 11777 11994 11768
f 11771 11146 10855
f 11779 11150 10690
f 10691 11146 10692
f 11998 10999 11253
f 10784 10783 11780
f 11269 10721 11156
f 11541 11999 12000
f 10553 11114 11420
f 10551 10553 11420
f 11312 11296 10633
f 11313 11297 11296
f 10634 11733 10886
f 11163 10565 10553
f 11297 12001 10520
f 10520 12001 10521
f 11596 10515 11165
f 11682 11293 12002
f 10516 10514 11472
f 10512 10514 10516
f 11418 10737 10926
f 11909 10635 11799
f 11352 12003 10923
f 10678 12004 11349
f 12005 12006 12007
f 11354 11898 11352
f 11172 12008 10817
f 12009 12010 11474
f 10578 10577 10754
f 11642 10672 12011
f 10589 11479 11786
f 11787 11480 11478
f 11787 11478 10939
f 10938 11787 10939
f 11480 10818 11478
f 10816 10818 11480
f 10922 10513 10921
f 10921 10513 10512
f 12012 11788 10922
f 11788 10685 10590
f 11496 10589 10588
f 10631 10932 11496
f 12003 11898 11477
f 11800 10924 11491
f 10739 11175 12013
f 10738 11175 10739
f 10675 11633 12014
f 10962 11489 10963
f 11634 10961 11487
f 10961 11634 11801
f 11181 11502 11490
f 11168 11170 11203
f 10924 11179 11182
f 11631 11630 11900
f 11794 10925 11166
f 10925 10924 11800
f 12015 12016 11790
f 11792 10922 10920
f 11947 10746 12017
f 11493 10537 11497
f 12018 11294 11293
f 12019 10685 12012
f 11805 11802 12020
f 12002 11295 12021
f 11294 12017 11295
f 5698 5697 12022
f 12023 11681 11682
f 10942 11501 11050
f 11176 10942 11050
f 11177 11807 10630
f 11176 11050 11177
f 11670 11643 11500
f 11499 11670 11500
f 10491 11498 10931
f 10931 11498 10932
f 10963 10740 11200
f 10740 10742 11200
f 11502 11505 11169
f 11505 11502 11205
f 11205 11207 11505
f 10962 11225 11489
f 11225 10962 11231
f 10961 11231 10962
f 11231 10961 11801
f 11207 11218 11483
f 11207 11483 10959
f 11512 11814 11759
f 11512 11759 11210
f 11812 11511 11484
f 11483 11812 11484
f 11732 11204 11729
f 11204 11185 11729
f 11185 11204 11183
f 11170 10960 11203
f 10960 11170 10958
f 11198 11815 11199
f 10527 10750 11226
f 11517 11819 11518
f 11247 11518 11815
f 2310 11517 3167
f 11513 2310 2307
f 2310 11513 11517
f 11517 11513 11557
f 4095 11246 5193
f 3172 4095 4094
f 3172 4094 4049
f 4095 3172 11246
f 3171 11246 3172
f 11246 3171 11516
f 3169 3168 11517
f 10502 11818 10503
f 10502 10575 11817
f 11547 10757 11213
f 10757 11547 11828
f 12024 12025 11550
f 11825 10946 11217
f 11825 11810 10946
f 11812 11811 11511
f 12026 11861 11511
f 11227 10762 11810
f 10742 11227 11825
f 10761 11238 11214
f 10760 11213 11238
f 12027 12028 12029
f 12028 12027 12030
f 12031 2311 2313
f 2311 12031 11519
f 10659 12032 10965
f 12032 10659 12033
f 12033 10659 10658
f 10765 12034 11832
f 10812 11533 11228
f 10531 11228 11533
f 11228 10531 11230
f 10810 10812 11633
f 11633 10812 11229
f 10674 10810 11633
f 11836 12034 10765
f 11832 11242 11244
f 11242 10957 11234
f 11544 10641 11546
f 12035 11540 11469
f 12036 11783 11782
f 11542 12037 12038
f 11469 11540 12039
f 10776 10778 12040
f 11538 11548 11840
f 12041 4044 4043
f 4044 12041 12042
f 12043 12044 11850
f 11858 12045 12046
f 11543 3970 3969
f 3970 11543 12047
f 11447 12048 11970
f 11554 12049 12050
f 12051 12052 12053
f 12054 12051 12055
f 11161 12056 11983
f 12057 10911 12050
f 12049 11852 12057
f 12049 12057 12050
f 11236 3153 3152
f 3153 11236 10648
f 10648 11236 11232
f 10538 11842 11844
f 12058 11851 11852
f 11843 12059 12060
f 11555 12061 12062
f 12059 12063 11552
f 11842 11860 11843
f 10945 12026 11811
f 10945 11214 11508
f 11244 11243 10540
f 11242 11234 11243
f 10971 11833 11034
f 11833 10971 10973
f 11054 11035 11834
f 11247 11815 11198
f 10972 11247 10530
f 11726 158 11727
f 158 11726 161
f 10999 10874 11251
f 10657 10874 10999
f 11255 12064 11279
f 11255 11279 10873
f 11593 10656 10996
f 10781 12065 10995
f 10998 10657 10999
f 10655 10657 10998
f 11960 11962 10656
f 12066 12067 11863
f 12068 12069 12070
f 12071 10779 10781
f 10978 11717 10649
f 11586 11718 11717
f 11585 11259 11260
f 11565 11098 11403
f 10874 10975 11251
f 10874 10873 10975
f 10999 11251 11253
f 11998 11253 11780
f 10616 11566 11397
f 11564 11098 11100
f 11568 11252 11567
f 11568 11567 10558
f 10786 11260 11403
f 11260 11565 11403
f 11435 11431 12072
f 12072 11431 11965
f 4011 4010 11265
f 11571 10992 11263
f 3999 10993 4000
f 10993 3999 11587
f 3999 3998 11587
f 4006 4004 10992
f 12073 4030 4023
f 4030 12073 12074
f 12075 11999 11541
f 12038 12037 10989
f 12074 12073 11870
f 12076 4032 12074
f 4032 12076 4033
f 4022 4019 11572
f 12073 4024 11872
f 4024 12073 4023
f 11577 11271 10719
f 4024 4021 11872
f 11468 11873 11133
f 11777 11459 11775
f 11459 11777 11776
f 11271 11273 10719
f 10720 11770 12077
f 11272 11770 10720
f 11273 11272 10720
f 12077 10905 11133
f 12077 10906 10905
f 10509 10511 11271
f 10511 11154 11272
f 11584 3978 11582
f 3978 11584 3979
f 11582 10768 11583
f 11412 10773 11410
f 10768 10767 11410
f 11958 12067 12066
f 11584 11583 11864
f 10872 10980 10982
f 10982 11956 11259
f 11259 11956 10977
f 11956 12078 10977
f 11868 11282 11992
f 10993 11587 10994
f 12079 11867 11875
f 11867 12080 11875
f 3986 3985 11285
f 11280 11875 11281
f 11587 11283 11868
f 12081 3141 3980
f 3141 12081 3142
f 10780 12082 12065
f 11274 3142 12081
f 3142 11274 3143
f 11276 3140 3139
f 3140 11276 3981
f 11334 11333 11880
f 11004 5972 5974
f 11004 5974 5976
f 11894 6008 10542
f 6008 11894 6006
f 10733 11805 12020
f 12020 11802 11804
f 11682 12002 11806
f 12083 11806 11805
f 10733 12020 11297
f 11803 11883 11804
f 10622 12084 12085
f 11310 11012 11492
f 11955 11888 10495
f 11884 11304 11955
f 11096 11258 11396
f 10683 11885 11398
f 11882 11303 11302
f 11887 11955 10495
f 11955 11887 11402
f 11300 6020 11303
f 6020 11300 6018
f 11022 10865 11301
f 10865 11022 10555
f 10695 10771 11600
f 11600 11882 11302
f 11882 11600 10771
f 10695 11600 11400
f 11257 10697 11258
f 12086 10937 11947
f 11117 11308 11892
f 11308 11117 10561
f 11612 11010 11606
f 11010 11612 11611
f 10707 11613 10708
f 12087 12088 12089
f 11310 11492 11311
f 11306 12087 12089
f 12088 11313 11312
f 11292 5963 5965
f 11595 1703 5343
f 1703 11595 1702
f 11292 5340 5341
f 11292 5343 5340
f 5343 11292 11595
f 11614 11027 11026
f 10668 11328 11329
f 11618 10792 11619
f 11627 11004 11003
f 11627 11026 11004
f 10804 2782 2781
f 2782 10804 3553
f 11408 1597 11109
f 1597 11408 1599
f 11109 11314 11408
f 11320 10507 10506
f 11320 10506 10875
f 10878 11893 10580
f 11615 10875 10580
f 10807 10809 11317
f 11319 10808 10807
f 10876 10508 11717
f 10876 10875 10508
f 11321 11322 11616
f 11324 11616 12090
f 10701 11602 11601
f 11602 10556 10769
f 11622 11621 10701
f 11622 11324 11621
f 12090 11323 10554
f 11017 11322 11321
f 10671 11618 11617
f 11624 11327 11895
f 11327 11624 11326
f 10793 11895 11023
f 11895 10793 11624
f 11024 5984 5986
f 5984 11024 10802
f 10802 5980 5982
f 11896 11629 11631
f 11632 10673 11332
f 11352 11898 12003
f 11354 11355 11898
f 12003 11477 10923
f 10923 11477 10924
f 11332 10673 10954
f 11355 11899 11898
f 11336 10661 11337
f 12091 12092 10813
f 10662 11902 11041
f 10577 10755 10754
f 12093 3163 3165
f 3163 12093 10504
f 11041 11040 11635
f 10663 10811 11178
f 11178 10811 10810
f 11635 11040 11054
f 11054 11834 11533
f 10815 11632 11332
f 10505 1606 1605
f 1606 10505 4790
f 1605 1607 10505
f 12094 11903 10577
f 2339 2340 11903
f 12095 12096 10577
f 11037 12096 12095
f 12097 12098 11038
f 12096 12094 10577
f 11038 11037 12099
f 11640 11904 11906
f 11907 10813 11897
f 11905 10576 12091
f 10813 11336 10814
f 10754 10756 11336
f 11063 11061 11062
f 11063 11062 11340
f 10820 11068 11339
f 11068 10679 11339
f 11067 11923 10680
f 11067 10680 10679
f 10681 11190 11189
f 10681 11189 11057
f 10731 11789 11479
f 11789 10816 11479
f 11333 2768 2770
f 11333 2770 5600
f 2768 11333 4991
f 11641 5598 4981
f 11641 4981 4980
f 5598 11641 11881
f 11879 11641 12100
f 12101 11642 11346
f 12101 11346 12102
f 11028 11055 11029
f 12103 10821 11048
f 11030 11049 11196
f 11030 11029 11048
f 10821 12104 11645
f 11349 12004 11922
f 11920 12105 11910
f 11344 11638 11908
f 11055 11191 10605
f 10603 10678 10604
f 10677 11919 11657
f 12106 10929 10825
f 11345 11344 11908
f 11360 11649 12107
f 11365 11363 11656
f 11365 11656 11197
f 11363 11058 10600
f 11058 11060 10601
f 3569 3563 11660
f 3574 3575 11286
f 12108 10790 11925
f 3562 11660 3563
f 11660 3562 11658
f 10847 12109 11946
f 11945 11946 11666
f 10845 11361 10846
f 12109 11661 11289
f 11915 11290 11925
f 11290 11915 11059
f 12110 11594 12111
f 11945 5322 10847
f 5322 11945 5323
f 11090 11924 10819
f 11924 11066 11068
f 11290 11059 11058
f 11291 11290 11058
f 11663 11358 11360
f 10846 11364 10830
f 10830 11364 11197
f 11071 11673 11393
f 12112 12113 11927
f 12114 11687 12115
f 11942 12116 11943
f 11668 11689 11937
f 11689 11668 12112
f 12112 12115 11689
f 12115 12112 11927
f 11064 12117 11367
f 12117 10548 11367
f 11931 11044 11933
f 11930 10834 11931
f 11673 11672 11674
f 11672 10850 11065
f 11710 11808 11675
f 12118 10688 11930
f 10688 11929 11930
f 11929 10834 11930
f 10941 11195 11501
f 10941 11499 11195
f 10537 10536 11176
f 11392 11677 11371
f 11370 10611 11070
f 11071 11393 11395
f 4717 4718 10488
f 4720 4721 11683
f 12119 5801 5802
f 12120 5801 12119
f 5801 12120 5934
f 11693 12121 10800
f 11380 4704 4705
f 4704 11380 11692
f 12122 5805 12123
f 5805 12122 5804
f 11685 11684 11688
f 11377 11683 11690
f 11952 11695 11942
f 11690 11685 11940
f 11683 4719 4720
f 4719 11683 11376
f 11376 4718 4719
f 4718 11376 10488
f 10842 10488 12124
f 12125 12126 11702
f 12127 10801 10796
f 11698 11697 12128
f 12129 11928 12130
f 12131 11942 11944
f 5324 5323 11945
f 5329 5328 10593
f 4755 4756 11087
f 4762 4761 11088
f 10664 12132 10665
f 12132 11707 10665
f 11287 10845 10844
f 10593 11385 11287
f 11080 11704 11089
f 11088 11080 11089
f 4733 4734 12133
f 4729 4730 11686
f 4743 4744 10494
f 11064 11081 12117
f 11081 10548 12117
f 11671 10610 11672
f 10610 11092 11672
f 10611 10610 11671
f 11389 10546 11667
f 4740 4741 11387
f 12112 11077 12113
f 12113 11077 10592
f 10840 11372 11678
f 10838 10840 11678
f 5924 5922 11680
f 11938 11939 11953
f 11951 11703 11953
f 11952 11942 12131
f 12134 11681 12023
f 11569 10699 10682
f 11569 10682 11431
f 11006 11954 11010
f 11605 11712 11606
f 11094 11095 11886
f 11398 11885 11711
f 12135 10495 12136
f 10495 12135 11887
f 11711 11887 12135
f 11303 6022 6027
f 10649 11717 10650
f 10651 10650 10702
f 10979 10978 10651
f 10979 10651 11098
f 11718 10580 10876
f 11105 10581 11586
f 11110 11874 11111
f 11111 11874 10871
f 11408 11721 10983
f 11261 11407 11720
f 11727 11720 11728
f 11720 11406 11728
f 3253 3252 11407
f 11407 1601 1600
f 1601 11407 3252
f 11319 11722 10808
f 11722 11617 10808
f 10670 10668 10671
f 10666 10668 10670
f 11407 10983 11719
f 11719 10983 10594
f 10984 11723 11319
f 11723 11316 11319
f 10881 10584 11112
f 10880 10774 10773
f 10595 11014 10583
f 11405 10878 10877
f 11405 11016 10878
f 11014 11016 11405
f 11410 10773 10976
f 10652 12067 10653
f 11863 10870 12064
f 12067 12137 11863
f 11727 160 1991
f 160 11727 158
f 11277 11963 10766
f 11278 11728 11409
f 10919 11417 10642
f 10919 10642 10725
f 11732 11729 11052
f 12138 10884 11507
f 10516 11472 11113
f 11164 10638 10918
f 10744 11798 10926
f 10639 10927 10640
f 10613 11008 10710
f 11008 10560 10710
f 11009 10561 10560
f 11009 10708 10561
f 11739 11120 11125
f 11715 11432 10703
f 11432 11715 11120
f 11965 11431 11432
f 10869 10868 11093
f 10559 10558 11966
f 12139 11434 11967
f 11250 11093 11967
f 11738 10713 12072
f 10713 11738 10714
f 11739 12072 11965
f 12072 11739 11738
f 12140 11128 11740
f 11127 11736 11128
f 11456 10900 10899
f 11456 11440 11968
f 10518 11855 12141
f 11451 11528 11239
f 11445 12142 11981
f 11528 11441 11240
f 10752 10947 10949
f 11453 10523 11129
f 11124 11126 11438
f 11423 10612 10614
f 12143 11438 10628
f 11423 11438 10612
f 10901 11734 10627
f 12143 11437 11438
f 10890 10629 11975
f 11734 11437 12143
f 11969 11971 12144
f 10718 11974 11970
f 10891 10890 11975
f 10898 11748 11745
f 11746 11975 11428
f 11747 11746 11428
f 11741 11742 11977
f 11454 11978 11977
f 12056 10892 11750
f 11750 10892 10894
f 11132 11134 11765
f 11765 11462 11144
f 11449 11239 10947
f 10947 11239 10948
f 11510 12145 11755
f 11861 11510 11755
f 10751 10753 12146
f 10753 10752 10949
f 11759 12146 11211
f 11504 11209 11184
f 10644 11507 10726
f 11507 10644 12147
f 12148 10569 12138
f 10950 10952 11509
f 12145 11756 11755
f 11763 12149 11526
f 12150 11813 11756
f 11744 11425 11427
f 12151 10949 11987
f 12152 11453 11129
f 12153 10567 11758
f 11971 11747 11425
f 11743 12144 11425
f 11974 10889 10891
f 11970 11974 10891
f 11462 11138 11760
f 11462 11760 10858
f 10717 11977 10898
f 11977 11748 10898
f 11762 12048 11447
f 12048 10718 11970
f 10859 11454 10716
f 10858 11454 10859
f 10893 10587 11450
f 11749 10587 10893
f 11983 11750 12154
f 10894 11458 12155
f 11468 11132 11990
f 11765 11134 11462
f 11784 11158 11766
f 11871 11156 11158
f 11158 11157 11766
f 11157 11990 11766
f 11870 11267 11574
f 11785 11784 11580
f 11133 11135 11461
f 11133 11461 11134
f 11137 11136 11138
f 11136 11139 11138
f 10905 10896 11135
f 11135 10896 11136
f 10597 11778 11145
f 10904 11460 12156
f 11991 11776 10897
f 10997 10996 12157
f 12069 11865 12070
f 11281 12070 11282
f 11249 10987 10986
f 11151 11153 11777
f 12070 11865 11249
f 11994 11467 10690
f 11141 11142 11152
f 11996 11992 11993
f 11591 11997 11151
f 10996 10655 10998
f 12157 10996 10998
f 11467 11466 11779
f 11768 11994 10690
f 11150 11149 10867
f 11150 10867 11146
f 11848 12158 11845
f 10989 11849 10990
f 11311 11492 12087
f 11306 12089 11307
f 10886 11733 10552
f 10886 10552 10551
f 11473 10515 11113
f 11165 10515 11473
f 11113 11472 11164
f 11472 10638 11164
f 11476 11475 11419
f 11474 11475 11476
f 10729 11166 11419
f 10729 11794 11166
f 12159 10928 12160
f 10635 10637 11799
f 10930 11897 11356
f 10928 11654 12160
f 10636 11795 10637
f 10824 10826 12161
f 11474 12010 10727
f 10728 11794 10729
f 11647 11909 12162
f 10817 12008 11474
f 12010 11799 10727
f 11799 10728 10727
f 12004 12163 11922
f 12164 11921 11640
f 12097 11038 11347
f 12165 12164 11639
f 10589 10731 11479
f 11789 11173 10817
f 10589 11786 10590
f 10590 11786 10938
f 10513 11481 10514
f 11481 10938 10514
f 12012 10685 11788
f 11494 11338 11186
f 10932 10736 11496
f 10630 10631 11496
f 12016 11188 11791
f 11188 12019 12012
f 11482 10738 10737
f 11482 11166 10738
f 10738 11167 11175
f 11174 11202 11175
f 11731 11202 11204
f 12013 11175 11732
f 11174 11491 11202
f 11167 11491 11174
f 10737 10739 11793
f 10739 12013 11793
f 11631 11900 11652
f 11653 11180 11179
f 11653 11486 11180
f 11486 11488 11180
f 11169 10958 11170
f 10958 11169 11505
f 10619 11206 11205
f 11351 10923 10925
f 11794 11351 10925
f 11297 12020 11804
f 11790 11792 10920
f 12022 12166 12167
f 10535 10537 11493
f 10746 11493 10747
f 11493 11497 11494
f 11494 11177 11338
f 10748 11186 11188
f 12168 12169 12170
f 12171 12172 12023
f 11293 11295 12002
f 11295 10748 11709
f 12018 11947 11294
f 11294 11947 12017
f 12173 12086 11947
f 12174 12175 10935
f 11501 10491 10490
f 11050 11501 10490
f 11807 10492 10630
f 11807 11050 10492
f 11643 11028 11030
f 11195 11500 11196
f 11049 10823 11809
f 11049 11809 11498
f 10527 11226 10741
f 10741 11226 10742
f 11206 11218 11207
f 11206 11201 11218
f 11504 11512 11210
f 11504 11210 11209
f 10643 11964 10644
f 11730 11415 11964
f 11415 11730 11413
f 11483 11485 11503
f 10959 11483 11503
f 11534 11216 11224
f 11835 10528 11225
f 11815 11215 11199
f 11816 12028 12030
f 11216 10501 11835
f 11216 11835 11224
f 12030 10575 10502
f 11525 11818 11817
f 11818 11525 10749
f 10952 10517 12150
f 12176 11222 11219
f 11227 11810 11825
f 10742 11825 11201
f 11519 2314 2311
f 2314 11519 11513
f 11517 11557 11819
f 2306 11515 3251
f 11515 2306 2304
f 11520 12028 11816
f 11530 11521 11816
f 10966 10965 12032
f 12177 12028 11520
f 12028 12177 12029
f 11836 171 170
f 171 11836 4047
f 2304 10763 11515
f 10763 2304 2303
f 10645 11862 10646
f 11536 11832 11244
f 4048 4047 11836
f 10764 2303 2302
f 2303 10764 10763
f 10529 11533 11834
f 11533 10529 10531
f 10811 11532 10812
f 11532 11533 10812
f 10674 11633 10675
f 12014 11633 11634
f 12034 170 169
f 170 12034 11836
f 3157 3156 11856
f 11856 11232 11234
f 10955 10957 11242
f 10955 164 10956
f 164 10955 165
f 12034 11242 11832
f 11782 11159 11841
f 12039 12036 11782
f 11539 12178 12179
f 12180 11782 11840
f 11545 11546 11851
f 10970 12040 10910
f 10777 12035 11469
f 11546 12181 11850
f 11545 11851 12045
f 12063 12058 11553
f 3971 3970 12047
f 11855 12182 12183
f 10759 10758 12184
f 12055 12051 12053
f 10572 10968 12185
f 12186 11159 11161
f 11841 11159 12186
f 12050 12187 12054
f 12059 11552 12060
f 12047 3973 3972
f 11839 3973 12047
f 3973 11839 11838
f 11838 1594 3973
f 1594 11838 327
f 327 11838 325
f 10541 10538 11844
f 11555 10541 11844
f 12063 11553 11552
f 11237 12046 11860
f 10946 10945 11811
f 11811 12026 11511
f 3158 3157 11856
f 11033 1698 1700
f 1698 11033 3166
f 11245 5196 5195
f 5196 11245 5462
f 11516 11518 11247
f 11246 11516 11247
f 11199 11534 10934
f 11199 11216 11534
f 11277 11409 11963
f 11277 11278 11409
f 10656 11254 10657
f 11254 10873 10657
f 10781 10995 10997
f 11865 10997 11249
f 12082 11959 11960
f 11275 11877 11558
f 11593 11960 10656
f 11563 12188 12082
f 11592 11560 11563
f 11284 11773 11774
f 11285 12189 11773
f 12189 11592 11773
f 12078 10978 10977
f 12078 11105 10978
f 11780 11781 10868
f 11781 11253 10557
f 10783 10999 11998
f 10783 11998 11780
f 11566 11256 11397
f 11566 11100 11256
f 10975 11585 10785
f 11585 11260 10785
f 11436 10617 10698
f 11436 10698 10700
f 11433 11435 10713
f 10713 11435 12072
f 11570 4013 4009
f 4013 11570 10510
f 4015 4012 10510
f 10510 11270 10511
f 10510 10907 11270
f 11265 4007 11266
f 4007 11265 4010
f 11266 11571 11262
f 4001 4000 10993
f 4007 4008 11266
f 11266 4005 11571
f 4005 11266 4008
f 4019 4020 11572
f 11576 4020 4016
f 4020 11576 11572
f 12190 12076 11848
f 12191 11848 10989
f 12192 11848 12191
f 12041 12075 11541
f 11540 11542 12039
f 12158 12193 11845
f 11846 11575 11847
f 11577 10719 11269
f 12074 11870 12193
f 11872 11572 11267
f 12193 11870 11573
f 12194 4029 10509
f 4029 12194 4017
f 12194 4018 4017
f 4018 12194 11576
f 12156 11460 10906
f 10904 10903 11460
f 11156 10721 11468
f 10721 10720 11468
f 11271 10511 11272
f 10719 11273 10720
f 11770 11155 12156
f 11154 11155 11770
f 11873 12077 11133
f 10720 12077 11873
f 11725 1596 1595
f 1596 11725 3974
f 12195 3147 11277
f 3147 12195 3149
f 3149 12195 3150
f 3977 11582 3978
f 10767 11412 11410
f 10766 11412 10767
f 12137 11111 11863
f 10976 12137 12067
f 11956 10981 12078
f 10981 11105 12078
f 11589 11995 11264
f 11589 10994 11995
f 11588 12079 11875
f 12079 3994 11867
f 3994 12079 3995
f 3993 3992 11867
f 11588 3995 12079
f 3995 11588 3996
f 3991 11867 3992
f 11867 3991 12080
f 10994 11868 11995
f 11995 11868 11992
f 11587 11588 11280
f 11587 11280 11283
f 11561 11558 11592
f 11561 3981 11276
f 3981 11561 3982
f 11276 3138 11274
f 3138 11276 3139
f 11584 11864 11876
f 12081 11876 11274
f 3983 3982 11561
f 11883 10920 11471
f 11883 11790 10920
f 12196 12023 12197
f 12196 12197 12083
f 11297 11804 12001
f 12001 11804 10521
f 10622 12085 12198
f 10732 11805 10733
f 10732 12083 11805
f 12198 10862 10861
f 11401 11302 11884
f 11302 11401 11600
f 11396 11885 10683
f 11396 11258 11885
f 11304 6027 6030
f 6027 11304 11303
f 11304 6032 11888
f 6032 11304 6030
f 10697 10695 11400
f 10693 10695 10697
f 11890 10621 11716
f 10621 11890 11891
f 11891 12199 10622
f 11889 11310 11309
f 11610 11309 11305
f 11713 11889 11309
f 11612 11713 11309
f 11307 12089 11312
f 12089 12088 11312
f 4759 11087 4758
f 11087 4759 12132
f 11001 11614 11626
f 11614 11001 11000
f 11015 11615 11893
f 11016 11015 11893
f 11318 10807 11106
f 11318 11106 11014
f 11321 11616 10507
f 11322 11623 11616
f 11103 10701 11601
f 11103 11601 10694
f 11317 10809 11321
f 10809 11017 11321
f 11618 11326 10792
f 11619 10792 11017
f 11895 11327 11024
f 6004 6006 11894
f 10864 11625 11894
f 10543 6014 6016
f 10542 6012 10543
f 6012 10542 6010
f 10954 11896 11332
f 11896 10954 11629
f 10826 12160 11353
f 11795 11353 11352
f 11898 11652 11477
f 11477 11652 11179
f 11652 11900 11653
f 11900 11486 11653
f 11899 11896 11631
f 11355 11896 11899
f 10756 11902 10662
f 11335 11902 10756
f 10661 10663 11337
f 11337 10663 11178
f 11040 11033 11035
f 10504 12093 11040
f 4986 10672 4985
f 4084 10672 4986
f 12098 4084 4085
f 12098 4085 5464
f 4084 12098 10672
f 5197 5199 11036
f 12098 11036 11038
f 11797 10576 11904
f 12091 10754 12092
f 12200 11639 10829
f 10825 12159 10826
f 12164 11640 11639
f 12201 12202 12106
f 10828 11897 10930
f 11897 10815 11356
f 10827 11907 10828
f 10828 11907 11897
f 2341 11903 2340
f 11903 2341 4788
f 10755 11636 11335
f 192 12094 191
f 2339 12094 192
f 12094 2339 11903
f 12095 10577 10576
f 10819 11924 11068
f 10819 11068 10820
f 11089 11705 11662
f 11662 11366 11923
f 12008 12009 11474
f 11172 12009 12008
f 11171 11173 11789
f 11789 10817 10816
f 11286 3576 4991
f 3576 11286 3575
f 11286 4991 11333
f 10564 11334 11594
f 10791 12110 11664
f 11664 12110 11358
f 12203 12204 12107
f 12204 12203 12205
f 12100 12101 12206
f 11348 11921 10788
f 11921 11904 11640
f 11642 12011 11346
f 11055 10605 12103
f 12103 10605 10821
f 11049 11048 10823
f 11048 10821 10823
f 11643 11030 11500
f 11500 11030 11196
f 11916 11345 12207
f 10821 11645 10822
f 10823 10822 11646
f 10823 12208 11341
f 10601 11918 10602
f 10677 10602 11919
f 11919 12209 12210
f 12004 11920 12163
f 10605 10604 11350
f 12104 11350 11645
f 10791 11594 12110
f 12107 12211 11360
f 12211 12107 12204
f 11658 3570 12108
f 3570 11658 3562
f 3566 12108 3564
f 12108 3566 10790
f 11658 12108 11925
f 12109 3568 11659
f 3568 12109 3560
f 12109 11659 11661
f 10845 11357 11361
f 11666 11946 11357
f 5325 5324 11945
f 11385 5325 11945
f 5325 11385 5326
f 12109 11289 11357
f 11946 12109 11357
f 10847 3567 3561
f 3567 10847 5320
f 10847 3561 12109
f 3561 3560 12109
f 3570 3564 12108
f 12212 12213 12214
f 10839 12215 11069
f 12213 11943 12216
f 11953 11952 12131
f 11668 11077 12112
f 11077 11708 10835
f 11076 11708 11077
f 11931 11042 11044
f 10834 11042 11931
f 11674 10686 10688
f 11674 11065 10686
f 12215 12217 11069
f 11192 12218 11193
f 11193 11710 11392
f 11395 11394 11808
f 11669 11367 10687
f 11065 11669 10687
f 10940 11676 10941
f 11677 11676 10940
f 11374 11391 10536
f 11374 10536 10535
f 12219 12220 12221
f 11939 11694 11952
f 11382 11381 11378
f 11381 11379 11378
f 4713 4714 12222
f 12223 4721 4722
f 4721 12223 11683
f 12224 12225 12226
f 4747 4748 11384
f 4722 4723 12223
f 4747 11084 4746
f 11084 4747 11384
f 12223 10607 11684
f 11683 12223 11684
f 4750 4751 10851
f 11940 11687 12114
f 11687 11689 12115
f 11695 12116 11942
f 11690 11683 11685
f 12227 12228 11935
f 12121 12228 12227
f 12229 12230 11694
f 12124 10488 11377
f 12228 11378 11935
f 12231 5945 5944
f 5945 12231 12232
f 12233 12225 12224
f 11701 12224 12234
f 12224 11692 11941
f 11699 12234 12220
f 11691 11690 11940
f 12124 11377 12230
f 11079 3587 3588
f 3587 11079 12235
f 5935 5934 12120
f 10852 4753 11086
f 4753 10852 4752
f 11088 4763 5317
f 4763 11088 4761
f 11662 11923 11067
f 12236 10846 11366
f 11708 12237 10836
f 12237 4731 4732
f 4731 12237 11686
f 10848 11384 10849
f 11384 10851 10849
f 4753 4754 11086
f 4752 10851 4751
f 10851 4752 10852
f 11387 10493 11388
f 10547 10609 11370
f 10837 11667 11375
f 10837 10836 11667
f 12132 4760 11707
f 4760 12132 4759
f 11706 4736 4737
f 4736 11706 11390
f 12238 11607 12239
f 12240 10838 11678
f 12127 10796 10795
f 5945 12232 5946
f 12232 10799 12127
f 11703 11938 11953
f 12126 10843 12229
f 11694 11695 11952
f 10801 12227 10796
f 12213 12216 12214
f 12196 12171 12023
f 12241 12242 12243
f 12244 10705 11007
f 10705 12244 11714
f 12244 11611 10707
f 11714 12244 10707
f 11611 11007 11010
f 11007 11611 12244
f 10497 6044 11605
f 6044 10497 6046
f 11299 5798 5797
f 5798 11605 6040
f 11605 5798 11299
f 11299 11713 11712
f 11713 11299 11889
f 11711 12135 11954
f 11954 12136 11604
f 12136 11954 12135
f 11885 11886 11711
f 11886 11887 11711
f 11095 11400 11402
f 11095 11402 11887
f 10496 6039 10497
f 6039 10496 6038
f 11888 10496 10495
f 10495 10497 12136
f 12136 10497 11604
f 10581 10580 11718
f 10581 11718 11586
f 10976 11111 12137
f 12066 11863 11961
f 11261 1324 1323
f 11727 1324 11261
f 1324 11727 1991
f 11261 11720 11727
f 10671 11617 11722
f 11316 10671 11722
f 10774 11110 10775
f 10774 11112 11110
f 10985 10984 11404
f 10594 10985 11404
f 11961 11863 12064
f 11961 12064 11255
f 12188 11959 12082
f 11959 11961 11960
f 11962 11255 10656
f 11962 11961 11255
f 10744 10926 10639
f 10744 10639 10638
f 11781 10557 10868
f 10868 10557 10559
f 11093 10559 12139
f 11093 12139 11967
f 10715 11433 10713
f 11967 11433 10715
f 10712 10714 11127
f 11123 10712 11127
f 11122 11123 11968
f 11440 11122 11968
f 12144 11971 11425
f 11445 11981 11528
f 10519 12245 11813
f 11448 11764 11449
f 12142 12144 11743
f 11981 12142 11743
f 11442 11744 11427
f 11441 11744 11442
f 11429 10722 11430
f 10900 11740 10901
f 11973 10895 10624
f 11975 11972 11428
f 11980 12246 11161
f 11161 12246 12056
f 12246 11579 11581
f 12246 11581 12056
f 11766 11990 11765
f 11766 11765 10585
f 11749 11767 10587
f 11767 10585 10587
f 11239 11528 11240
f 11240 11441 11241
f 11814 11755 11759
f 11415 11986 12147
f 12146 12151 12153
f 10753 10949 12146
f 11184 11209 11757
f 11185 11184 11414
f 11764 11451 11449
f 12149 12247 11526
f 12147 12138 11507
f 12146 10949 12151
f 11971 10891 11747
f 11970 10891 11971
f 10894 12155 11752
f 11761 10859 11762
f 11813 12245 11448
f 10968 11752 12185
f 11847 11785 12248
f 11159 10991 11160
f 11574 11156 11871
f 11574 11871 11575
f 10906 11991 10897
f 10906 10897 10896
f 10599 10598 11463
f 10598 11145 11463
f 11155 10904 12156
f 11460 11991 10906
f 11142 10986 11464
f 10986 10988 11464
f 11997 11996 11993
f 11997 11993 11151
f 11142 11464 11467
f 11152 11142 11467
f 11777 11153 11994
f 11153 11152 11994
f 11151 11993 11152
f 11993 11141 11152
f 10997 12157 10782
f 12157 10998 10782
f 11769 11465 11768
f 11465 11769 11778
f 10691 11150 11146
f 10690 11150 10691
f 11149 11780 10868
f 10784 11780 11149
f 11980 11579 12246
f 11848 11845 11849
f 10915 11312 10632
f 11312 10633 10632
f 12088 10863 10734
f 12088 10734 11313
f 10634 10520 10522
f 11733 11163 10552
f 11478 11418 11798
f 11798 11418 10926
f 11331 11654 11356
f 11654 11331 11655
f 10929 10928 12159
f 10826 11353 10636
f 12106 10825 12249
f 11343 11638 11344
f 10637 11351 10728
f 10637 11352 11351
f 12009 11799 12010
f 11345 11908 11647
f 11475 10727 11419
f 10727 10729 11419
f 12250 12251 10787
f 12102 12251 12250
f 12252 12253 11343
f 11920 11910 12163
f 11346 12011 11347
f 12011 12097 11347
f 11495 11496 10685
f 10685 11496 10588
f 12016 11791 11790
f 11792 12012 10922
f 10925 11800 11166
f 11166 11800 11167
f 11052 11730 11964
f 11729 11413 11730
f 11413 11729 11185
f 11175 11202 11731
f 11175 11731 11732
f 11793 12013 11051
f 12013 11732 11051
f 11901 11205 11502
f 11205 11901 10620
f 11181 11180 11502
f 11180 11901 11502
f 11491 11490 11168
f 11490 11169 11168
f 11803 12015 11883
f 12015 11790 11883
f 11194 11193 11391
f 10936 11373 10535
f 12254 11934 12175
f 12254 11678 11934
f 12017 10748 11295
f 12017 10746 10748
f 12255 11493 10746
f 12255 10936 11493
f 10747 11494 10748
f 10748 11494 11186
f 10862 12256 12083
f 11806 12257 11802
f 11681 12018 11293
f 12134 12018 11681
f 11295 11709 12016
f 11709 11188 12016
f 12258 12259 12260
f 12170 12174 12086
f 12261 12262 12263
f 12262 12261 12264
f 12265 12264 12258
f 12266 12267 12018
f 12268 11599 12269
f 11227 11529 10762
f 11529 10760 10762
f 10527 11818 10749
f 11818 10527 10503
f 10749 11525 10750
f 11535 11820 10502
f 11535 10502 10501
f 11518 11819 11815
f 11819 11530 11815
f 11215 11535 11216
f 11215 11531 11535
f 11835 10503 10528
f 11835 10501 10503
f 3171 3170 11516
f 10953 11817 10575
f 11817 10953 11822
f 11556 11555 12062
f 12061 11844 12270
f 11523 11219 11212
f 11219 11523 12176
f 11212 11219 11213
f 12271 12184 11509
f 11238 10759 12184
f 12272 11519 12031
f 11519 12272 11520
f 11531 11816 11535
f 11530 11816 11531
f 12027 12273 12030
f 10573 12030 12273
f 12030 10573 10575
f 10965 10765 10659
f 10763 10765 10965
f 11514 11515 12274
f 10763 12274 11515
f 12274 10763 11831
f 11862 11244 10646
f 11536 11244 11862
f 10675 11628 11630
f 11628 10675 12014
f 11630 11628 11486
f 11223 11231 11801
f 11330 11223 11801
f 11836 2305 4048
f 2305 11836 2301
f 2301 10764 2302
f 10764 2301 11836
f 11839 11857 11235
f 11237 11837 11233
f 11837 11237 11859
f 10956 11856 10957
f 10957 11856 11234
f 11234 11837 10540
f 11856 3159 3158
f 10956 3159 11856
f 3159 10956 167
f 167 10956 166
f 168 166 10956
f 11783 10991 11159
f 11783 10989 10991
f 11548 11469 12180
f 11469 12039 12180
f 12180 12039 11782
f 11548 12180 11840
f 11538 11840 11539
f 11984 11983 12154
f 12040 10778 11548
f 12040 11548 10910
f 12187 12051 12054
f 11852 11853 12057
f 10970 10776 12040
f 10910 11548 11538
f 12275 12042 10777
f 11850 12044 12276
f 12058 11852 11553
f 11851 11850 12277
f 12181 12043 11850
f 12278 3964 3963
f 3964 12278 12181
f 10641 12181 11546
f 12044 12279 12275
f 12042 12041 10777
f 12279 3136 3134
f 3136 12279 3144
f 3144 12279 12278
f 10641 3968 3967
f 3968 10641 11544
f 11544 3969 3968
f 3969 11544 11543
f 11860 12063 12059
f 11857 11543 11545
f 11857 11545 12045
f 11858 11857 12045
f 11237 11235 12046
f 11235 11858 12046
f 11839 12047 11857
f 12047 11543 11857
f 3972 3971 12047
f 11854 12053 12280
f 11551 11855 10518
f 12150 10519 11813
f 12281 11550 11549
f 11860 12059 11843
f 11213 10759 11238
f 12179 11984 10571
f 12282 12283 10571
f 12186 11161 11982
f 11841 12186 12178
f 11844 12284 12270
f 12285 12024 12281
f 11555 11844 12061
f 12062 12061 12270
f 11859 10540 11837
f 10540 11859 10538
f 11859 11860 10538
f 12026 11508 11861
f 10945 11508 12026
f 11034 5459 5461
f 5459 11034 11033
f 12069 10781 11865
f 11875 12080 12068
f 11274 11877 11275
f 11559 11957 12188
f 10779 11563 10780
f 12082 11960 11593
f 11877 10654 11957
f 11276 11275 11558
f 12080 12286 12068
f 11866 3988 11284
f 3988 11866 3989
f 12071 10781 12069
f 12068 12071 12069
f 12189 11561 11592
f 11285 11561 12189
f 4012 4013 10510
f 4002 4001 10993
f 4016 4018 11576
f 12192 12190 11848
f 12075 4028 4027
f 4028 12075 12287
f 12035 11541 11540
f 12193 11846 11845
f 12076 12158 11848
f 4037 4036 12192
f 12037 12192 12191
f 12037 12191 10989
f 12193 11573 11846
f 11846 11573 11575
f 11872 11267 11870
f 12073 11872 11870
f 11268 11577 11269
f 11572 11577 11268
f 12194 10509 11271
f 11576 12194 11271
f 11725 10768 11582
f 11725 10766 10768
f 10766 3150 12195
f 3150 10766 3151
f 12195 11277 10766
f 3977 3976 11582
f 10652 11411 12067
f 11411 10976 12067
f 10871 11104 10981
f 10981 11104 11105
f 3986 11285 3987
f 12081 11584 11876
f 12081 3979 11584
f 3979 12081 3980
f 3985 3984 11285
f 11802 12015 11803
f 12257 12015 11802
f 11806 12002 12257
f 12023 11682 11806
f 10623 10622 12198
f 10862 10732 10863
f 11889 11011 11012
f 11889 11012 11310
f 11305 11311 12087
f 12288 10863 12088
f 10862 12083 10732
f 12084 12256 10862
f 6032 6034 11888
f 11298 5794 11716
f 5794 11298 5795
f 5793 5792 11716
f 12289 11891 11890
f 11891 12289 12199
f 11610 11305 11892
f 11892 11305 11117
f 4737 4738 11706
f 11614 11595 11027
f 12090 11616 11323
f 11616 11620 11323
f 11329 11328 11618
f 10671 11329 11618
f 11102 6000 11625
f 6000 11102 5998
f 10865 10542 11301
f 10865 11894 10542
f 6008 6010 10542
f 10544 10543 11882
f 10543 11300 11882
f 10954 11630 11629
f 11630 10954 10675
f 12160 11355 11353
f 12160 11654 11355
f 12159 12160 10826
f 10825 10929 12159
f 11905 12091 11907
f 11907 12091 10813
f 12093 11033 11040
f 3166 12093 3165
f 12093 3166 11033
f 12094 190 191
f 190 12094 12096
f 12096 189 188
f 189 12096 4692
f 11908 12290 11909
f 12291 12106 12249
f 10788 12164 10789
f 10789 12164 12165
f 11640 11906 10827
f 11906 11907 10827
f 10577 11903 10755
f 11903 11636 10755
f 10730 11342 11789
f 10730 11789 10731
f 11359 11914 11649
f 12206 12102 11650
f 11915 10791 11664
f 12206 12101 12102
f 11879 12100 12206
f 11664 11358 11663
f 11914 11650 11649
f 12204 12205 12105
f 11031 12205 12203
f 12205 11031 12005
f 4982 4983 11642
f 11642 4979 10672
f 4979 11642 4983
f 12011 12098 12097
f 10672 12098 12011
f 11348 11347 11921
f 11796 11797 11921
f 11029 12103 11048
f 11055 12103 11029
f 11341 12208 11171
f 11645 11916 11646
f 12249 10825 10824
f 11638 12249 12290
f 11648 11647 12162
f 12292 11343 11345
f 12293 12291 11638
f 11919 12210 11920
f 10605 11350 12104
f 10605 12104 10821
f 11350 12253 12252
f 11350 12252 11645
f 11925 10791 11915
f 11925 10790 10791
f 11362 11058 11363
f 11362 11291 11058
f 11357 11362 11361
f 11357 11291 11362
f 11375 11667 11368
f 11932 10839 10838
f 10592 10837 11375
f 10500 11932 10838
f 12294 10498 10500
f 11073 10838 11608
f 10498 11375 10499
f 11927 12295 12115
f 12295 11927 11926
f 11075 11937 10608
f 11937 11075 11668
f 11063 11340 11042
f 10833 11063 11042
f 11676 11933 10941
f 11933 11044 10941
f 12218 11395 11193
f 11679 11192 11194
f 11710 11675 11392
f 11392 11675 11677
f 11078 5335 5336
f 12225 5338 4697
f 12225 4697 4699
f 5338 12225 12296
f 12222 10489 10841
f 10489 4714 4715
f 4714 10489 12222
f 11700 12233 12224
f 4706 4707 11936
f 4757 4758 11087
f 4745 4746 11084
f 10607 4723 4724
f 4723 10607 12223
f 11684 10607 10606
f 11684 10606 11688
f 12133 11390 10836
f 11686 12237 11708
f 12116 11940 12114
f 11940 11688 11687
f 12121 11378 12228
f 12121 11382 11378
f 10796 12125 11702
f 11702 11938 11703
f 12125 10843 12126
f 10796 11702 10797
f 11699 11701 12234
f 12219 5933 5938
f 12231 5933 12219
f 5933 12231 5944
f 12219 12221 12231
f 12297 12235 11696
f 12120 12119 11699
f 5802 5803 12119
f 4739 4740 11387
f 11083 4726 4727
f 4726 11083 10607
f 4739 11706 4738
f 11706 4739 11387
f 4756 4757 11087
f 11087 12132 10664
f 11707 4762 11088
f 4762 11707 4760
f 11945 11666 11287
f 12236 10844 10846
f 11089 11662 11066
f 11385 11945 11287
f 11662 12236 11366
f 11288 12236 11662
f 12237 12133 10836
f 12133 4732 4733
f 4732 12133 12237
f 10547 11386 10609
f 10546 11386 10547
f 11928 10591 12294
f 10611 11671 11673
f 11388 11085 10609
f 11388 10493 11085
f 5877 5876 12298
f 12298 5782 5877
f 5782 12298 5781
f 10797 5931 10795
f 5931 10797 5932
f 10799 10801 12127
f 12231 12221 12232
f 12127 5930 5929
f 5930 12127 10795
f 11951 5925 11680
f 5925 11951 5926
f 11680 10797 11951
f 12298 5874 11951
f 5874 12298 5876
f 12299 12238 11948
f 12300 12301 12302
f 5841 12303 5842
f 12304 12262 12305
f 12306 5908 10689
f 5908 12306 5909
f 11010 11604 11606
f 11604 11010 11954
f 10707 11611 11613
f 6044 6040 11605
f 5701 5700 12307
f 10654 10653 11958
f 11957 10654 11958
f 12064 10872 11279
f 12064 10870 10872
f 11250 11967 10715
f 12139 11966 11434
f 10559 11966 12139
f 11968 12140 10900
f 10900 12140 11740
f 11528 11981 11441
f 12142 11969 12144
f 12308 11445 11527
f 11527 11445 11528
f 11446 11762 11447
f 11445 11444 12142
f 11987 12309 10568
f 11427 11453 12152
f 10949 11988 11987
f 11442 11427 12310
f 11976 11423 11422
f 10628 11438 11423
f 10628 11423 11976
f 10629 10628 11976
f 11973 10624 10722
f 11976 11422 11972
f 11429 11973 10722
f 11428 11973 11429
f 11581 11749 10892
f 12056 11581 10892
f 11784 11766 11979
f 11784 11979 11580
f 10949 10948 11988
f 10948 11239 11241
f 11759 10751 12146
f 11755 10751 11759
f 11964 12147 10644
f 12147 11964 11415
f 10572 12185 12308
f 11526 12308 11527
f 12152 11129 11208
f 12310 11427 12311
f 11209 11211 11757
f 11986 12148 12147
f 11989 12310 12311
f 12138 11130 10884
f 12155 11458 11446
f 11762 10718 12048
f 11457 11450 11458
f 10893 11450 11457
f 10968 11751 11752
f 12155 11446 11443
f 12154 11750 10968
f 11983 12056 11750
f 10990 12248 11980
f 11980 12248 11579
f 11770 12156 12077
f 12077 12156 10906
f 11282 12312 11141
f 12070 11249 10986
f 11992 11282 11141
f 11282 12070 12312
f 11264 11995 11996
f 11264 11996 11997
f 10990 11869 12248
f 11869 11847 12248
f 11733 10522 11163
f 10522 10521 11163
f 11356 10928 10930
f 10928 11356 11654
f 12200 10929 12202
f 10929 12200 10829
f 12165 11639 12313
f 10636 11353 11795
f 12161 10826 10636
f 12009 12162 11799
f 12162 11909 11799
f 12314 10787 10789
f 11651 12314 11031
f 11651 10787 12314
f 10787 11348 10788
f 10788 11921 12164
f 11338 10630 11495
f 11187 11338 11495
f 12019 11187 10685
f 11188 11187 12019
f 11791 12012 11792
f 11791 11188 12012
f 11488 10620 11901
f 10620 11488 10618
f 12021 12016 12015
f 12021 11295 12016
f 11194 11391 11374
f 12239 11609 12315
f 11607 11609 12239
f 12316 12317 12174
f 10937 10936 12255
f 10937 12255 10746
f 12318 12199 12289
f 12199 12318 11597
f 12319 5702 12307
f 12319 5703 5702
f 5703 12319 5898
f 12320 12321 12306
f 12322 12263 12262
f 12323 11607 12238
f 12267 12173 12018
f 12173 11947 12018
f 12261 11948 12264
f 12264 12305 12262
f 12305 12264 12265
f 11525 11212 10750
f 10750 11212 10760
f 11820 12030 10502
f 11816 12030 11820
f 11819 11557 11521
f 11557 11519 11521
f 5195 5194 11245
f 11246 5194 5193
f 5194 11246 11245
f 11829 11753 10758
f 10757 11829 10758
f 12270 12284 11753
f 12324 12285 12281
f 11238 12271 11214
f 11214 12271 11509
f 12272 12325 11520
f 11520 12325 12177
f 12014 11487 11628
f 11487 12014 11634
f 11232 11236 11233
f 10955 169 165
f 169 10955 12034
f 12034 10955 11242
f 10991 11980 11160
f 10991 10990 11980
f 11542 12038 11783
f 12038 10989 11783
f 12036 11542 11783
f 12039 11542 12036
f 12178 12186 11982
f 12178 11982 12179
f 11553 11852 12049
f 11553 12049 11554
f 11853 10909 10911
f 10910 11538 11537
f 10969 10970 10909
f 10909 10970 10910
f 12057 11853 10911
f 11853 10969 10909
f 12042 4046 4045
f 4046 12042 12326
f 12278 12279 12044
f 12276 10776 10969
f 12326 12042 12275
f 3134 3133 12279
f 4045 4044 12042
f 12181 12278 12043
f 3963 3962 12278
f 12326 3135 4046
f 3135 12326 3133
f 3133 12326 12279
f 12043 12278 12044
f 12046 12045 12063
f 12046 12063 11860
f 12045 11851 12058
f 12045 12058 12063
f 11510 12150 12145
f 12145 12150 11756
f 12245 11764 11448
f 10518 12141 10519
f 12184 12327 10950
f 11213 10757 10759
f 11854 12280 11855
f 10571 10967 10572
f 12328 12285 11753
f 12055 12053 11854
f 10570 10572 12247
f 10571 11984 10967
f 10951 11549 10518
f 11549 11551 10518
f 12329 12050 12025
f 11550 12054 11854
f 11035 11034 11833
f 5463 11034 5461
f 11034 5463 10971
f 12188 11957 11959
f 10653 12067 11958
f 11563 12082 10780
f 10780 12065 10781
f 11560 12188 11563
f 11560 11559 12188
f 11773 11592 11562
f 11866 11284 11774
f 11864 10654 11877
f 11876 11864 11877
f 12080 11774 12286
f 11284 11285 11773
f 11866 11774 12080
f 12080 3990 11866
f 3990 12080 3991
f 11774 10779 12286
f 11774 11562 10779
f 11875 12068 11281
f 11281 12068 12070
f 12286 10779 12071
f 12286 12071 12068
f 4032 4031 12074
f 4031 4030 12074
f 11541 12000 11542
f 12000 12037 11542
f 11849 11845 10990
f 11845 11869 10990
f 12076 12193 12158
f 12076 12074 12193
f 11582 3975 11725
f 3975 11582 3976
f 3974 11725 3975
f 12083 12197 11806
f 12197 12023 11806
f 10621 10623 11012
f 11305 12087 11306
f 11492 12198 12288
f 10623 12198 11492
f 12198 10861 12288
f 12288 10861 10863
f 12087 12288 12088
f 11492 12288 12087
f 12198 12085 10862
f 12085 12084 10862
f 12256 12196 12083
f 12084 12196 12256
f 5797 5796 11299
f 11890 5790 12289
f 5790 11890 5791
f 11013 11626 11627
f 11626 11013 11001
f 11626 11026 11627
f 11324 12090 11621
f 11621 12090 10554
f 10770 11301 10544
f 11301 10770 11022
f 6000 6002 11625
f 11625 6004 11894
f 6004 11625 6002
f 6012 6014 10543
f 12092 11336 10813
f 12092 10754 11336
f 5464 5465 12098
f 11036 5465 5198
f 11036 5198 5197
f 5465 11036 12098
f 188 190 12096
f 4692 11037 4690
f 11037 4692 12096
f 11037 5199 4691
f 11037 4691 4690
f 5199 11037 11036
f 12202 10929 12106
f 12105 12330 11911
f 12313 11639 12200
f 12007 12201 12331
f 11879 5603 11881
f 5603 11879 5602
f 5603 5599 11881
f 11881 11641 11879
f 12100 11642 12101
f 11641 11642 12100
f 12107 11651 12203
f 11914 11913 11650
f 11913 12206 11650
f 11358 11914 11359
f 12110 12111 11358
f 11917 12207 11172
f 11916 12207 11917
f 12208 11646 11171
f 10823 11646 12208
f 12290 12161 11909
f 12290 10824 12161
f 11920 12210 12105
f 12210 12204 12105
f 11657 11920 12004
f 10678 11657 12004
f 11910 12105 11911
f 11638 12291 12249
f 12331 12106 12291
f 11350 11922 12253
f 11922 12163 12253
f 11916 12292 11345
f 12252 11343 12292
f 11927 12332 11928
f 10839 11069 10840
f 11069 11071 11372
f 12215 11370 12217
f 12130 11072 11074
f 12130 11928 11072
f 12116 12114 11943
f 12114 12115 11943
f 11372 12218 11192
f 11679 11372 11192
f 11808 10688 12118
f 11394 10688 11808
f 11697 11079 12128
f 11697 12235 11079
f 11701 11700 12224
f 12220 12234 12221
f 10841 10489 10842
f 10489 10488 10842
f 11379 12222 10841
f 12222 4712 4713
f 4712 12222 11379
f 12225 4700 4701
f 11693 11380 12121
f 11380 11382 12121
f 12225 4699 4700
f 11936 4705 4706
f 4705 11936 11380
f 11078 5336 5337
f 4724 4725 10607
f 4725 4726 10607
f 4750 11384 4749
f 11384 4750 10851
f 10842 12124 10843
f 10843 12230 12229
f 12229 11694 11938
f 10843 12124 12230
f 12227 11935 12125
f 12227 12125 10796
f 12234 11693 12333
f 12234 12333 12221
f 11079 3589 5332
f 3589 11079 3588
f 12219 5936 12120
f 5936 12219 5937
f 5937 12219 5938
f 12235 3586 3587
f 5896 3581 3583
f 3581 5896 5897
f 11288 11287 12236
f 11287 10844 12236
f 11390 4735 4736
f 4735 11390 12133
f 4734 4735 12133
f 11082 4727 4728
f 4727 11082 11083
f 11369 11370 12215
f 10545 10547 11370
f 11926 11928 12129
f 12299 12334 12238
f 11943 12115 12295
f 11943 12295 12216
f 11953 12131 12335
f 11944 11943 12213
f 12221 10800 10799
f 12221 10799 12232
f 5924 11680 5925
f 5930 10795 5931
f 11951 5875 5926
f 5875 11951 5874
f 12299 12263 12336
f 12263 12299 12261
f 12131 11944 12212
f 12268 12269 12084
f 12289 5789 5901
f 5789 12289 5790
f 5841 5840 12303
f 11146 11147 10855
f 11147 11250 10855
f 10712 10853 10715
f 10853 10712 10856
f 10853 11250 10715
f 12140 11123 11128
f 11968 11123 12140
f 11241 12310 11989
f 11241 11442 12310
f 10898 11745 10889
f 10901 10627 10629
f 11734 12143 10628
f 10627 11734 10628
f 11422 10614 11973
f 11972 11422 11973
f 11988 11241 11989
f 10948 11241 11988
f 11764 11526 11451
f 11451 11526 11528
f 12280 12337 11855
f 12247 12308 11526
f 12153 12151 10567
f 12151 11987 10567
f 11414 11758 11986
f 11414 11986 11415
f 12309 12311 10568
f 12311 11208 10568
f 11184 11757 11414
f 11414 11757 11758
f 12311 12152 11208
f 11427 12152 12311
f 11450 11761 11458
f 11458 11761 11762
f 11447 11969 12142
f 11447 11970 11969
f 12185 11752 12308
f 11752 12155 12338
f 12338 11443 11445
f 12155 11443 12338
f 11982 11161 11983
f 12179 11982 11984
f 10967 11984 10968
f 11984 12154 10968
f 12312 10986 11141
f 12312 12070 10986
f 12248 11580 11579
f 12248 11785 11580
f 4034 4033 12076
f 12314 10789 11031
f 11032 10789 12313
f 12161 10636 11909
f 11909 10636 10635
f 12207 11345 11648
f 12207 11648 11172
f 12102 11346 12251
f 11650 12102 12250
f 11650 12250 11651
f 12250 10787 11651
f 11347 11038 11796
f 11347 11796 11921
f 12251 11346 11348
f 12251 11348 10787
f 12257 12002 12015
f 12002 12021 12015
f 10935 12175 10936
f 12175 11373 10936
f 11934 11194 12175
f 12175 11194 11373
f 11074 11073 11608
f 11074 11608 11607
f 12302 12301 12336
f 12238 12239 11948
f 12339 12168 12170
f 11950 11949 12339
f 11597 11599 12268
f 12259 11950 12340
f 5910 5907 12341
f 12303 12341 12322
f 12340 12170 12267
f 12267 12086 12173
f 11226 10750 11227
f 10750 11529 11227
f 12342 11556 12062
f 11556 12342 11823
f 12342 12062 12343
f 11238 12184 12271
f 12184 10950 11509
f 11840 11841 12178
f 11539 11840 12178
f 12283 12179 10571
f 12283 11539 12179
f 11537 11539 12052
f 12051 12344 12052
f 10911 10910 12344
f 10911 12344 12051
f 12041 11541 12035
f 10777 12041 12035
f 12044 12275 12276
f 12279 12326 12275
f 12277 11850 10969
f 11850 12276 10969
f 12278 3146 3145
f 3146 12278 3962
f 3145 3144 12278
f 3966 3965 10641
f 12181 3965 3964
f 3965 12181 10641
f 10519 12183 12245
f 10517 10519 12150
f 12245 12183 11764
f 12183 11763 11764
f 11754 12327 12184
f 10758 11754 12184
f 11509 12345 11510
f 12345 12150 11510
f 12053 12283 12282
f 12282 10571 12337
f 11550 11854 11551
f 12054 12055 11854
f 11554 12050 12329
f 12024 11550 12281
f 11754 12281 12327
f 12281 11549 10951
f 11843 12060 12328
f 12324 12281 11754
f 11844 11843 12284
f 12270 11753 11829
f 11959 11958 11961
f 11958 12066 11961
f 12065 11593 10995
f 12065 12082 11593
f 11558 11877 11559
f 11559 11877 11957
f 12000 11999 12037
f 12346 12192 12037
f 11336 10662 10661
f 10756 10662 11336
f 10578 10754 12091
f 10576 10578 12091
f 4984 4985 10672
f 11038 12099 11797
f 11797 12099 10576
f 12006 12201 12007
f 12331 12201 12106
f 10789 12165 12313
f 12313 12006 11032
f 12006 12313 12201
f 5600 5597 11333
f 5597 5596 11333
f 5602 11878 5601
f 11878 5602 11879
f 11360 11359 11649
f 12107 11649 11651
f 11060 11665 11918
f 12105 12205 12005
f 12203 11651 11031
f 11913 11879 12206
f 11880 11879 11913
f 11358 12111 11914
f 12111 11880 11914
f 11918 12211 12209
f 12252 12292 11916
f 11645 12252 11916
f 11646 11917 11171
f 11171 11917 11172
f 11638 12290 11908
f 12249 10824 12290
f 11911 12007 12293
f 12163 11910 11912
f 12105 12005 12330
f 11912 11911 11637
f 12163 11912 12253
f 12293 12007 12291
f 11372 11071 12218
f 12218 11071 11395
f 12217 11070 11069
f 12217 11370 11070
f 11369 10545 11370
f 11667 10545 11369
f 10592 11375 10498
f 10591 10498 12294
f 12347 12129 12348
f 12306 12302 12322
f 11808 12118 11675
f 12118 11930 11675
f 11079 5332 5333
f 5337 12296 11078
f 12296 5337 5338
f 12122 12123 12349
f 12128 11078 12296
f 12128 11079 11078
f 12224 11941 12234
f 12234 11941 11693
f 11379 4709 4710
f 4709 11379 11381
f 12350 12128 12296
f 12350 12296 11700
f 12224 12226 11692
f 12226 4701 4702
f 4701 12226 12225
f 11695 11940 12116
f 11691 11940 11695
f 12230 11377 12351
f 12230 12351 11694
f 11935 10843 12125
f 11935 10841 10843
f 10800 12121 12227
f 10800 12227 10801
f 12221 12333 10800
f 12333 11693 10800
f 11696 5771 12297
f 5771 11696 5770
f 12349 12350 11700
f 12352 11700 11699
f 5935 12120 5936
f 11699 12220 12219
f 12120 11699 12219
f 12123 5768 11696
f 5768 12123 5769
f 5770 11696 5768
f 11082 11686 11075
f 11686 4728 4729
f 4728 11686 11082
f 12261 12299 11948
f 12335 12131 12212
f 12321 12214 12300
f 12321 12300 12302
f 11944 12213 12212
f 12212 12214 12321
f 12298 12320 10689
f 5927 12127 5929
f 12232 5928 5946
f 12127 5928 12232
f 5928 12127 5927
f 5784 5783 10689
f 10689 5781 12298
f 5781 10689 5783
f 12303 12353 12304
f 12022 5699 5698
f 5699 12022 12307
f 12289 5900 12318
f 5900 12289 5901
f 12199 11597 12268
f 12243 12172 12171
f 12354 12260 12242
f 12166 5696 5838
f 12166 5697 5696
f 5697 12166 12022
f 12166 12304 12167
f 5900 5899 12318
f 5701 12307 5702
f 11745 10901 10629
f 11748 10901 11745
f 12182 12149 12183
f 12183 12149 11763
f 11211 12146 12153
f 11211 12153 11758
f 12355 11131 11130
f 12148 12138 12147
f 11989 12311 12309
f 11987 11989 12309
f 11443 11447 11444
f 11444 11447 12142
f 11752 12338 12308
f 12308 12338 11445
f 11172 11648 12009
f 11648 12162 12009
f 11609 12356 12315
f 12315 12356 12316
f 11608 10838 12240
f 12240 11678 12356
f 12334 12348 12323
f 12129 12130 12348
f 12239 12315 12168
f 11949 12168 12339
f 12357 12267 12266
f 12172 12134 12023
f 12357 12266 12134
f 12259 12340 12357
f 11599 12241 12269
f 12358 12265 12258
f 12062 12270 11829
f 11830 12062 11829
f 12062 11830 12343
f 12052 12283 12053
f 12052 11539 12283
f 12344 11537 12052
f 12344 10910 11537
f 12276 12275 10776
f 12275 10777 10776
f 11851 12277 11852
f 12277 10969 11852
f 10952 10518 10517
f 10951 10518 10952
f 12141 12183 10519
f 12141 11855 12183
f 12187 10911 12051
f 12050 10911 12187
f 11552 11554 12329
f 12060 11552 12329
f 12284 12328 11753
f 12284 11843 12328
f 11753 12285 12324
f 11753 12324 11754
f 12287 4043 4042
f 4043 12287 12041
f 11999 4025 4041
f 4025 11999 12075
f 12099 11037 12095
f 12099 12095 10576
f 12007 12331 12291
f 12200 12201 12313
f 12201 12200 12202
f 11032 12005 11031
f 12005 11032 12006
f 11594 11334 12111
f 11334 11880 12111
f 11878 5596 5601
f 5596 11878 11333
f 11333 11878 11880
f 12209 12211 12210
f 12211 12204 12210
f 10602 11918 11919
f 11918 12209 11919
f 11911 12330 12007
f 12330 12005 12007
f 12253 11912 11637
f 12253 11637 11343
f 11070 11673 11071
f 11070 10611 11673
f 10500 10499 11932
f 11368 11667 11369
f 12113 10592 12332
f 11927 12113 12332
f 12294 10500 11073
f 11073 10500 10838
f 10499 12215 10839
f 10499 11369 12215
f 11926 12216 12295
f 12216 11926 12129
f 11072 12294 11073
f 11928 12294 11072
f 4710 4711 11379
f 4711 4712 11379
f 11380 11936 11381
f 11381 4708 4709
f 4708 11381 11936
f 12233 12296 12225
f 11700 12296 12233
f 12126 12229 11702
f 11702 12229 11938
f 12351 11691 11694
f 12351 11377 11691
f 12123 11696 11698
f 11696 12235 11697
f 12300 12214 12301
f 12347 12301 12359
f 12301 12347 12334
f 10689 12320 12306
f 12334 12336 12301
f 12336 12334 12299
f 12341 5839 5910
f 12303 5839 12341
f 5839 12303 5840
f 5700 5699 12307
f 12360 12358 12354
f 12241 12243 12269
f 12199 12268 10622
f 10622 12268 12084
f 12084 12269 12196
f 12269 12171 12196
f 12303 12322 12353
f 12304 5842 12303
f 5842 12304 5843
f 12247 10572 12308
f 12149 10570 12247
f 12337 10571 10570
f 12337 10570 12182
f 10568 11208 10569
f 11986 11985 12148
f 11985 10567 10569
f 11985 10569 12148
f 4038 4037 12192
f 12169 12174 12170
f 12317 12254 12175
f 12356 11678 12254
f 12316 12356 12317
f 12347 12348 12334
f 12334 12323 12238
f 11949 12239 12168
f 11948 12239 11949
f 12170 12086 12267
f 12317 12175 12174
f 12260 12259 12357
f 12266 12018 12134
f 12340 12267 12357
f 12258 11950 12259
f 12264 11948 12361
f 12264 12361 12258
f 11509 10952 12345
f 12345 10952 12150
f 12285 12025 12024
f 12329 12025 12285
f 12328 12329 12285
f 12060 12329 12328
f 12287 12075 12041
f 4042 4028 12287
f 4041 4040 11999
f 11999 12346 12037
f 11918 11665 12211
f 11360 11665 11663
f 11665 11360 12211
f 11911 12293 11637
f 11637 12293 11638
f 12332 10592 10591
f 12332 10591 11928
f 12323 12348 11607
f 11692 4702 4703
f 4702 11692 12226
f 4703 4704 11692
f 12123 5767 5769
f 5767 12123 5805
f 12122 5803 5804
f 5803 12122 12119
f 12349 12128 12350
f 5897 3582 3581
f 3585 12297 3584
f 12297 3585 12235
f 12214 12216 12359
f 12214 12359 12301
f 12298 12362 12335
f 12362 11953 12335
f 12335 12212 12321
f 12306 12321 12302
f 12302 12336 12322
f 12322 12336 12263
f 12166 5837 12304
f 5837 12166 5838
f 5836 12304 5837
f 12304 5836 5843
f 12265 12167 12305
f 12167 12265 12358
f 12318 5898 12319
f 5898 12318 5899
f 12354 12363 12260
f 12363 12258 12260
f 12241 12354 12242
f 12269 12243 12171
f 12304 12305 12167
f 12304 12353 12262
f 12353 12322 12262
f 12182 10570 12149
f 11855 12337 12182
f 10569 11130 12138
f 11758 10567 11985
f 12355 10525 11131
f 11208 10525 12355
f 12169 12316 12174
f 12356 12254 12317
f 11608 12240 12356
f 11609 11608 12356
f 12086 12174 10937
f 12174 10935 10937
f 12243 12242 12172
f 12172 12357 12134
f 12361 11950 12258
f 12361 11948 11950
f 12327 12281 10951
f 12327 10951 10950
f 12025 12054 11550
f 12025 12050 12054
f 12348 11074 11607
f 12348 12130 11074
f 12122 12349 12119
f 12352 12349 11700
f 3585 3586 12235
f 12129 12359 12216
f 12359 12129 12347
f 11951 11953 12362
f 11951 12362 12298
f 12320 12335 12321
f 12298 12335 12320
f 12341 5909 12306
f 5909 12341 5907
f 12341 12306 12322
f 12358 12364 12167
f 12364 12358 12360
f 12307 12022 12319
f 12318 11598 11597
f 11598 12318 12319
f 12022 12167 12364
f 11598 12360 12354
f 12358 12363 12354
f 12358 12258 12363
f 12242 12357 12172
f 12260 12357 12242
f 11598 12354 12241
f 11598 12241 11599
f 12053 12282 12337
f 12280 12053 12337
f 10569 12355 11130
f 11208 12355 10569
f 12315 12316 12169
f 12168 12315 12169
f 12339 12170 12340
f 11950 12339 12340
f 4027 4026 12075
f 4026 4025 12075
f 12190 4036 4035
f 4036 12190 12192
f 12076 4035 4034
f 4035 12076 12190
f 12346 4040 4039
f 4040 12346 11999
f 12192 4039 4038
f 4039 12192 12346
f 12119 12349 12352
f 12119 12352 11699
f 12123 11698 12349
f 11698 12128 12349
f 12297 3583 3584
f 3583 5773 5896
f 3583 12297 5773
f 5773 12297 5772
f 5772 12297 5771
f 12022 12364 12319
f 12364 11598 12319
f 11598 12364 12360
f 12365 12366 12367
f 12366 12365 12368
f 12369 12370 12371
f 12370 12369 12372
f 12373 12372 12369
f 12372 12373 12374
f 1722 12375 4079
f 1721 12375 1722
f 12375 1721 2414
f 12376 12374 12373
f 12374 12376 12377
f 12378 11220 11222
f 12378 11222 12176
f 12378 12176 11523
f 12378 11523 11522
f 11220 12378 12379
f 12031 2312 1622
f 2312 12031 2313
f 1622 12272 12031
f 12375 1622 1621
f 12365 1622 12380
f 1622 12365 12272
f 12375 1621 4079
f 1622 12375 12380
f 12272 12365 12325
f 12325 12365 12177
f 12367 12177 12365
f 12177 12367 12029
f 12376 12029 12367
f 12373 12029 12376
f 12029 12373 12027
f 12027 12373 12273
f 12369 12273 12373
f 12273 12369 10573
f 12371 10573 12369
f 10573 12371 10574
f 10574 12371 10953
f 12381 10953 12371
f 10953 12381 11822
f 12382 11822 12381
f 11822 12382 11821
f 12367 12377 12376
f 12377 12367 12366
f 12383 11522 11524
f 12382 11524 11821
f 11524 12382 12383
f 11522 12383 12378
f 2414 12384 12380
f 2414 12380 12375
f 12384 2414 2412
f 11828 12385 11826
f 12379 11828 11547
f 12379 11547 11221
f 12379 11221 11220
f 11828 12379 12385
f 12380 12368 12365
f 12368 12380 12384
f 11827 11826 12385
f 11514 2316 4689
f 2315 11514 12274
f 11514 2315 2316
f 11831 2315 12274
f 10964 2315 11831
f 12377 2315 10964
f 2315 12377 1696
f 12377 10964 10966
f 12366 1696 12377
f 12374 10966 12032
f 12384 1697 12368
f 12372 12032 12033
f 2413 12384 2412
f 12372 12033 10658
f 12370 10658 10660
f 1697 12384 2413
f 12386 10660 10944
f 1697 12366 12368
f 12383 10944 11824
f 1696 12366 1697
f 10966 12374 12377
f 12378 11824 11823
f 12032 12372 12374
f 12379 11823 12342
f 10658 12370 12372
f 10660 12386 12370
f 12379 12342 12343
f 10944 12383 12386
f 11824 12378 12383
f 11823 12379 12378
f 12385 12343 11830
f 12385 11830 11827
f 12343 12385 12379
f 12381 12383 12382
f 12383 12381 12386
f 12371 12386 12381
f 12386 12371 12370
f 222 44 2596
f 12387 44 222
f 44 4199 42
f 44 12387 4199
f 4199 12387 12388
f 12389 4108 12390
f 4108 12389 2472
f 2472 12389 2470
f 2470 12389 4803
f 4803 12389 4107
f 4107 12389 4106
f 12391 4106 12389
f 4106 12391 1272
f 1272 12391 1273
f 2467 1273 12391
f 1273 2467 4109
f 2467 12391 2468
f 2468 12391 3280
f 12390 4800 12392
f 2671 4800 12390
f 4800 2671 2672
f 2671 12390 1752
f 1752 12390 1753
f 1753 12390 4108
f 4883 2462 2464
f 3276 2462 4883
f 3275 2462 3276
f 1 2462 3275
f 3 2462 1
f 12393 3 8
f 12393 8 764
f 12393 764 4212
f 12393 4212 1076
f 2539 1076 1078
f 2539 1078 4213
f 2539 4213 2540
f 12393 1076 2539
f 12393 2539 12394
f 3 12393 2462
f 12392 2677 12395
f 2677 12392 2678
f 2678 12392 877
f 877 12392 878
f 878 12392 1930
f 1930 12392 4800
f 1476 893 895
f 12396 893 1476
f 893 282 1470
f 893 12396 282
f 282 12396 281
f 281 12396 4429
f 1474 4429 12396
f 4429 1474 1475
f 1474 12396 2882
f 2882 12396 1187
f 1187 12396 1185
f 1185 12396 2878
f 12397 1891 12398
f 1891 12397 1893
f 5219 1258 1257
f 5218 1258 5219
f 5218 3378 1258
f 12399 3378 5218
f 3378 12399 3379
f 3379 12399 12400
f 12401 371 12402
f 371 12401 374
f 2990 2972 2974
f 2990 1455 2972
f 2130 2990 3750
f 2990 2130 1455
f 487 1455 2130
f 1455 487 486
f 4506 2130 2128
f 4505 2130 4506
f 5404 2130 4505
f 487 1443 2985
f 2130 5404 487
f 487 1442 1443
f 4509 487 5404
f 487 4509 1442
f 5405 4509 5404
f 4509 5405 4508
f 12388 2579 4199
f 2579 4194 2580
f 2579 12388 4194
f 4194 12388 12403
f 12404 1896 12405
f 1896 12404 762
f 762 12404 763
f 763 12404 1235
f 1235 12404 2647
f 2647 12404 1252
f 1252 12404 1251
f 4102 3284 4806
f 4099 3284 4102
f 4099 3285 3284
f 4099 4812 3285
f 4099 2649 4812
f 4099 2651 2649
f 4099 4881 2651
f 12406 4881 4099
f 4881 12406 4855
f 4855 12406 4856
f 4856 12406 4804
f 4804 12406 4805
f 4805 12406 5246
f 5246 12406 3295
f 3295 12406 3293
f 3293 12406 12407
f 12403 1158 4194
f 1158 2581 1156
f 1158 12403 2581
f 2581 12403 5124
f 5124 12403 12408
f 12409 3280 12391
f 3280 12409 3281
f 3281 12409 4801
f 4801 12409 4802
f 4802 12409 4220
f 4220 12409 1917
f 1917 12409 1918
f 12395 1427 12410
f 1427 12395 272
f 272 12395 275
f 275 12395 2677
f 12411 2121 12412
f 2121 12411 2119
f 3800 2119 12411
f 2119 3800 2997
f 3800 12411 3802
f 5122 3802 12411
f 3802 5122 5112
f 5112 5122 5121
f 2664 5221 5220
f 4114 2664 2663
f 2664 4114 5221
f 2663 4115 4114
f 12413 4115 2663
f 4115 12413 5218
f 5218 12413 12399
f 12414 1251 12404
f 1251 12414 1253
f 1253 12414 2639
f 2639 12414 2643
f 2643 12414 2655
f 2655 12414 4876
f 4876 12414 4878
f 4217 3443 3442
f 4217 222 3443
f 12415 222 4217
f 222 12415 12387
f 12416 3419 12417
f 3419 12416 1243
f 1243 12416 1247
f 1247 12416 3707
f 12412 2126 12418
f 2965 2126 12412
f 2126 2965 2127
f 3796 2965 12412
f 2965 3796 2964
f 2121 3796 12412
f 3796 2121 2122
f 12402 1893 12397
f 1893 12402 373
f 373 12402 371
f 12410 2598 12419
f 2598 12410 2599
f 2599 12410 255
f 255 12410 253
f 1426 253 12410
f 253 1426 4218
f 1426 12410 1427
f 518 904 519
f 12420 904 518
f 904 522 524
f 904 12420 522
f 522 12420 1476
f 1476 12420 12396
f 3379 5269 3380
f 12400 5269 3379
f 5269 12400 12421
f 4163 3290 3287
f 3434 3290 4163
f 3434 5267 3290
f 3433 5267 3434
f 3433 4852 5267
f 3433 4162 4852
f 4104 4162 3433
f 4136 4162 4104
f 4136 4101 4162
f 4137 4101 4136
f 4137 4099 4101
f 4103 4099 4137
f 113 4099 4103
f 115 4099 113
f 2465 4099 115
f 12393 2465 2462
f 2465 12393 4099
f 4099 12393 12406
f 3814 12391 12389
f 3814 12389 12390
f 12391 3814 12409
f 3814 12390 12392
f 12409 3814 12422
f 3814 12392 12395
f 12422 3814 12405
f 3814 12395 12410
f 12405 3814 12404
f 3814 12410 12419
f 12404 3814 12414
f 3814 12419 12411
f 12414 3814 12417
f 5395 12411 12412
f 12417 3814 12416
f 5395 12412 12418
f 12416 3814 12423
f 5395 12418 5393
f 12411 5395 3814
f 12423 3814 12424
f 12424 3814 12398
f 12398 3814 12397
f 3815 12397 3814
f 12397 3815 12402
f 12402 3815 12401
f 12401 3815 12425
f 12425 3815 12426
f 12426 3815 12394
f 12394 3815 12393
f 12393 3815 12406
f 5114 12406 3815
f 12406 5114 12407
f 12407 5114 12413
f 12413 5114 12399
f 4513 12399 5114
f 12399 4513 12400
f 2980 12400 4513
f 12400 2980 12421
f 2145 12421 2980
f 2144 12421 2145
f 12421 2144 12415
f 2986 12415 2144
f 3823 12415 2986
f 12415 3823 12387
f 1383 12387 3823
f 12387 1383 12388
f 1385 12388 1383
f 4512 12388 1385
f 1383 3823 5115
f 12388 4512 12403
f 4511 12403 4512
f 2989 12403 4511
f 12403 2989 12408
f 3822 12408 2989
f 2987 12408 3822
f 12408 2987 12427
f 3822 2989 2988
f 472 12427 2987
f 474 12427 472
f 12427 474 12428
f 1391 12428 474
f 12428 1391 12420
f 4431 12420 1391
f 4431 1391 1390
f 4433 12420 4431
f 12420 4433 12396
f 4432 12396 4433
f 2879 12396 4432
f 12396 2879 2878
f 12422 1918 12409
f 1918 12422 38
f 38 12422 41
f 41 12422 3446
f 3446 12422 2460
f 2460 12422 2461
f 2461 12422 4219
f 12425 3704 5260
f 12425 5260 375
f 12425 375 374
f 12425 374 12401
f 3704 12425 3703
f 12398 1890 12424
f 1890 12398 1891
f 12418 5405 3818
f 5405 12418 4508
f 12418 3818 3816
f 1450 4508 12418
f 12418 3816 5394
f 4508 1450 1452
f 12418 5394 5393
f 4504 1450 12418
f 1450 4504 2984
f 4504 12418 4503
f 4503 12418 3799
f 494 3799 12418
f 3799 494 495
f 494 12418 2126
f 3293 5213 3296
f 3293 2481 5213
f 3293 2482 2481
f 3293 5470 2482
f 3293 4111 5470
f 3293 4113 4111
f 12407 4113 3293
f 4113 12407 3432
f 3432 12407 2660
f 2660 12407 2663
f 2663 12407 12413
f 12417 4878 12414
f 4878 12417 3410
f 3410 12417 3413
f 3413 12417 3417
f 3417 12417 3419
f 12423 3707 12416
f 3707 12423 3708
f 3708 12423 5265
f 5265 12423 380
f 380 12423 383
f 1482 2998 2999
f 2998 1482 3830
f 3830 1482 1483
f 520 1482 2999
f 1482 520 905
f 12428 520 2999
f 520 12428 518
f 518 12428 12420
f 692 2161 693
f 12427 2161 692
f 2161 12427 2160
f 2160 12427 2999
f 2999 12427 12428
f 5124 694 2159
f 12408 694 5124
f 694 12408 692
f 692 12408 12427
f 12419 5122 12411
f 5122 12419 5123
f 5541 5123 12419
f 5123 5541 5409
f 2598 5541 12419
f 5541 2598 2600
f 2881 1472 1474
f 1472 3688 2871
f 1472 3684 3688
f 3688 3684 1386
f 1386 3684 1387
f 1472 3685 3684
f 1472 2881 3685
f 2881 1474 2882
f 12405 4219 12422
f 4219 12405 246
f 246 12405 248
f 248 12405 428
f 428 12405 1896
f 2594 4886 5269
f 4886 2594 2593
f 12421 2594 5269
f 2594 12421 4217
f 4217 12421 12415
f 1912 2539 1910
f 12394 1912 2648
f 12394 2648 1913
f 12394 1913 1885
f 12394 1885 1887
f 12394 1887 4206
f 12394 4206 12426
f 1912 12394 2539
f 12424 383 12423
f 383 12424 384
f 384 12424 1890
f 3416 4206 4205
f 12426 3416 1240
f 12426 1240 1242
f 12426 1242 3703
f 12426 3703 12425
f 3416 12426 4206
